Time,Short@,Long@,Short(%),Long(%),AbsSpread(%),GrossPnL,BorrowCost(0.0107%/h),NetPnL,ROI(%),ROI_day(%),BelowMin
2025-08-21 19:55:00,Crypto.com,CoinEx,0.0118,-0.0289,0.0407,2.04,4.28(0.0856%),-2.25,-0.2245,-0.67,False
2025-08-21 19:55:00,Bitget,CoinEx,0.005,-0.0289,0.0339,1.7,4.28(0.0856%),-2.58,-0.2585,-0.78,False
2025-08-21 19:55:00,BingX,CoinEx,0.005,-0.0289,0.0339,1.7,4.28(0.0856%),-2.58,-0.2585,-0.78,False
2025-08-21 19:55:00,KuCoin,CoinEx,0.0045,-0.0289,0.0334,1.67,4.28(0.0856%),-2.61,-0.261,-0.78,False
2025-08-21 19:55:00,Crypto.com,Bitunix,0.0118,-0.0199,0.0317,1.58,4.28(0.0856%),-2.7,-0.2695,-0.81,False
2025-08-21 12:00:00,Crypto.com,CoinEx,0.0242,-0.0271,0.0513,2.56,4.28(0.0856%),-1.72,-0.1715,-0.51,False
2025-08-21 12:00:00,Crypto.com,HTX,0.0242,-0.0059,0.0301,1.5,4.28(0.0856%),-2.78,-0.2775,-0.83,False
2025-08-21 12:00:00,Crypto.com,Bitunix,0.0242,-0.0058,0.03,1.5,4.28(0.0856%),-2.78,-0.278,-0.83,False
2025-08-21 12:00:00,Crypto.com,MEXC,0.0242,-0.0058,0.03,1.5,4.28(0.0856%),-2.78,-0.278,-0.83,False
2025-08-21 12:00:00,Crypto.com,Binance,0.0242,-0.0058,0.03,1.5,4.28(0.0856%),-2.78,-0.278,-0.83,False
2025-08-21 04:00:00,Gate,Crypto.com,0.0025,-0.0804,0.0829,4.14,4.28(0.0856%),-0.14,-0.0135,-0.04,False
2025-08-21 04:00:00,Bybit,Crypto.com,0.0025,-0.0804,0.0829,4.14,4.28(0.0856%),-0.14,-0.0135,-0.04,False
2025-08-21 04:00:00,BingX,Crypto.com,0.0025,-0.0804,0.0829,4.14,4.28(0.0856%),-0.14,-0.0135,-0.04,False
2025-08-21 04:00:00,OKX,Crypto.com,-0.001,-0.0804,0.0794,3.97,4.28(0.0856%),-0.31,-0.031,-0.09,False
2025-08-21 04:00:00,KuCoin,Crypto.com,-0.0037,-0.0804,0.0767,3.83,4.28(0.0856%),-0.45,-0.0445,-0.13,False
2025-08-20 20:00:00,Gate,Binance,-0.0013,-0.0394,0.0381,1.9,4.28(0.0856%),-2.38,-0.2375,-0.71,False
2025-08-20 20:00:00,Gate,MEXC,-0.0013,-0.0393,0.038,1.9,4.28(0.0856%),-2.38,-0.238,-0.71,False
2025-08-20 20:00:00,Gate,Bitunix,-0.0013,-0.0393,0.038,1.9,4.28(0.0856%),-2.38,-0.238,-0.71,False
2025-08-20 20:00:00,Gate,Bitget,-0.0013,-0.0315,0.0302,1.51,4.28(0.0856%),-2.77,-0.277,-0.83,False
2025-08-20 20:00:00,BingX,Binance,-0.0112,-0.0394,0.0282,1.41,4.28(0.0856%),-2.87,-0.287,-0.86,False
2025-08-20 12:00:00,Gate,CoinEx,0.0025,-0.0428,0.0453,2.27,4.28(0.0856%),-2.02,-0.2015,-0.6,False
2025-08-20 12:00:00,Bybit,CoinEx,0.0025,-0.0428,0.0453,2.27,4.28(0.0856%),-2.02,-0.2015,-0.6,False
2025-08-20 12:00:00,BingX,CoinEx,0.0025,-0.0428,0.0453,2.27,4.28(0.0856%),-2.02,-0.2015,-0.6,False
2025-08-20 12:00:00,BingX,Crypto.com,0.0025,-0.0376,0.0401,2.01,4.28(0.0856%),-2.27,-0.2275,-0.68,False
2025-08-20 12:00:00,Gate,Crypto.com,0.0025,-0.0376,0.0401,2.01,4.28(0.0856%),-2.27,-0.2275,-0.68,False
2025-08-20 04:00:00,BingX,Crypto.com,0.0025,-0.0726,0.0751,3.76,4.28(0.0856%),-0.52,-0.0525,-0.16,False
2025-08-20 04:00:00,Bybit,Crypto.com,0.0025,-0.0726,0.0751,3.76,4.28(0.0856%),-0.52,-0.0525,-0.16,False
2025-08-20 04:00:00,Gate,Crypto.com,-0.0037,-0.0726,0.0689,3.45,4.28(0.0856%),-0.83,-0.0835,-0.25,False
2025-08-20 04:00:00,Bitget,Crypto.com,-0.0093,-0.0726,0.0633,3.17,4.28(0.0856%),-1.12,-0.1115,-0.33,False
2025-08-20 04:00:00,BingX,CoinEx,0.0025,-0.0592,0.0617,3.08,4.28(0.0856%),-1.2,-0.1195,-0.36,False
2025-08-19 20:00:00,KuCoin,Crypto.com,0.0002,-0.0553,0.0555,2.78,4.28(0.0856%),-1.5,-0.1505,-0.45,False
2025-08-19 20:00:00,Gate,Crypto.com,-0.0006,-0.0553,0.0547,2.73,4.28(0.0856%),-1.55,-0.1545,-0.46,False
2025-08-19 20:00:00,BingX,Crypto.com,-0.0055,-0.0553,0.0498,2.49,4.28(0.0856%),-1.79,-0.179,-0.54,False
2025-08-19 20:00:00,HTX,Crypto.com,-0.0059,-0.0553,0.0494,2.47,4.28(0.0856%),-1.81,-0.181,-0.54,False
2025-08-19 20:00:00,Bybit,Crypto.com,-0.0063,-0.0553,0.049,2.45,4.28(0.0856%),-1.83,-0.183,-0.55,False
2025-08-19 12:00:00,Gate,Crypto.com,0.0025,-0.0967,0.0992,4.96,4.28(0.0856%),0.68,0.068,0.2,False
2025-08-19 12:00:00,Bybit,Crypto.com,0.0025,-0.0967,0.0992,4.96,4.28(0.0856%),0.68,0.068,0.2,False
2025-08-19 12:00:00,BingX,Crypto.com,0.0025,-0.0967,0.0992,4.96,4.28(0.0856%),0.68,0.068,0.2,False
2025-08-19 12:00:00,Bitget,Crypto.com,-0.0083,-0.0967,0.0884,4.42,4.28(0.0856%),0.14,0.014,0.04,False
2025-08-19 12:00:00,HTX,Crypto.com,-0.0124,-0.0967,0.0843,4.21,4.28(0.0856%),-0.07,-0.0065,-0.02,False
2025-08-19 04:00:00,KuCoin,Crypto.com,-0.0104,-0.1508,0.1404,7.02,4.28(0.0856%),2.74,0.274,0.82,False
2025-08-19 04:00:00,Gate,Crypto.com,-0.0142,-0.1508,0.1366,6.83,4.28(0.0856%),2.55,0.255,0.76,False
2025-08-19 04:00:00,Bybit,Crypto.com,-0.0271,-0.1508,0.1237,6.18,4.28(0.0856%),1.9,0.1905,0.57,False
2025-08-19 04:00:00,Bitget,Crypto.com,-0.0361,-0.1508,0.1147,5.74,4.28(0.0856%),1.46,0.1455,0.44,False
2025-08-19 04:00:00,HTX,Crypto.com,-0.0433,-0.1508,0.1075,5.37,4.28(0.0856%),1.09,0.1095,0.33,False
2025-08-18 20:00:00,BingX,OKX,-0.0147,-0.0843,0.0696,3.48,4.28(0.0856%),-0.8,-0.08,-0.24,False
2025-08-18 20:00:00,BingX,Crypto.com,-0.0147,-0.0821,0.0674,3.37,4.28(0.0856%),-0.91,-0.091,-0.27,False
2025-08-18 20:00:00,Bitget,OKX,-0.0222,-0.0843,0.0621,3.1,4.28(0.0856%),-1.18,-0.1175,-0.35,False
2025-08-18 20:00:00,BingX,CoinEx,-0.0147,-0.0767,0.062,3.1,4.28(0.0856%),-1.18,-0.118,-0.35,False
2025-08-18 20:00:00,Bitget,Crypto.com,-0.0222,-0.0821,0.0599,3.0,4.28(0.0856%),-1.28,-0.1285,-0.39,False
2025-08-18 12:00:00,Gate,Crypto.com,-0.0127,-0.4326,0.4199,20.99,4.28(0.0856%),16.71,1.6715,5.01,False
2025-08-18 12:00:00,Bybit,Crypto.com,-0.0165,-0.4326,0.4161,20.8,4.28(0.0856%),16.52,1.6525,4.96,False
2025-08-18 12:00:00,KuCoin,Crypto.com,-0.0492,-0.4326,0.3834,19.17,4.28(0.0856%),14.89,1.489,4.47,False
2025-08-18 12:00:00,OKX,Crypto.com,-0.056,-0.4326,0.3766,18.83,4.28(0.0856%),14.55,1.455,4.36,False
2025-08-18 12:00:00,Binance,Crypto.com,-0.0576,-0.4326,0.375,18.75,4.28(0.0856%),14.47,1.447,4.34,False
2025-08-18 04:00:00,Gate,Crypto.com,0.0025,-0.0633,0.0658,3.29,4.28(0.0856%),-0.99,-0.099,-0.3,False
2025-08-18 04:00:00,BingX,Crypto.com,-0.0041,-0.0633,0.0592,2.96,4.28(0.0856%),-1.32,-0.132,-0.4,False
2025-08-18 04:00:00,HTX,Crypto.com,-0.0047,-0.0633,0.0586,2.93,4.28(0.0856%),-1.35,-0.135,-0.41,False
2025-08-18 04:00:00,Bybit,Crypto.com,-0.0073,-0.0633,0.056,2.8,4.28(0.0856%),-1.48,-0.148,-0.44,False
2025-08-18 04:00:00,Gate,CoinEx,0.0025,-0.0455,0.048,2.4,4.28(0.0856%),-1.88,-0.188,-0.56,False
2025-08-17 20:00:00,Gate,Crypto.com,0.0025,-0.0552,0.0577,2.89,4.28(0.0856%),-1.4,-0.1395,-0.42,False
2025-08-17 20:00:00,Gate,CoinEx,0.0025,-0.0546,0.0571,2.85,4.28(0.0856%),-1.43,-0.1425,-0.43,False
2025-08-17 20:00:00,BingX,Crypto.com,-0.0004,-0.0552,0.0548,2.74,4.28(0.0856%),-1.54,-0.154,-0.46,False
2025-08-17 20:00:00,HTX,Crypto.com,-0.0006,-0.0552,0.0546,2.73,4.28(0.0856%),-1.55,-0.155,-0.47,False
2025-08-17 20:00:00,Bitget,Crypto.com,-0.001,-0.0552,0.0542,2.71,4.28(0.0856%),-1.57,-0.157,-0.47,False
2025-08-17 12:00:00,Bitget,Crypto.com,0.005,-0.0503,0.0553,2.77,4.28(0.0856%),-1.52,-0.1515,-0.45,False
2025-08-17 12:00:00,BingX,Crypto.com,0.005,-0.0503,0.0553,2.77,4.28(0.0856%),-1.52,-0.1515,-0.45,False
2025-08-17 12:00:00,Bybit,Crypto.com,0.0025,-0.0503,0.0528,2.64,4.28(0.0856%),-1.64,-0.164,-0.49,False
2025-08-17 12:00:00,Gate,Crypto.com,0.0025,-0.0503,0.0528,2.64,4.28(0.0856%),-1.64,-0.164,-0.49,False
2025-08-17 12:00:00,BingX,HTX,0.005,-0.0431,0.0481,2.4,4.28(0.0856%),-1.88,-0.1875,-0.56,False
2025-08-17 04:00:00,Crypto.com,Binance,0.0154,-0.076,0.0914,4.57,4.28(0.0856%),0.29,0.029,0.09,False
2025-08-17 04:00:00,Crypto.com,MEXC,0.0154,-0.0755,0.0909,4.54,4.28(0.0856%),0.26,0.0265,0.08,False
2025-08-17 04:00:00,Crypto.com,Bitunix,0.0154,-0.0748,0.0902,4.51,4.28(0.0856%),0.23,0.023,0.07,False
2025-08-17 04:00:00,Crypto.com,OKX,0.0154,-0.0653,0.0807,4.04,4.28(0.0856%),-0.25,-0.0245,-0.07,False
2025-08-17 04:00:00,BingX,Binance,-0.0184,-0.076,0.0576,2.88,4.28(0.0856%),-1.4,-0.14,-0.42,False
2025-08-16 20:00:00,Crypto.com,CoinEx,0.023,-0.0486,0.0716,3.58,4.28(0.0856%),-0.7,-0.07,-0.21,False
2025-08-16 20:00:00,Crypto.com,Binance,0.023,-0.0473,0.0703,3.52,4.28(0.0856%),-0.77,-0.0765,-0.23,False
2025-08-16 20:00:00,Crypto.com,MEXC,0.023,-0.0471,0.0701,3.5,4.28(0.0856%),-0.78,-0.0775,-0.23,False
2025-08-16 20:00:00,Crypto.com,Bitunix,0.023,-0.0471,0.0701,3.5,4.28(0.0856%),-0.78,-0.0775,-0.23,False
2025-08-16 20:00:00,Crypto.com,OKX,0.023,-0.0363,0.0593,2.96,4.28(0.0856%),-1.32,-0.1315,-0.39,False
2025-08-16 12:00:00,Crypto.com,Binance,0.0096,-0.0597,0.0693,3.47,4.28(0.0856%),-0.81,-0.0815,-0.24,False
2025-08-16 12:00:00,Crypto.com,MEXC,0.0096,-0.0596,0.0692,3.46,4.28(0.0856%),-0.82,-0.082,-0.25,False
2025-08-16 12:00:00,Crypto.com,Bitunix,0.0096,-0.0595,0.0691,3.46,4.28(0.0856%),-0.83,-0.0825,-0.25,False
2025-08-16 12:00:00,Crypto.com,OKX,0.0096,-0.0546,0.0642,3.21,4.28(0.0856%),-1.07,-0.107,-0.32,False
2025-08-16 12:00:00,HTX,Binance,0.0037,-0.0597,0.0634,3.17,4.28(0.0856%),-1.11,-0.111,-0.33,False
2025-08-16 04:00:00,Gate,Crypto.com,-0.0112,-0.0682,0.057,2.85,4.28(0.0856%),-1.43,-0.143,-0.43,False
2025-08-16 04:00:00,BingX,Crypto.com,-0.0132,-0.0682,0.055,2.75,4.28(0.0856%),-1.53,-0.153,-0.46,False
2025-08-16 04:00:00,Bybit,Crypto.com,-0.0186,-0.0682,0.0496,2.48,4.28(0.0856%),-1.8,-0.18,-0.54,False
2025-08-16 04:00:00,Bitget,Crypto.com,-0.0254,-0.0682,0.0428,2.14,4.28(0.0856%),-2.14,-0.214,-0.64,False
2025-08-16 04:00:00,Gate,OKX,-0.0112,-0.0518,0.0406,2.03,4.28(0.0856%),-2.25,-0.225,-0.68,False
2025-08-15 20:00:00,Bitget,Crypto.com,0.005,-0.1694,0.1744,8.72,4.28(0.0856%),4.44,0.444,1.33,False
2025-08-15 20:00:00,Bybit,Crypto.com,0.0025,-0.1694,0.1719,8.6,4.28(0.0856%),4.32,0.4315,1.29,False
2025-08-15 20:00:00,Gate,Crypto.com,0.0025,-0.1694,0.1719,8.6,4.28(0.0856%),4.32,0.4315,1.29,False
2025-08-15 20:00:00,HTX,Crypto.com,-0.0286,-0.1694,0.1408,7.04,4.28(0.0856%),2.76,0.276,0.83,False
2025-08-15 20:00:00,CoinEx,Crypto.com,-0.038,-0.1694,0.1314,6.57,4.28(0.0856%),2.29,0.229,0.69,False
2025-08-15 12:00:00,Gate,Crypto.com,0.0025,-0.4009,0.4034,20.17,4.28(0.0856%),15.89,1.589,4.77,False
2025-08-15 12:00:00,Bybit,Crypto.com,-0.0027,-0.4009,0.3982,19.91,4.28(0.0856%),15.63,1.563,4.69,False
2025-08-15 12:00:00,OKX,Crypto.com,-0.0075,-0.4009,0.3934,19.67,4.28(0.0856%),15.39,1.539,4.62,False
2025-08-15 12:00:00,Bitunix,Crypto.com,-0.019,-0.4009,0.3819,19.09,4.28(0.0856%),14.81,1.4815,4.44,False
2025-08-15 12:00:00,MEXC,Crypto.com,-0.019,-0.4009,0.3819,19.09,4.28(0.0856%),14.81,1.4815,4.44,False
2025-08-15 04:00:00,Bitget,Crypto.com,0.005,-0.1086,0.1136,5.68,4.28(0.0856%),1.4,0.14,0.42,False
2025-08-15 04:00:00,BingX,Crypto.com,0.005,-0.1086,0.1136,5.68,4.28(0.0856%),1.4,0.14,0.42,False
2025-08-15 04:00:00,Bybit,Crypto.com,0.0025,-0.1086,0.1111,5.55,4.28(0.0856%),1.27,0.1275,0.38,False
2025-08-15 04:00:00,HTX,Crypto.com,-0.0052,-0.1086,0.1034,5.17,4.28(0.0856%),0.89,0.089,0.27,False
2025-08-15 04:00:00,Binance,Crypto.com,-0.0084,-0.1086,0.1002,5.01,4.28(0.0856%),0.73,0.073,0.22,False
2025-08-14 20:00:00,BingX,Crypto.com,0.0048,-0.0584,0.0632,3.16,4.28(0.0856%),-1.12,-0.112,-0.34,False
2025-08-14 20:00:00,Bitget,Crypto.com,0.0047,-0.0584,0.0631,3.16,4.28(0.0856%),-1.12,-0.1125,-0.34,False
2025-08-14 20:00:00,HTX,Crypto.com,0.0037,-0.0584,0.0621,3.1,4.28(0.0856%),-1.18,-0.1175,-0.35,False
2025-08-14 20:00:00,Gate,Crypto.com,0.0025,-0.0584,0.0609,3.05,4.28(0.0856%),-1.23,-0.1235,-0.37,False
2025-08-14 20:00:00,BingX,CoinEx,0.0048,-0.0551,0.0599,3.0,4.28(0.0856%),-1.29,-0.1285,-0.39,False
2025-08-14 12:00:00,Crypto.com,CoinEx,0.0271,-0.1217,0.1488,7.44,4.28(0.0856%),3.16,0.316,0.95,False
2025-08-14 12:00:00,Bitget,CoinEx,0.005,-0.1217,0.1267,6.34,4.28(0.0856%),2.06,0.2055,0.62,False
2025-08-14 12:00:00,BingX,CoinEx,0.005,-0.1217,0.1267,6.34,4.28(0.0856%),2.06,0.2055,0.62,False
2025-08-14 12:00:00,HTX,CoinEx,0.0026,-0.1217,0.1243,6.22,4.28(0.0856%),1.94,0.1935,0.58,False
2025-08-14 12:00:00,Gate,CoinEx,0.0025,-0.1217,0.1242,6.21,4.28(0.0856%),1.93,0.193,0.58,False
2025-08-14 04:00:00,Crypto.com,KuCoin,0.0662,-0.0499,0.1161,5.8,4.28(0.0856%),1.52,0.1525,0.46,False
2025-08-14 04:00:00,Crypto.com,Bitunix,0.0662,-0.0405,0.1067,5.33,4.28(0.0856%),1.05,0.1055,0.32,False
2025-08-14 04:00:00,Crypto.com,MEXC,0.0662,-0.0394,0.1056,5.28,4.28(0.0856%),1.0,0.1,0.3,False
2025-08-14 04:00:00,Crypto.com,Binance,0.0662,-0.0385,0.1047,5.23,4.28(0.0856%),0.95,0.0955,0.29,False
2025-08-14 04:00:00,Crypto.com,CoinEx,0.0662,-0.0269,0.0931,4.65,4.28(0.0856%),0.37,0.0375,0.11,False
2025-08-13 20:00:00,Bitget,CoinEx,0.005,-0.0374,0.0424,2.12,4.28(0.0856%),-2.16,-0.216,-0.65,False
2025-08-13 20:00:00,OKX,CoinEx,0.005,-0.0374,0.0424,2.12,4.28(0.0856%),-2.16,-0.216,-0.65,False
2025-08-13 20:00:00,BingX,CoinEx,0.005,-0.0374,0.0424,2.12,4.28(0.0856%),-2.16,-0.216,-0.65,False
2025-08-13 20:00:00,BingX,Crypto.com,0.005,-0.0363,0.0413,2.06,4.28(0.0856%),-2.22,-0.2215,-0.66,False
2025-08-13 20:00:00,Bitget,Crypto.com,0.005,-0.0363,0.0413,2.06,4.28(0.0856%),-2.22,-0.2215,-0.66,False
2025-08-13 12:00:00,HTX,KuCoin,0.005,-0.0329,0.0379,1.89,4.28(0.0856%),-2.39,-0.2385,-0.72,False
2025-08-13 12:00:00,OKX,KuCoin,0.005,-0.0329,0.0379,1.89,4.28(0.0856%),-2.39,-0.2385,-0.72,False
2025-08-13 12:00:00,Bitget,KuCoin,0.005,-0.0329,0.0379,1.89,4.28(0.0856%),-2.39,-0.2385,-0.72,False
2025-08-13 12:00:00,Bitget,CoinEx,0.005,-0.0311,0.0361,1.8,4.28(0.0856%),-2.48,-0.2475,-0.74,False
2025-08-13 12:00:00,HTX,CoinEx,0.005,-0.0311,0.0361,1.8,4.28(0.0856%),-2.48,-0.2475,-0.74,False
2025-08-13 04:00:00,Gate,OKX,-0.0047,-0.0315,0.0268,1.34,4.28(0.0856%),-2.94,-0.294,-0.88,False
2025-08-13 04:00:00,Gate,CoinEx,-0.0047,-0.0301,0.0254,1.27,4.28(0.0856%),-3.01,-0.301,-0.9,False
2025-08-13 04:00:00,Gate,HTX,-0.0047,-0.03,0.0253,1.26,4.28(0.0856%),-3.02,-0.3015,-0.9,False
2025-08-13 04:00:00,BingX,OKX,-0.007,-0.0315,0.0245,1.22,4.28(0.0856%),-3.06,-0.3055,-0.92,False
2025-08-13 04:00:00,BingX,CoinEx,-0.007,-0.0301,0.0231,1.15,4.28(0.0856%),-3.13,-0.3125,-0.94,False
2025-08-12 20:00:00,Bitget,HTX,0.005,-0.034,0.039,1.95,4.28(0.0856%),-2.33,-0.233,-0.7,False
2025-08-12 20:00:00,BingX,HTX,0.005,-0.034,0.039,1.95,4.28(0.0856%),-2.33,-0.233,-0.7,False
2025-08-12 20:00:00,Bybit,HTX,0.0025,-0.034,0.0365,1.83,4.28(0.0856%),-2.46,-0.2455,-0.74,False
2025-08-12 20:00:00,Gate,HTX,0.0025,-0.034,0.0365,1.83,4.28(0.0856%),-2.46,-0.2455,-0.74,False
2025-08-12 20:00:00,CoinEx,HTX,0.0,-0.034,0.034,1.7,4.28(0.0856%),-2.58,-0.258,-0.77,False
2025-08-12 12:00:00,BingX,Crypto.com,0.0025,-0.3337,0.3362,16.81,4.28(0.0856%),12.53,1.253,3.76,False
2025-08-12 12:00:00,Bybit,Crypto.com,0.0025,-0.3337,0.3362,16.81,4.28(0.0856%),12.53,1.253,3.76,False
2025-08-12 12:00:00,Gate,Crypto.com,-0.005,-0.3337,0.3287,16.43,4.28(0.0856%),12.15,1.2155,3.65,False
2025-08-12 12:00:00,Bitget,Crypto.com,-0.0198,-0.3337,0.3139,15.7,4.28(0.0856%),11.42,1.1415,3.42,False
2025-08-12 12:00:00,MEXC,Crypto.com,-0.0439,-0.3337,0.2898,14.49,4.28(0.0856%),10.21,1.021,3.06,False
2025-08-12 04:00:00,BingX,Bybit,-0.0146,-0.0882,0.0736,3.68,4.28(0.0856%),-0.6,-0.06,-0.18,False
2025-08-12 04:00:00,CoinEx,Bybit,-0.0153,-0.0882,0.0729,3.65,4.28(0.0856%),-0.64,-0.0635,-0.19,False
2025-08-12 04:00:00,HTX,Bybit,-0.0239,-0.0882,0.0643,3.21,4.28(0.0856%),-1.07,-0.1065,-0.32,False
2025-08-12 04:00:00,Gate,Bybit,-0.0257,-0.0882,0.0625,3.12,4.28(0.0856%),-1.16,-0.1155,-0.35,False
2025-08-12 04:00:00,Bitget,Bybit,-0.0395,-0.0882,0.0487,2.44,4.28(0.0856%),-1.85,-0.1845,-0.55,False
2025-08-11 20:00:00,HTX,KuCoin,0.0029,-0.0268,0.0297,1.49,4.28(0.0856%),-2.79,-0.2795,-0.84,False
2025-08-11 20:00:00,HTX,Crypto.com,0.0029,-0.024,0.0269,1.34,4.28(0.0856%),-2.94,-0.2935,-0.88,False
2025-08-11 20:00:00,Gate,KuCoin,0.0001,-0.0268,0.0269,1.34,4.28(0.0856%),-2.94,-0.2935,-0.88,False
2025-08-11 20:00:00,CoinEx,KuCoin,0.0,-0.0268,0.0268,1.34,4.28(0.0856%),-2.94,-0.294,-0.88,False
2025-08-11 20:00:00,Gate,Crypto.com,0.0001,-0.024,0.0241,1.21,4.28(0.0856%),-3.08,-0.3075,-0.92,False
2025-08-11 12:00:00,BingX,Crypto.com,0.005,-0.0639,0.0689,3.45,4.28(0.0856%),-0.83,-0.0835,-0.25,False
2025-08-11 12:00:00,Bitget,Crypto.com,0.005,-0.0639,0.0689,3.45,4.28(0.0856%),-0.83,-0.0835,-0.25,False
2025-08-11 12:00:00,HTX,Crypto.com,0.005,-0.0639,0.0689,3.45,4.28(0.0856%),-0.83,-0.0835,-0.25,False
2025-08-11 12:00:00,CoinEx,Crypto.com,0.0,-0.0639,0.0639,3.2,4.28(0.0856%),-1.08,-0.1085,-0.33,False
2025-08-11 12:00:00,Bybit,Crypto.com,-0.0033,-0.0639,0.0606,3.03,4.28(0.0856%),-1.25,-0.125,-0.38,False
2025-08-11 04:00:00,BingX,Crypto.com,0.005,-0.0625,0.0675,3.38,4.28(0.0856%),-0.91,-0.0905,-0.27,False
2025-08-11 04:00:00,OKX,Crypto.com,0.005,-0.0625,0.0675,3.38,4.28(0.0856%),-0.91,-0.0905,-0.27,False
2025-08-11 04:00:00,Bitget,Crypto.com,0.005,-0.0625,0.0675,3.38,4.28(0.0856%),-0.91,-0.0905,-0.27,False
2025-08-11 04:00:00,HTX,Crypto.com,0.005,-0.0625,0.0675,3.38,4.28(0.0856%),-0.91,-0.0905,-0.27,False
2025-08-11 04:00:00,Gate,Crypto.com,0.0025,-0.0625,0.065,3.25,4.28(0.0856%),-1.03,-0.103,-0.31,False
2025-08-10 20:00:00,KuCoin,Crypto.com,0.0158,-0.0478,0.0636,3.18,4.28(0.0856%),-1.1,-0.11,-0.33,False
2025-08-10 20:00:00,Binance,Crypto.com,0.005,-0.0478,0.0528,2.64,4.28(0.0856%),-1.64,-0.164,-0.49,False
2025-08-10 20:00:00,Bitget,Crypto.com,0.005,-0.0478,0.0528,2.64,4.28(0.0856%),-1.64,-0.164,-0.49,False
2025-08-10 20:00:00,BingX,Crypto.com,0.005,-0.0478,0.0528,2.64,4.28(0.0856%),-1.64,-0.164,-0.49,False
2025-08-10 20:00:00,MEXC,Crypto.com,0.005,-0.0478,0.0528,2.64,4.28(0.0856%),-1.64,-0.164,-0.49,False
2025-08-10 12:00:00,BingX,Crypto.com,0.005,-0.084,0.089,4.45,4.28(0.0856%),0.17,0.017,0.05,False
2025-08-10 12:00:00,OKX,Crypto.com,0.005,-0.084,0.089,4.45,4.28(0.0856%),0.17,0.017,0.05,False
2025-08-10 12:00:00,Bitget,Crypto.com,0.005,-0.084,0.089,4.45,4.28(0.0856%),0.17,0.017,0.05,False
2025-08-10 12:00:00,HTX,Crypto.com,0.005,-0.084,0.089,4.45,4.28(0.0856%),0.17,0.017,0.05,False
2025-08-10 12:00:00,MEXC,Crypto.com,0.003,-0.084,0.087,4.35,4.28(0.0856%),0.07,0.007,0.02,False
2025-08-10 04:00:00,Crypto.com,KuCoin,0.066,-0.0075,0.0735,3.68,4.28(0.0856%),-0.6,-0.0605,-0.18,False
2025-08-10 04:00:00,Crypto.com,Binance,0.066,-0.0015,0.0675,3.38,4.28(0.0856%),-0.91,-0.0905,-0.27,False
2025-08-10 04:00:00,Crypto.com,MEXC,0.066,-0.0015,0.0675,3.38,4.28(0.0856%),-0.91,-0.0905,-0.27,False
2025-08-10 04:00:00,Crypto.com,Bitunix,0.066,-0.0015,0.0675,3.38,4.28(0.0856%),-0.91,-0.0905,-0.27,False
2025-08-10 04:00:00,Crypto.com,CoinEx,0.066,0.0,0.066,3.3,4.28(0.0856%),-0.98,-0.098,-0.29,False
2025-08-09 20:00:00,BingX,Crypto.com,0.005,-0.118,0.123,6.15,4.28(0.0856%),1.87,0.187,0.56,False
2025-08-09 20:00:00,OKX,Crypto.com,0.005,-0.118,0.123,6.15,4.28(0.0856%),1.87,0.187,0.56,False
2025-08-09 20:00:00,Bitget,Crypto.com,0.005,-0.118,0.123,6.15,4.28(0.0856%),1.87,0.187,0.56,False
2025-08-09 20:00:00,HTX,Crypto.com,0.005,-0.118,0.123,6.15,4.28(0.0856%),1.87,0.187,0.56,False
2025-08-09 20:00:00,Gate,Crypto.com,0.0025,-0.118,0.1205,6.02,4.28(0.0856%),1.74,0.1745,0.52,False
2025-08-09 12:00:00,Gate,Crypto.com,0.0025,-0.1479,0.1504,7.52,4.28(0.0856%),3.24,0.324,0.97,False
2025-08-09 12:00:00,Bybit,Crypto.com,0.0025,-0.1479,0.1504,7.52,4.28(0.0856%),3.24,0.324,0.97,False
2025-08-09 12:00:00,BingX,Crypto.com,0.0025,-0.1479,0.1504,7.52,4.28(0.0856%),3.24,0.324,0.97,False
2025-08-09 12:00:00,KuCoin,Crypto.com,-0.0095,-0.1479,0.1384,6.92,4.28(0.0856%),2.64,0.264,0.79,False
2025-08-09 12:00:00,Bitget,Crypto.com,-0.0294,-0.1479,0.1185,5.93,4.28(0.0856%),1.65,0.1645,0.49,False
2025-08-09 04:00:00,Crypto.com,OKX,0.1633,-0.1743,0.3376,16.88,4.28(0.0856%),12.6,1.26,3.78,False
2025-08-09 04:00:00,Crypto.com,MEXC,0.1633,-0.1723,0.3356,16.78,4.28(0.0856%),12.5,1.25,3.75,False
2025-08-09 04:00:00,Crypto.com,Bitunix,0.1633,-0.1723,0.3356,16.78,4.28(0.0856%),12.5,1.25,3.75,False
2025-08-09 04:00:00,Crypto.com,Binance,0.1633,-0.1685,0.3318,16.59,4.28(0.0856%),12.31,1.231,3.69,False
2025-08-09 04:00:00,Crypto.com,KuCoin,0.1633,-0.159,0.3223,16.12,4.28(0.0856%),11.84,1.1835,3.55,False
2025-08-08 20:00:00,Crypto.com,BingX,0.06,-0.0086,0.0686,3.43,4.28(0.0856%),-0.85,-0.085,-0.26,False
2025-08-08 20:00:00,Crypto.com,MEXC,0.06,-0.0085,0.0685,3.43,4.28(0.0856%),-0.85,-0.0855,-0.26,False
2025-08-08 20:00:00,Crypto.com,Bitunix,0.06,-0.0085,0.0685,3.43,4.28(0.0856%),-0.85,-0.0855,-0.26,False
2025-08-08 20:00:00,Crypto.com,Binance,0.06,-0.0071,0.0671,3.35,4.28(0.0856%),-0.93,-0.0925,-0.28,False
2025-08-08 20:00:00,Crypto.com,CoinEx,0.06,0.0,0.06,3.0,4.28(0.0856%),-1.28,-0.128,-0.38,False
2025-08-08 12:00:00,HTX,Crypto.com,0.005,-0.1848,0.1898,9.49,4.28(0.0856%),5.21,0.521,1.56,False
2025-08-08 12:00:00,Bitget,Crypto.com,0.005,-0.1848,0.1898,9.49,4.28(0.0856%),5.21,0.521,1.56,False
2025-08-08 12:00:00,Gate,Crypto.com,0.0025,-0.1848,0.1873,9.37,4.28(0.0856%),5.08,0.5085,1.53,False
2025-08-08 12:00:00,Bybit,Crypto.com,-0.0131,-0.1848,0.1717,8.59,4.28(0.0856%),4.31,0.4305,1.29,False
2025-08-08 12:00:00,OKX,Crypto.com,-0.0208,-0.1848,0.164,8.2,4.28(0.0856%),3.92,0.392,1.18,False
2025-08-08 04:00:00,HTX,Crypto.com,0.005,-0.0283,0.0333,1.66,4.28(0.0856%),-2.62,-0.2615,-0.78,False
2025-08-08 04:00:00,Bitget,Crypto.com,0.005,-0.0283,0.0333,1.66,4.28(0.0856%),-2.62,-0.2615,-0.78,False
2025-08-08 04:00:00,Bitunix,Crypto.com,0.0031,-0.0283,0.0314,1.57,4.28(0.0856%),-2.71,-0.271,-0.81,False
2025-08-08 04:00:00,MEXC,Crypto.com,0.0031,-0.0283,0.0314,1.57,4.28(0.0856%),-2.71,-0.271,-0.81,False
2025-08-08 04:00:00,Bybit,Crypto.com,0.0025,-0.0283,0.0308,1.54,4.28(0.0856%),-2.74,-0.274,-0.82,False
2025-08-07 20:00:00,OKX,Crypto.com,0.005,-0.0379,0.0429,2.15,4.28(0.0856%),-2.14,-0.2135,-0.64,False
2025-08-07 20:00:00,Binance,Crypto.com,0.005,-0.0379,0.0429,2.15,4.28(0.0856%),-2.14,-0.2135,-0.64,False
2025-08-07 20:00:00,Bitunix,Crypto.com,0.005,-0.0379,0.0429,2.15,4.28(0.0856%),-2.14,-0.2135,-0.64,False
2025-08-07 20:00:00,MEXC,Crypto.com,0.005,-0.0379,0.0429,2.15,4.28(0.0856%),-2.14,-0.2135,-0.64,False
2025-08-07 20:00:00,Bitget,Crypto.com,0.005,-0.0379,0.0429,2.15,4.28(0.0856%),-2.14,-0.2135,-0.64,False
2025-08-07 12:00:00,CoinEx,Crypto.com,0.0214,-0.0275,0.0489,2.44,4.28(0.0856%),-1.84,-0.1835,-0.55,False
2025-08-07 12:00:00,OKX,Crypto.com,0.005,-0.0275,0.0325,1.62,4.28(0.0856%),-2.66,-0.2655,-0.8,False
2025-08-07 12:00:00,HTX,Crypto.com,0.005,-0.0275,0.0325,1.62,4.28(0.0856%),-2.66,-0.2655,-0.8,False
2025-08-07 12:00:00,Bitget,Crypto.com,0.005,-0.0275,0.0325,1.62,4.28(0.0856%),-2.66,-0.2655,-0.8,False
2025-08-07 12:00:00,Gate,Crypto.com,0.0025,-0.0275,0.03,1.5,4.28(0.0856%),-2.78,-0.278,-0.83,False
2025-08-06 12:00:00,Crypto.com,BingX,0.1391,-0.0061,0.1452,7.26,4.28(0.0856%),2.98,0.298,0.89,False
2025-08-06 12:00:00,Crypto.com,OKX,0.1391,-0.0051,0.1442,7.21,4.28(0.0856%),2.93,0.293,0.88,False
2025-08-06 12:00:00,Crypto.com,KuCoin,0.1391,-0.0029,0.142,7.1,4.28(0.0856%),2.82,0.282,0.85,False
2025-08-06 12:00:00,Crypto.com,CoinEx,0.1391,0.0,0.1391,6.96,4.28(0.0856%),2.67,0.2675,0.8,False
2025-08-06 12:00:00,Crypto.com,MEXC,0.1391,0.0019,0.1372,6.86,4.28(0.0856%),2.58,0.258,0.77,False
2025-08-06 04:00:00,Crypto.com,CoinEx,0.0567,0.0,0.0567,2.83,4.28(0.0856%),-1.45,-0.1445,-0.43,False
2025-08-06 04:00:00,Crypto.com,BingX,0.0567,0.0013,0.0554,2.77,4.28(0.0856%),-1.51,-0.151,-0.45,False
2025-08-06 04:00:00,Crypto.com,Gate,0.0567,0.0025,0.0542,2.71,4.28(0.0856%),-1.57,-0.157,-0.47,False
2025-08-06 04:00:00,Crypto.com,HTX,0.0567,0.0025,0.0542,2.71,4.28(0.0856%),-1.57,-0.157,-0.47,False
2025-08-06 04:00:00,Crypto.com,Bybit,0.0567,0.0025,0.0542,2.71,4.28(0.0856%),-1.57,-0.157,-0.47,False
2025-08-05 20:00:00,Crypto.com,BingX,0.0518,0.0013,0.0505,2.52,4.28(0.0856%),-1.76,-0.1755,-0.53,False
2025-08-05 20:00:00,Crypto.com,CoinEx,0.0518,0.0018,0.05,2.5,4.28(0.0856%),-1.78,-0.178,-0.53,False
2025-08-05 20:00:00,Crypto.com,Gate,0.0518,0.0025,0.0493,2.46,4.28(0.0856%),-1.82,-0.1815,-0.54,False
2025-08-05 20:00:00,Crypto.com,HTX,0.0518,0.0025,0.0493,2.46,4.28(0.0856%),-1.82,-0.1815,-0.54,False
2025-08-05 20:00:00,Crypto.com,Bybit,0.0518,0.0025,0.0493,2.46,4.28(0.0856%),-1.82,-0.1815,-0.54,False
2025-08-05 12:00:00,KuCoin,BingX,0.007,-0.0131,0.0201,1.01,4.28(0.0856%),-3.28,-0.3275,-0.98,False
2025-08-05 04:00:00,Crypto.com,Bitget,0.0342,-0.0385,0.0727,3.63,4.28(0.0856%),-0.65,-0.0645,-0.19,False
2025-08-05 04:00:00,Crypto.com,CoinEx,0.0342,-0.0375,0.0717,3.58,4.28(0.0856%),-0.7,-0.0695,-0.21,False
2025-08-05 04:00:00,Crypto.com,BingX,0.0342,-0.0368,0.071,3.55,4.28(0.0856%),-0.73,-0.073,-0.22,False
2025-08-05 04:00:00,Crypto.com,Bitunix,0.0342,-0.0211,0.0553,2.77,4.28(0.0856%),-1.52,-0.1515,-0.45,False
2025-08-05 04:00:00,Crypto.com,MEXC,0.0342,-0.0211,0.0553,2.77,4.28(0.0856%),-1.52,-0.1515,-0.45,False
2025-08-04 20:00:00,Crypto.com,CoinEx,0.0444,-0.0739,0.1183,5.91,4.28(0.0856%),1.63,0.1635,0.49,False
2025-08-04 20:00:00,KuCoin,CoinEx,0.0069,-0.0739,0.0808,4.04,4.28(0.0856%),-0.24,-0.024,-0.07,False
2025-08-04 20:00:00,OKX,CoinEx,0.005,-0.0739,0.0789,3.94,4.28(0.0856%),-0.34,-0.0335,-0.1,False
2025-08-04 20:00:00,Bitunix,CoinEx,0.0041,-0.0739,0.078,3.9,4.28(0.0856%),-0.38,-0.038,-0.11,False
2025-08-04 20:00:00,MEXC,CoinEx,0.0039,-0.0739,0.0778,3.89,4.28(0.0856%),-0.39,-0.039,-0.12,False
2025-08-04 12:00:00,Crypto.com,CoinEx,0.0095,-0.103,0.1125,5.62,4.28(0.0856%),1.34,0.1345,0.4,False
2025-08-04 12:00:00,OKX,CoinEx,-0.0032,-0.103,0.0998,4.99,4.28(0.0856%),0.71,0.071,0.21,False
2025-08-04 12:00:00,Bybit,CoinEx,-0.0104,-0.103,0.0926,4.63,4.28(0.0856%),0.35,0.035,0.1,False
2025-08-04 12:00:00,Gate,CoinEx,-0.0186,-0.103,0.0844,4.22,4.28(0.0856%),-0.06,-0.006,-0.02,False
2025-08-04 12:00:00,MEXC,CoinEx,-0.0233,-0.103,0.0797,3.98,4.28(0.0856%),-0.3,-0.0295,-0.09,False
2025-08-04 04:00:00,Bybit,Crypto.com,0.0025,-0.105,0.1075,5.38,4.28(0.0856%),1.09,0.1095,0.33,False
2025-08-04 04:00:00,Gate,Crypto.com,-0.0064,-0.105,0.0986,4.93,4.28(0.0856%),0.65,0.065,0.19,False
2025-08-04 04:00:00,KuCoin,Crypto.com,-0.0148,-0.105,0.0902,4.51,4.28(0.0856%),0.23,0.023,0.07,False
2025-08-04 04:00:00,Bybit,CoinEx,0.0025,-0.0872,0.0897,4.49,4.28(0.0856%),0.21,0.0205,0.06,False
2025-08-04 04:00:00,Bitget,Crypto.com,-0.0176,-0.105,0.0874,4.37,4.28(0.0856%),0.09,0.009,0.03,False
2025-08-03 20:00:00,Bybit,Crypto.com,-0.0049,-0.2605,0.2556,12.78,4.28(0.0856%),8.5,0.85,2.55,False
2025-08-03 20:00:00,Gate,Crypto.com,-0.0216,-0.2605,0.2389,11.95,4.28(0.0856%),7.67,0.7665,2.3,False
2025-08-03 20:00:00,Bitget,Crypto.com,-0.0219,-0.2605,0.2386,11.93,4.28(0.0856%),7.65,0.765,2.29,False
2025-08-03 20:00:00,Binance,Crypto.com,-0.0227,-0.2605,0.2378,11.89,4.28(0.0856%),7.61,0.761,2.28,False
2025-08-03 20:00:00,Bitunix,Crypto.com,-0.0235,-0.2605,0.237,11.85,4.28(0.0856%),7.57,0.757,2.27,False
2025-08-03 12:00:00,BingX,CoinEx,-0.0256,-0.1497,0.1241,6.2,4.28(0.0856%),1.92,0.1925,0.58,False
2025-08-03 12:00:00,KuCoin,CoinEx,-0.0268,-0.1497,0.1229,6.15,4.28(0.0856%),1.87,0.1865,0.56,False
2025-08-03 12:00:00,Gate,CoinEx,-0.027,-0.1497,0.1227,6.13,4.28(0.0856%),1.85,0.1855,0.56,False
2025-08-03 12:00:00,BingX,Crypto.com,-0.0256,-0.1365,0.1109,5.55,4.28(0.0856%),1.27,0.1265,0.38,False
2025-08-03 12:00:00,KuCoin,Crypto.com,-0.0268,-0.1365,0.1097,5.49,4.28(0.0856%),1.21,0.1205,0.36,False
2025-08-03 04:00:00,BingX,Crypto.com,0.0025,-0.1698,0.1723,8.62,4.28(0.0856%),4.33,0.4335,1.3,False
2025-08-03 04:00:00,Bybit,Crypto.com,0.0025,-0.1698,0.1723,8.62,4.28(0.0856%),4.33,0.4335,1.3,False
2025-08-03 04:00:00,BingX,CoinEx,0.0025,-0.1693,0.1718,8.59,4.28(0.0856%),4.31,0.431,1.29,False
2025-08-03 04:00:00,Bybit,CoinEx,0.0025,-0.1693,0.1718,8.59,4.28(0.0856%),4.31,0.431,1.29,False
2025-08-03 04:00:00,KuCoin,Crypto.com,-0.0244,-0.1698,0.1454,7.27,4.28(0.0856%),2.99,0.299,0.9,False
2025-08-02 20:00:00,Gate,Crypto.com,-0.043,-0.3554,0.3124,15.62,4.28(0.0856%),11.34,1.134,3.4,False
2025-08-02 20:00:00,HTX,Crypto.com,-0.0548,-0.3554,0.3006,15.03,4.28(0.0856%),10.75,1.075,3.22,False
2025-08-02 20:00:00,Bybit,Crypto.com,-0.0563,-0.3554,0.2991,14.95,4.28(0.0856%),10.67,1.0675,3.2,False
2025-08-02 20:00:00,OKX,Crypto.com,-0.1003,-0.3554,0.2551,12.75,4.28(0.0856%),8.47,0.8475,2.54,False
2025-08-02 20:00:00,KuCoin,Crypto.com,-0.103,-0.3554,0.2524,12.62,4.28(0.0856%),8.34,0.834,2.5,False
2025-08-02 12:00:00,HTX,Crypto.com,-0.0995,-2.4259,2.3264,116.32,4.28(0.0856%),112.04,11.204,33.61,False
2025-08-02 12:00:00,Bybit,Crypto.com,-0.1462,-2.4259,2.2797,113.98,4.28(0.0856%),109.7,10.9705,32.91,False
2025-08-02 12:00:00,Gate,Crypto.com,-0.2028,-2.4259,2.2231,111.16,4.28(0.0856%),106.88,10.6875,32.06,False
2025-08-02 12:00:00,MEXC,Crypto.com,-0.207,-2.4259,2.2189,110.95,4.28(0.0856%),106.67,10.6665,32.0,False
2025-08-02 12:00:00,KuCoin,Crypto.com,-0.2586,-2.4259,2.1673,108.37,4.28(0.0856%),104.09,10.4085,31.23,False
2025-08-02 04:00:00,HTX,Crypto.com,-0.1536,-1.011,0.8574,42.87,4.28(0.0856%),38.59,3.859,11.58,False
2025-08-02 04:00:00,Bybit,Crypto.com,-0.19,-1.011,0.821,41.05,4.28(0.0856%),36.77,3.677,11.03,False
2025-08-02 04:00:00,Gate,Crypto.com,-0.1995,-1.011,0.8115,40.57,4.28(0.0856%),36.29,3.6295,10.89,False
2025-08-02 04:00:00,KuCoin,Crypto.com,-0.2748,-1.011,0.7362,36.81,4.28(0.0856%),32.53,3.253,9.76,False
2025-08-02 04:00:00,Bitget,Crypto.com,-0.3713,-1.011,0.6397,31.98,4.28(0.0856%),27.7,2.7705,8.31,False
2025-08-01 20:00:00,HTX,CoinEx,0.0025,-0.6126,0.6151,30.76,4.28(0.0856%),26.48,2.6475,7.94,False
2025-08-01 20:00:00,HTX,BingX,0.0025,-0.5602,0.5627,28.14,4.28(0.0856%),23.86,2.3855,7.16,False
2025-08-01 20:00:00,Crypto.com,CoinEx,-0.0607,-0.6126,0.5519,27.6,4.28(0.0856%),23.32,2.3315,6.99,False
2025-08-01 20:00:00,HTX,MEXC,0.0025,-0.5354,0.5379,26.89,4.28(0.0856%),22.61,2.2615,6.78,False
2025-08-01 20:00:00,HTX,OKX,0.0025,-0.5347,0.5372,26.86,4.28(0.0856%),22.58,2.258,6.77,False
2025-08-01 12:00:00,Bitunix,KuCoin,0.0172,-0.0437,0.0609,3.05,4.28(0.0856%),-1.23,-0.1235,-0.37,False
2025-08-01 12:00:00,Crypto.com,KuCoin,0.012,-0.0437,0.0557,2.79,4.28(0.0856%),-1.5,-0.1495,-0.45,False
2025-08-01 12:00:00,Bitunix,OKX,0.0172,-0.0298,0.047,2.35,4.28(0.0856%),-1.93,-0.193,-0.58,False
2025-08-01 12:00:00,HTX,KuCoin,0.0025,-0.0437,0.0462,2.31,4.28(0.0856%),-1.97,-0.197,-0.59,False
2025-08-01 12:00:00,Gate,KuCoin,0.0,-0.0437,0.0437,2.19,4.28(0.0856%),-2.1,-0.2095,-0.63,False
2025-07-31 04:00:00,Bitunix,Crypto.com,0.0116,-0.0252,0.0368,1.84,4.28(0.0856%),-2.44,-0.244,-0.73,False
2025-07-31 04:00:00,Bitget,Crypto.com,0.005,-0.0252,0.0302,1.51,4.28(0.0856%),-2.77,-0.277,-0.83,False
2025-07-31 04:00:00,BingX,Crypto.com,0.005,-0.0252,0.0302,1.51,4.28(0.0856%),-2.77,-0.277,-0.83,False
2025-07-31 04:00:00,Gate,Crypto.com,0.0025,-0.0252,0.0277,1.39,4.28(0.0856%),-2.9,-0.2895,-0.87,False
2025-07-31 04:00:00,HTX,Crypto.com,0.0025,-0.0252,0.0277,1.39,4.28(0.0856%),-2.9,-0.2895,-0.87,False
2025-07-30 20:00:00,OKX,KuCoin,0.005,-0.0231,0.0281,1.41,4.28(0.0856%),-2.88,-0.2875,-0.86,False
2025-07-30 20:00:00,Binance,KuCoin,0.005,-0.0231,0.0281,1.41,4.28(0.0856%),-2.88,-0.2875,-0.86,False
2025-07-30 20:00:00,Bitget,KuCoin,0.005,-0.0231,0.0281,1.41,4.28(0.0856%),-2.88,-0.2875,-0.86,False
2025-07-30 20:00:00,Bitunix,KuCoin,0.005,-0.0231,0.0281,1.41,4.28(0.0856%),-2.88,-0.2875,-0.86,False
2025-07-30 20:00:00,MEXC,KuCoin,0.005,-0.0231,0.0281,1.41,4.28(0.0856%),-2.88,-0.2875,-0.86,False
2025-07-30 12:00:00,MEXC,Crypto.com,0.005,-0.0324,0.0374,1.87,4.28(0.0856%),-2.41,-0.241,-0.72,False
2025-07-30 12:00:00,Binance,Crypto.com,0.005,-0.0324,0.0374,1.87,4.28(0.0856%),-2.41,-0.241,-0.72,False
2025-07-30 12:00:00,BingX,Crypto.com,0.005,-0.0324,0.0374,1.87,4.28(0.0856%),-2.41,-0.241,-0.72,False
2025-07-30 12:00:00,Bitget,Crypto.com,0.005,-0.0324,0.0374,1.87,4.28(0.0856%),-2.41,-0.241,-0.72,False
2025-07-30 12:00:00,Bitunix,Crypto.com,0.005,-0.0324,0.0374,1.87,4.28(0.0856%),-2.41,-0.241,-0.72,False
2025-07-30 04:00:00,Crypto.com,MEXC,0.0206,-0.007,0.0276,1.38,4.28(0.0856%),-2.9,-0.29,-0.87,False
2025-07-30 04:00:00,Crypto.com,Binance,0.0206,-0.0066,0.0272,1.36,4.28(0.0856%),-2.92,-0.292,-0.88,False
2025-07-30 04:00:00,Crypto.com,KuCoin,0.0206,-0.0042,0.0248,1.24,4.28(0.0856%),-3.04,-0.304,-0.91,False
2025-07-29 20:00:00,Bitunix,KuCoin,0.005,-0.016,0.021,1.05,4.28(0.0856%),-3.23,-0.323,-0.97,False
2025-07-29 20:00:00,Binance,KuCoin,0.005,-0.016,0.021,1.05,4.28(0.0856%),-3.23,-0.323,-0.97,False
2025-07-29 20:00:00,Bitget,KuCoin,0.005,-0.016,0.021,1.05,4.28(0.0856%),-3.23,-0.323,-0.97,False
2025-07-29 20:00:00,BingX,KuCoin,0.005,-0.016,0.021,1.05,4.28(0.0856%),-3.23,-0.323,-0.97,False
2025-07-29 20:00:00,MEXC,KuCoin,0.005,-0.016,0.021,1.05,4.28(0.0856%),-3.23,-0.323,-0.97,False
2025-07-29 04:00:00,CoinEx,Crypto.com,0.0062,-0.0171,0.0233,1.17,4.28(0.0856%),-3.12,-0.3115,-0.93,False
2025-07-29 04:00:00,Binance,Crypto.com,0.005,-0.0171,0.0221,1.1,4.28(0.0856%),-3.18,-0.3175,-0.95,False
2025-07-29 04:00:00,Bitunix,Crypto.com,0.005,-0.0171,0.0221,1.1,4.28(0.0856%),-3.18,-0.3175,-0.95,False
2025-07-29 04:00:00,MEXC,Crypto.com,0.005,-0.0171,0.0221,1.1,4.28(0.0856%),-3.18,-0.3175,-0.95,False
2025-07-29 04:00:00,Bitget,Crypto.com,0.005,-0.0171,0.0221,1.1,4.28(0.0856%),-3.18,-0.3175,-0.95,False
2025-07-28 20:00:00,Crypto.com,KuCoin,0.0236,-0.0404,0.064,3.2,4.28(0.0856%),-1.08,-0.108,-0.32,False
2025-07-28 20:00:00,Bitunix,KuCoin,0.0169,-0.0404,0.0573,2.86,4.28(0.0856%),-1.42,-0.1415,-0.42,False
2025-07-28 20:00:00,Bitget,KuCoin,0.005,-0.0404,0.0454,2.27,4.28(0.0856%),-2.01,-0.201,-0.6,False
2025-07-28 20:00:00,BingX,KuCoin,0.005,-0.0404,0.0454,2.27,4.28(0.0856%),-2.01,-0.201,-0.6,False
2025-07-28 20:00:00,Gate,KuCoin,0.0025,-0.0404,0.0429,2.15,4.28(0.0856%),-2.14,-0.2135,-0.64,False
2025-07-28 12:00:00,Bitunix,KuCoin,0.0158,-0.0422,0.058,2.9,4.28(0.0856%),-1.38,-0.138,-0.41,False
2025-07-28 12:00:00,Bitget,KuCoin,0.005,-0.0422,0.0472,2.36,4.28(0.0856%),-1.92,-0.192,-0.58,False
2025-07-28 12:00:00,BingX,KuCoin,0.005,-0.0422,0.0472,2.36,4.28(0.0856%),-1.92,-0.192,-0.58,False
2025-07-28 12:00:00,Gate,KuCoin,0.0025,-0.0422,0.0447,2.24,4.28(0.0856%),-2.04,-0.2045,-0.61,False
2025-07-28 12:00:00,HTX,KuCoin,0.0025,-0.0422,0.0447,2.24,4.28(0.0856%),-2.04,-0.2045,-0.61,False
2025-07-28 04:00:00,KuCoin,CoinEx,0.0237,-0.0128,0.0365,1.82,4.28(0.0856%),-2.46,-0.2455,-0.74,False
2025-07-28 04:00:00,Crypto.com,CoinEx,0.013,-0.0128,0.0258,1.29,4.28(0.0856%),-2.99,-0.299,-0.9,False
2025-07-28 04:00:00,KuCoin,Gate,0.0237,0.0025,0.0212,1.06,4.28(0.0856%),-3.22,-0.322,-0.97,False
2025-07-28 04:00:00,KuCoin,HTX,0.0237,0.0025,0.0212,1.06,4.28(0.0856%),-3.22,-0.322,-0.97,False
2025-07-28 04:00:00,KuCoin,Bybit,0.0237,0.0025,0.0212,1.06,4.28(0.0856%),-3.22,-0.322,-0.97,False
2025-07-27 20:00:00,Crypto.com,CoinEx,0.0385,0.0,0.0385,1.92,4.28(0.0856%),-2.36,-0.2355,-0.71,False
2025-07-27 20:00:00,Crypto.com,KuCoin,0.0385,0.0023,0.0362,1.81,4.28(0.0856%),-2.47,-0.247,-0.74,False
2025-07-27 20:00:00,Crypto.com,Gate,0.0385,0.0025,0.036,1.8,4.28(0.0856%),-2.48,-0.248,-0.74,False
2025-07-27 20:00:00,Crypto.com,HTX,0.0385,0.0025,0.036,1.8,4.28(0.0856%),-2.48,-0.248,-0.74,False
2025-07-27 20:00:00,Crypto.com,Bybit,0.0385,0.0025,0.036,1.8,4.28(0.0856%),-2.48,-0.248,-0.74,False
2025-07-27 04:00:00,BingX,KuCoin,0.005,-0.0459,0.0509,2.54,4.28(0.0856%),-1.74,-0.1735,-0.52,False
2025-07-27 04:00:00,Bitget,KuCoin,0.005,-0.0459,0.0509,2.54,4.28(0.0856%),-1.74,-0.1735,-0.52,False
2025-07-27 04:00:00,Gate,KuCoin,0.0025,-0.0459,0.0484,2.42,4.28(0.0856%),-1.86,-0.186,-0.56,False
2025-07-27 04:00:00,HTX,KuCoin,0.0025,-0.0459,0.0484,2.42,4.28(0.0856%),-1.86,-0.186,-0.56,False
2025-07-27 04:00:00,Bybit,KuCoin,0.0025,-0.0459,0.0484,2.42,4.28(0.0856%),-1.86,-0.186,-0.56,False
2025-07-26 20:00:00,Bitget,Crypto.com,0.005,-0.0335,0.0385,1.92,4.28(0.0856%),-2.36,-0.2355,-0.71,False
2025-07-26 20:00:00,BingX,Crypto.com,0.005,-0.0335,0.0385,1.92,4.28(0.0856%),-2.36,-0.2355,-0.71,False
2025-07-26 20:00:00,Binance,Crypto.com,0.0043,-0.0335,0.0378,1.89,4.28(0.0856%),-2.39,-0.239,-0.72,False
2025-07-26 20:00:00,MEXC,Crypto.com,0.0037,-0.0335,0.0372,1.86,4.28(0.0856%),-2.42,-0.242,-0.73,False
2025-07-26 20:00:00,Bitunix,Crypto.com,0.0034,-0.0335,0.0369,1.85,4.28(0.0856%),-2.44,-0.2435,-0.73,False
2025-07-26 04:00:00,Crypto.com,CoinEx,0.031,0.0,0.031,1.55,4.28(0.0856%),-2.73,-0.273,-0.82,False
2025-07-26 04:00:00,Crypto.com,Bybit,0.031,0.0025,0.0285,1.43,4.28(0.0856%),-2.86,-0.2855,-0.86,False
2025-07-26 04:00:00,Crypto.com,HTX,0.031,0.0025,0.0285,1.43,4.28(0.0856%),-2.86,-0.2855,-0.86,False
2025-07-26 04:00:00,Crypto.com,Gate,0.031,0.0025,0.0285,1.43,4.28(0.0856%),-2.86,-0.2855,-0.86,False
2025-07-26 04:00:00,Crypto.com,Bitunix,0.031,0.005,0.026,1.3,4.28(0.0856%),-2.98,-0.298,-0.89,False
2025-07-25 20:00:00,MEXC,Crypto.com,0.005,-0.0787,0.0837,4.19,4.28(0.0856%),-0.09,-0.0095,-0.03,False
2025-07-25 20:00:00,Binance,Crypto.com,0.005,-0.0787,0.0837,4.19,4.28(0.0856%),-0.09,-0.0095,-0.03,False
2025-07-25 20:00:00,BingX,Crypto.com,0.005,-0.0787,0.0837,4.19,4.28(0.0856%),-0.09,-0.0095,-0.03,False
2025-07-25 20:00:00,Bitget,Crypto.com,0.005,-0.0787,0.0837,4.19,4.28(0.0856%),-0.09,-0.0095,-0.03,False
2025-07-25 20:00:00,Bitunix,Crypto.com,0.005,-0.0787,0.0837,4.19,4.28(0.0856%),-0.09,-0.0095,-0.03,False
2025-07-25 12:00:00,Bitget,CoinEx,0.005,-0.032,0.037,1.85,4.28(0.0856%),-2.43,-0.243,-0.73,False
2025-07-25 12:00:00,BingX,CoinEx,0.005,-0.032,0.037,1.85,4.28(0.0856%),-2.43,-0.243,-0.73,False
2025-07-25 12:00:00,KuCoin,CoinEx,0.0041,-0.032,0.0361,1.8,4.28(0.0856%),-2.48,-0.2475,-0.74,False
2025-07-25 12:00:00,OKX,CoinEx,0.0035,-0.032,0.0355,1.78,4.28(0.0856%),-2.5,-0.2505,-0.75,False
2025-07-25 12:00:00,Gate,CoinEx,0.0025,-0.032,0.0345,1.73,4.28(0.0856%),-2.56,-0.2555,-0.77,False
2025-07-25 04:00:00,BingX,KuCoin,0.005,-0.0357,0.0407,2.04,4.28(0.0856%),-2.25,-0.2245,-0.67,False
2025-07-25 04:00:00,Bitget,KuCoin,0.005,-0.0357,0.0407,2.04,4.28(0.0856%),-2.25,-0.2245,-0.67,False
2025-07-25 04:00:00,Gate,KuCoin,0.0025,-0.0357,0.0382,1.91,4.28(0.0856%),-2.37,-0.237,-0.71,False
2025-07-25 04:00:00,HTX,KuCoin,0.0025,-0.0357,0.0382,1.91,4.28(0.0856%),-2.37,-0.237,-0.71,False
2025-07-25 04:00:00,Bybit,KuCoin,0.0025,-0.0357,0.0382,1.91,4.28(0.0856%),-2.37,-0.237,-0.71,False
2025-07-24 12:00:00,CoinEx,Crypto.com,0.0786,-0.0606,0.1392,6.96,4.28(0.0856%),2.68,0.268,0.8,False
2025-07-24 12:00:00,CoinEx,Bitunix,0.0786,-0.0116,0.0902,4.51,4.28(0.0856%),0.23,0.023,0.07,False
2025-07-24 12:00:00,CoinEx,MEXC,0.0786,-0.0116,0.0902,4.51,4.28(0.0856%),0.23,0.023,0.07,False
2025-07-24 12:00:00,CoinEx,Binance,0.0786,-0.0111,0.0897,4.49,4.28(0.0856%),0.21,0.0205,0.06,False
2025-07-24 12:00:00,CoinEx,KuCoin,0.0786,-0.009,0.0876,4.38,4.28(0.0856%),0.1,0.01,0.03,False
2025-07-24 04:00:00,CoinEx,Crypto.com,0.0344,-0.0775,0.1119,5.59,4.28(0.0856%),1.31,0.1315,0.39,False
2025-07-24 04:00:00,Bitget,Crypto.com,0.005,-0.0775,0.0825,4.12,4.28(0.0856%),-0.16,-0.0155,-0.05,False
2025-07-24 04:00:00,BingX,Crypto.com,0.005,-0.0775,0.0825,4.12,4.28(0.0856%),-0.16,-0.0155,-0.05,False
2025-07-24 04:00:00,Gate,Crypto.com,0.0025,-0.0775,0.08,4.0,4.28(0.0856%),-0.28,-0.028,-0.08,False
2025-07-24 04:00:00,HTX,Crypto.com,0.0025,-0.0775,0.08,4.0,4.28(0.0856%),-0.28,-0.028,-0.08,False
2025-07-23 20:00:00,Crypto.com,Binance,0.0183,-0.0266,0.0449,2.24,4.28(0.0856%),-2.04,-0.2035,-0.61,False
2025-07-23 20:00:00,Crypto.com,MEXC,0.0183,-0.0261,0.0444,2.22,4.28(0.0856%),-2.06,-0.206,-0.62,False
2025-07-23 20:00:00,Crypto.com,Bitunix,0.0183,-0.0255,0.0438,2.19,4.28(0.0856%),-2.09,-0.209,-0.63,False
2025-07-23 20:00:00,Bitget,Binance,0.005,-0.0266,0.0316,1.58,4.28(0.0856%),-2.7,-0.27,-0.81,False
2025-07-23 20:00:00,BingX,Binance,0.005,-0.0266,0.0316,1.58,4.28(0.0856%),-2.7,-0.27,-0.81,False
2025-07-23 12:00:00,Crypto.com,KuCoin,0.1056,-0.0255,0.1311,6.55,4.28(0.0856%),2.27,0.2275,0.68,False
2025-07-23 12:00:00,Crypto.com,Bybit,0.1056,0.0025,0.1031,5.16,4.28(0.0856%),0.88,0.0875,0.26,False
2025-07-23 12:00:00,Crypto.com,HTX,0.1056,0.0025,0.1031,5.16,4.28(0.0856%),0.88,0.0875,0.26,False
2025-07-23 12:00:00,Crypto.com,Gate,0.1056,0.0025,0.1031,5.16,4.28(0.0856%),0.88,0.0875,0.26,False
2025-07-23 12:00:00,Crypto.com,MEXC,0.1056,0.005,0.1006,5.03,4.28(0.0856%),0.75,0.075,0.22,False
2025-07-23 04:00:00,Crypto.com,HTX,0.0779,0.0025,0.0754,3.77,4.28(0.0856%),-0.51,-0.051,-0.15,False
2025-07-23 04:00:00,Crypto.com,Bybit,0.0779,0.0025,0.0754,3.77,4.28(0.0856%),-0.51,-0.051,-0.15,False
2025-07-23 04:00:00,Crypto.com,BingX,0.0779,0.005,0.0729,3.64,4.28(0.0856%),-0.64,-0.0635,-0.19,False
2025-07-23 04:00:00,Crypto.com,MEXC,0.0779,0.005,0.0729,3.64,4.28(0.0856%),-0.64,-0.0635,-0.19,False
2025-07-23 04:00:00,Crypto.com,OKX,0.0779,0.005,0.0729,3.64,4.28(0.0856%),-0.64,-0.0635,-0.19,False
2025-07-22 20:00:00,Crypto.com,KuCoin,0.0818,-0.0024,0.0842,4.21,4.28(0.0856%),-0.07,-0.007,-0.02,False
2025-07-22 20:00:00,Crypto.com,Bybit,0.0818,0.0025,0.0793,3.96,4.28(0.0856%),-0.32,-0.0315,-0.09,False
2025-07-22 20:00:00,Crypto.com,HTX,0.0818,0.0025,0.0793,3.96,4.28(0.0856%),-0.32,-0.0315,-0.09,False
2025-07-22 20:00:00,Crypto.com,Gate,0.0818,0.0025,0.0793,3.96,4.28(0.0856%),-0.32,-0.0315,-0.09,False
2025-07-22 20:00:00,Crypto.com,MEXC,0.0818,0.005,0.0768,3.84,4.28(0.0856%),-0.44,-0.044,-0.13,False
2025-07-22 12:00:00,Crypto.com,KuCoin,0.096,0.0018,0.0942,4.71,4.28(0.0856%),0.43,0.043,0.13,False
2025-07-22 12:00:00,Crypto.com,Bybit,0.096,0.0025,0.0935,4.67,4.28(0.0856%),0.39,0.0395,0.12,False
2025-07-22 12:00:00,Crypto.com,HTX,0.096,0.0025,0.0935,4.67,4.28(0.0856%),0.39,0.0395,0.12,False
2025-07-22 12:00:00,Crypto.com,Gate,0.096,0.0025,0.0935,4.67,4.28(0.0856%),0.39,0.0395,0.12,False
2025-07-22 12:00:00,Crypto.com,MEXC,0.096,0.005,0.091,4.55,4.28(0.0856%),0.27,0.027,0.08,False
2025-07-22 04:00:00,Crypto.com,HTX,0.1011,0.0025,0.0986,4.93,4.28(0.0856%),0.65,0.065,0.19,False
2025-07-22 04:00:00,Crypto.com,Bybit,0.1011,0.0025,0.0986,4.93,4.28(0.0856%),0.65,0.065,0.19,False
2025-07-22 04:00:00,Crypto.com,Gate,0.1011,0.0025,0.0986,4.93,4.28(0.0856%),0.65,0.065,0.19,False
2025-07-22 04:00:00,Crypto.com,Bitget,0.1011,0.005,0.0961,4.8,4.28(0.0856%),0.52,0.0525,0.16,False
2025-07-22 04:00:00,Crypto.com,Bitunix,0.1011,0.005,0.0961,4.8,4.28(0.0856%),0.52,0.0525,0.16,False
2025-07-21 20:00:00,Crypto.com,HTX,0.0828,0.0025,0.0803,4.01,4.28(0.0856%),-0.27,-0.0265,-0.08,False
2025-07-21 20:00:00,Crypto.com,Bybit,0.0828,0.0025,0.0803,4.01,4.28(0.0856%),-0.27,-0.0265,-0.08,False
2025-07-21 20:00:00,Crypto.com,Gate,0.0828,0.0025,0.0803,4.01,4.28(0.0856%),-0.27,-0.0265,-0.08,False
2025-07-21 20:00:00,Crypto.com,Bitget,0.0828,0.005,0.0778,3.89,4.28(0.0856%),-0.39,-0.039,-0.12,False
2025-07-21 20:00:00,Crypto.com,BingX,0.0828,0.005,0.0778,3.89,4.28(0.0856%),-0.39,-0.039,-0.12,False
2025-07-21 12:00:00,Crypto.com,HTX,0.1371,0.0025,0.1346,6.73,4.28(0.0856%),2.45,0.245,0.73,False
2025-07-21 12:00:00,Crypto.com,Bybit,0.1371,0.0025,0.1346,6.73,4.28(0.0856%),2.45,0.245,0.73,False
2025-07-21 12:00:00,Crypto.com,Gate,0.1371,0.0025,0.1346,6.73,4.28(0.0856%),2.45,0.245,0.73,False
2025-07-21 12:00:00,Crypto.com,MEXC,0.1371,0.005,0.1321,6.6,4.28(0.0856%),2.32,0.2325,0.7,False
2025-07-21 12:00:00,Crypto.com,OKX,0.1371,0.005,0.1321,6.6,4.28(0.0856%),2.32,0.2325,0.7,False
2025-07-21 04:00:00,Crypto.com,HTX,0.0998,0.0025,0.0973,4.87,4.28(0.0856%),0.58,0.0585,0.18,False
2025-07-21 04:00:00,Crypto.com,Gate,0.0998,0.0025,0.0973,4.87,4.28(0.0856%),0.58,0.0585,0.18,False
2025-07-21 04:00:00,Crypto.com,Bitunix,0.0998,0.005,0.0948,4.74,4.28(0.0856%),0.46,0.046,0.14,False
2025-07-21 04:00:00,Crypto.com,MEXC,0.0998,0.005,0.0948,4.74,4.28(0.0856%),0.46,0.046,0.14,False
2025-07-21 04:00:00,Crypto.com,OKX,0.0998,0.005,0.0948,4.74,4.28(0.0856%),0.46,0.046,0.14,False
2025-07-20 20:00:00,Crypto.com,HTX,0.089,0.0025,0.0865,4.32,4.28(0.0856%),0.04,0.0045,0.01,False
2025-07-20 20:00:00,Crypto.com,Bybit,0.089,0.0025,0.0865,4.32,4.28(0.0856%),0.04,0.0045,0.01,False
2025-07-20 20:00:00,Crypto.com,Gate,0.089,0.0025,0.0865,4.32,4.28(0.0856%),0.04,0.0045,0.01,False
2025-07-20 20:00:00,Crypto.com,Bitget,0.089,0.005,0.084,4.2,4.28(0.0856%),-0.08,-0.008,-0.02,False
2025-07-20 20:00:00,Crypto.com,Bitunix,0.089,0.005,0.084,4.2,4.28(0.0856%),-0.08,-0.008,-0.02,False
2025-07-20 12:00:00,Crypto.com,HTX,0.0451,0.0025,0.0426,2.13,4.28(0.0856%),-2.15,-0.215,-0.65,False
2025-07-20 12:00:00,Crypto.com,Bybit,0.0451,0.0025,0.0426,2.13,4.28(0.0856%),-2.15,-0.215,-0.65,False
2025-07-20 12:00:00,Crypto.com,Gate,0.0451,0.0025,0.0426,2.13,4.28(0.0856%),-2.15,-0.215,-0.65,False
2025-07-20 12:00:00,Crypto.com,Bitget,0.0451,0.005,0.0401,2.01,4.28(0.0856%),-2.27,-0.2275,-0.68,False
2025-07-20 12:00:00,Crypto.com,Bitunix,0.0451,0.005,0.0401,2.01,4.28(0.0856%),-2.27,-0.2275,-0.68,False
2025-07-20 04:00:00,KuCoin,Crypto.com,0.0131,-0.0079,0.021,1.05,4.28(0.0856%),-3.23,-0.323,-0.97,False
2025-07-19 20:00:00,Bitunix,Crypto.com,0.0069,-0.0325,0.0394,1.97,4.28(0.0856%),-2.31,-0.231,-0.69,False
2025-07-19 20:00:00,OKX,Crypto.com,0.005,-0.0325,0.0375,1.88,4.28(0.0856%),-2.41,-0.2405,-0.72,False
2025-07-19 20:00:00,Bitget,Crypto.com,0.005,-0.0325,0.0375,1.88,4.28(0.0856%),-2.41,-0.2405,-0.72,False
2025-07-19 20:00:00,BingX,Crypto.com,0.005,-0.0325,0.0375,1.88,4.28(0.0856%),-2.41,-0.2405,-0.72,False
2025-07-19 20:00:00,HTX,Crypto.com,0.0025,-0.0325,0.035,1.75,4.28(0.0856%),-2.53,-0.253,-0.76,False
