Time,Short@,Long@,Short(%),Long(%),AbsSpread(%),GrossPnL,BorrowCost(0.0045%/h),NetPnL,ROI(%),ROI_day(%),BelowMin
2025-08-18 04:15:00,Bitmex,CoinEx,0.01,0.0,0.01,0.5,1.8(0.036%),-1.3,-0.13,-0.39,True
2025-08-18 04:00:00,KuCoin,Crypto.com,0.0225,-0.0259,0.0484,2.42,1.8(0.036%),0.62,0.062,0.19,
2025-08-18 04:00:00,HTX,Crypto.com,0.01,-0.0259,0.0359,1.79,1.8(0.036%),-0.0,-0.0005,-0.0,
2025-08-18 04:00:00,Bitmex,Crypto.com,0.01,-0.0259,0.0359,1.79,1.8(0.036%),-0.0,-0.0005,-0.0,
2025-08-18 04:00:00,Hyperliquid,Crypto.com,0.01,-0.0259,0.0359,1.79,1.8(0.036%),-0.0,-0.0005,-0.0,
2025-08-18 04:00:00,OKX,Crypto.com,0.005,-0.0259,0.0309,1.55,1.8(0.036%),-0.25,-0.0255,-0.08,
2025-08-17 20:00:00,Bitmex,Crypto.com,0.01,-0.0375,0.0475,2.38,1.8(0.036%),0.58,0.0575,0.17,
2025-08-17 20:00:00,HTX,Crypto.com,0.01,-0.0375,0.0475,2.38,1.8(0.036%),0.58,0.0575,0.17,
2025-08-17 20:00:00,Bitunix,Crypto.com,0.0082,-0.0375,0.0457,2.29,1.8(0.036%),0.49,0.0485,0.15,
2025-08-17 20:00:00,CoinEx,Crypto.com,0.0,-0.0375,0.0375,1.88,1.8(0.036%),0.08,0.0075,0.02,
2025-08-17 20:00:00,BingX,Crypto.com,-0.0033,-0.0375,0.0342,1.71,1.8(0.036%),-0.09,-0.009,-0.03,
2025-08-17 12:00:00,Crypto.com,KuCoin,0.0165,-0.0215,0.038,1.9,1.8(0.036%),0.1,0.01,0.03,
2025-08-17 12:00:00,HTX,KuCoin,0.01,-0.0215,0.0315,1.57,1.8(0.036%),-0.22,-0.0225,-0.07,
2025-08-17 12:00:00,Bitmex,KuCoin,0.01,-0.0215,0.0315,1.57,1.8(0.036%),-0.22,-0.0225,-0.07,
2025-08-17 12:00:00,Hyperliquid,KuCoin,0.01,-0.0215,0.0315,1.57,1.8(0.036%),-0.22,-0.0225,-0.07,
2025-08-17 12:00:00,Bybit,KuCoin,0.005,-0.0215,0.0265,1.32,1.8(0.036%),-0.47,-0.0475,-0.14,
2025-08-17 04:00:00,Bitunix,Binance,0.018,-0.0178,0.0358,1.79,1.8(0.036%),-0.01,-0.001,-0.0,
2025-08-17 04:00:00,Bitunix,Hyperliquid,0.018,-0.015,0.033,1.65,1.8(0.036%),-0.15,-0.015,-0.04,
2025-08-17 04:00:00,Crypto.com,Binance,0.0109,-0.0178,0.0287,1.43,1.8(0.036%),-0.36,-0.0365,-0.11,
2025-08-17 04:00:00,Bitunix,Bybit,0.018,-0.0103,0.0283,1.42,1.8(0.036%),-0.38,-0.0385,-0.12,
2025-08-17 04:00:00,Bitmex,Binance,0.01,-0.0178,0.0278,1.39,1.8(0.036%),-0.41,-0.041,-0.12,
2025-08-16 20:00:00,Bitmex,KuCoin,0.01,-0.0169,0.0269,1.34,1.8(0.036%),-0.45,-0.0455,-0.14,
2025-08-16 20:00:00,HTX,KuCoin,0.01,-0.0169,0.0269,1.34,1.8(0.036%),-0.45,-0.0455,-0.14,
2025-08-16 20:00:00,Bitunix,KuCoin,0.0093,-0.0169,0.0262,1.31,1.8(0.036%),-0.49,-0.049,-0.15,
2025-08-16 20:00:00,Bitmex,Hyperliquid,0.01,-0.0135,0.0235,1.18,1.8(0.036%),-0.62,-0.0625,-0.19,
2025-08-16 20:00:00,HTX,Hyperliquid,0.01,-0.0135,0.0235,1.18,1.8(0.036%),-0.62,-0.0625,-0.19,
2025-08-16 12:00:00,Bitunix,KuCoin,0.0114,-0.0303,0.0417,2.08,1.8(0.036%),0.29,0.0285,0.09,
2025-08-16 12:00:00,HTX,KuCoin,0.01,-0.0303,0.0403,2.02,1.8(0.036%),0.22,0.0215,0.06,
2025-08-16 12:00:00,Bitmex,KuCoin,0.01,-0.0303,0.0403,2.02,1.8(0.036%),0.22,0.0215,0.06,
2025-08-16 12:00:00,BingX,KuCoin,0.005,-0.0303,0.0353,1.76,1.8(0.036%),-0.03,-0.0035,-0.01,
2025-08-16 12:00:00,Bitget,KuCoin,0.005,-0.0303,0.0353,1.76,1.8(0.036%),-0.03,-0.0035,-0.01,
2025-08-16 04:00:00,Bitmex,Gate,0.01,-0.0167,0.0267,1.34,1.8(0.036%),-0.46,-0.0465,-0.14,
2025-08-16 04:00:00,HTX,Gate,0.01,-0.0167,0.0267,1.34,1.8(0.036%),-0.46,-0.0465,-0.14,
2025-08-16 04:00:00,BingX,Gate,0.005,-0.0167,0.0217,1.09,1.8(0.036%),-0.71,-0.0715,-0.21,
2025-08-16 04:00:00,Bitget,Gate,0.0049,-0.0167,0.0216,1.08,1.8(0.036%),-0.72,-0.072,-0.22,
2025-08-16 04:00:00,Binance,Gate,0.0047,-0.0167,0.0214,1.07,1.8(0.036%),-0.73,-0.073,-0.22,
2025-08-15 20:00:00,Crypto.com,Gate,0.0284,-0.0416,0.07,3.5,1.8(0.036%),1.7,0.17,0.51,
2025-08-15 20:00:00,HTX,Gate,0.01,-0.0416,0.0516,2.58,1.8(0.036%),0.78,0.078,0.23,
2025-08-15 20:00:00,Bitmex,Gate,0.01,-0.0416,0.0516,2.58,1.8(0.036%),0.78,0.078,0.23,
2025-08-15 20:00:00,Bitunix,Gate,0.009,-0.0416,0.0506,2.53,1.8(0.036%),0.73,0.073,0.22,
2025-08-15 20:00:00,Crypto.com,KuCoin,0.0284,-0.0207,0.0491,2.46,1.8(0.036%),0.66,0.0655,0.2,
2025-08-15 12:00:00,Bitmex,Crypto.com,0.01,-0.0942,0.1042,5.21,1.8(0.036%),3.41,0.341,1.02,
2025-08-15 12:00:00,HTX,Crypto.com,0.01,-0.0942,0.1042,5.21,1.8(0.036%),3.41,0.341,1.02,
2025-08-15 12:00:00,KuCoin,Crypto.com,0.0073,-0.0942,0.1015,5.08,1.8(0.036%),3.28,0.3275,0.98,
2025-08-15 12:00:00,OKX,Crypto.com,0.005,-0.0942,0.0992,4.96,1.8(0.036%),3.16,0.316,0.95,
2025-08-15 12:00:00,Bitget,Crypto.com,0.005,-0.0942,0.0992,4.96,1.8(0.036%),3.16,0.316,0.95,
2025-08-15 04:00:00,Bitunix,Crypto.com,0.0108,-0.0291,0.0399,2.0,1.8(0.036%),0.2,0.0195,0.06,
2025-08-15 04:00:00,HTX,Crypto.com,0.01,-0.0291,0.0391,1.96,1.8(0.036%),0.16,0.0155,0.05,
2025-08-15 04:00:00,Bitmex,Crypto.com,0.01,-0.0291,0.0391,1.96,1.8(0.036%),0.16,0.0155,0.05,
2025-08-15 04:00:00,OKX,Crypto.com,0.005,-0.0291,0.0341,1.71,1.8(0.036%),-0.09,-0.0095,-0.03,
2025-08-15 04:00:00,Bitget,Crypto.com,0.005,-0.0291,0.0341,1.71,1.8(0.036%),-0.09,-0.0095,-0.03,
2025-08-14 20:00:00,Bitmex,Crypto.com,0.01,-0.0674,0.0774,3.87,1.8(0.036%),2.07,0.207,0.62,
2025-08-14 20:00:00,HTX,Crypto.com,0.01,-0.0674,0.0774,3.87,1.8(0.036%),2.07,0.207,0.62,
2025-08-14 20:00:00,Bitunix,Crypto.com,0.0073,-0.0674,0.0747,3.74,1.8(0.036%),1.94,0.1935,0.58,
2025-08-14 20:00:00,OKX,Crypto.com,0.005,-0.0674,0.0724,3.62,1.8(0.036%),1.82,0.182,0.55,
2025-08-14 20:00:00,Bitget,Crypto.com,0.005,-0.0674,0.0724,3.62,1.8(0.036%),1.82,0.182,0.55,
2025-08-14 12:00:00,CoinEx,Bybit,0.0406,-0.0091,0.0497,2.48,1.8(0.036%),0.69,0.0685,0.21,
2025-08-14 12:00:00,CoinEx,Binance,0.0406,-0.0039,0.0445,2.23,1.8(0.036%),0.43,0.0425,0.13,
2025-08-14 12:00:00,CoinEx,Bitunix,0.0406,0.0038,0.0368,1.84,1.8(0.036%),0.04,0.004,0.01,
2025-08-14 12:00:00,CoinEx,OKX,0.0406,0.005,0.0356,1.78,1.8(0.036%),-0.02,-0.002,-0.01,
2025-08-14 12:00:00,CoinEx,Bitget,0.0406,0.005,0.0356,1.78,1.8(0.036%),-0.02,-0.002,-0.01,
2025-08-14 04:00:00,Crypto.com,CoinEx,0.0674,-0.0195,0.0869,4.35,1.8(0.036%),2.55,0.2545,0.76,
2025-08-14 04:00:00,Crypto.com,Bybit,0.0674,0.005,0.0624,3.12,1.8(0.036%),1.32,0.132,0.4,
2025-08-14 04:00:00,Crypto.com,Binance,0.0674,0.005,0.0624,3.12,1.8(0.036%),1.32,0.132,0.4,
2025-08-14 04:00:00,Crypto.com,Bitunix,0.0674,0.005,0.0624,3.12,1.8(0.036%),1.32,0.132,0.4,
2025-08-14 04:00:00,Crypto.com,Bitget,0.0674,0.005,0.0624,3.12,1.8(0.036%),1.32,0.132,0.4,
2025-08-13 20:00:00,KuCoin,Crypto.com,0.0164,-0.0483,0.0647,3.24,1.8(0.036%),1.44,0.1435,0.43,
2025-08-13 20:00:00,HTX,Crypto.com,0.01,-0.0483,0.0583,2.92,1.8(0.036%),1.12,0.1115,0.33,
2025-08-13 20:00:00,Bitmex,Crypto.com,0.01,-0.0483,0.0583,2.92,1.8(0.036%),1.12,0.1115,0.33,
2025-08-13 20:00:00,Hyperliquid,Crypto.com,0.01,-0.0483,0.0583,2.92,1.8(0.036%),1.12,0.1115,0.33,
2025-08-13 20:00:00,OKX,Crypto.com,0.005,-0.0483,0.0533,2.67,1.8(0.036%),0.87,0.0865,0.26,
2025-08-13 12:00:00,Crypto.com,CoinEx,0.0323,0.0,0.0323,1.62,1.8(0.036%),-0.18,-0.0185,-0.06,
2025-08-13 12:00:00,Crypto.com,KuCoin,0.0323,0.003,0.0293,1.47,1.8(0.036%),-0.33,-0.0335,-0.1,
2025-08-13 12:00:00,Crypto.com,Binance,0.0323,0.005,0.0273,1.37,1.8(0.036%),-0.43,-0.0435,-0.13,
2025-08-13 12:00:00,Crypto.com,MEXC,0.0323,0.005,0.0273,1.37,1.8(0.036%),-0.43,-0.0435,-0.13,
2025-08-13 12:00:00,Crypto.com,Gate,0.0323,0.005,0.0273,1.37,1.8(0.036%),-0.43,-0.0435,-0.13,
2025-08-13 04:00:00,Crypto.com,CoinEx,0.0308,0.0,0.0308,1.54,1.8(0.036%),-0.26,-0.026,-0.08,
2025-08-13 04:00:00,KuCoin,CoinEx,0.0275,0.0,0.0275,1.38,1.8(0.036%),-0.42,-0.0425,-0.13,
2025-08-13 04:00:00,Crypto.com,Binance,0.0308,0.005,0.0258,1.29,1.8(0.036%),-0.51,-0.051,-0.15,
2025-08-13 04:00:00,Crypto.com,MEXC,0.0308,0.005,0.0258,1.29,1.8(0.036%),-0.51,-0.051,-0.15,
2025-08-13 04:00:00,Crypto.com,Gate,0.0308,0.005,0.0258,1.29,1.8(0.036%),-0.51,-0.051,-0.15,
2025-08-12 20:00:00,Crypto.com,CoinEx,0.0352,0.0,0.0352,1.76,1.8(0.036%),-0.04,-0.004,-0.01,
2025-08-12 20:00:00,Crypto.com,Bybit,0.0352,0.005,0.0302,1.51,1.8(0.036%),-0.29,-0.029,-0.09,
2025-08-12 20:00:00,Crypto.com,Binance,0.0352,0.005,0.0302,1.51,1.8(0.036%),-0.29,-0.029,-0.09,
2025-08-12 20:00:00,Crypto.com,Bitunix,0.0352,0.005,0.0302,1.51,1.8(0.036%),-0.29,-0.029,-0.09,
2025-08-12 20:00:00,Crypto.com,Bitget,0.0352,0.005,0.0302,1.51,1.8(0.036%),-0.29,-0.029,-0.09,
2025-08-12 12:00:00,Crypto.com,Gate,0.0518,-0.0119,0.0637,3.19,1.8(0.036%),1.39,0.1385,0.42,
2025-08-12 12:00:00,Crypto.com,KuCoin,0.0518,-0.0093,0.0611,3.06,1.8(0.036%),1.26,0.1255,0.38,
2025-08-12 12:00:00,Crypto.com,Binance,0.0518,-0.0079,0.0597,2.98,1.8(0.036%),1.19,0.1185,0.36,
2025-08-12 12:00:00,Crypto.com,CoinEx,0.0518,0.0,0.0518,2.59,1.8(0.036%),0.79,0.079,0.24,
2025-08-12 12:00:00,Crypto.com,Bybit,0.0518,0.0001,0.0517,2.58,1.8(0.036%),0.79,0.0785,0.24,
2025-08-12 04:00:00,Bitmex,Crypto.com,0.01,-0.1325,0.1425,7.12,1.8(0.036%),5.33,0.5325,1.6,
2025-08-12 04:00:00,HTX,Crypto.com,0.01,-0.1325,0.1425,7.12,1.8(0.036%),5.33,0.5325,1.6,
2025-08-12 04:00:00,Hyperliquid,Crypto.com,0.0052,-0.1325,0.1377,6.89,1.8(0.036%),5.09,0.5085,1.53,
2025-08-12 04:00:00,OKX,Crypto.com,0.005,-0.1325,0.1375,6.88,1.8(0.036%),5.08,0.5075,1.52,
2025-08-12 04:00:00,MEXC,Crypto.com,0.005,-0.1325,0.1375,6.88,1.8(0.036%),5.08,0.5075,1.52,
2025-08-11 20:00:00,Bitunix,Crypto.com,0.0106,-0.0672,0.0778,3.89,1.8(0.036%),2.09,0.209,0.63,
2025-08-11 20:00:00,HTX,Crypto.com,0.01,-0.0672,0.0772,3.86,1.8(0.036%),2.06,0.206,0.62,
2025-08-11 20:00:00,Bitmex,Crypto.com,0.01,-0.0672,0.0772,3.86,1.8(0.036%),2.06,0.206,0.62,
2025-08-11 20:00:00,CoinEx,Crypto.com,0.0,-0.0672,0.0672,3.36,1.8(0.036%),1.56,0.156,0.47,
2025-08-11 20:00:00,KuCoin,Crypto.com,-0.0092,-0.0672,0.058,2.9,1.8(0.036%),1.1,0.11,0.33,
2025-08-11 12:00:00,Bitunix,KuCoin,0.0295,-0.1067,0.1362,6.81,1.8(0.036%),5.01,0.501,1.5,
2025-08-11 12:00:00,Bitunix,Crypto.com,0.0295,-0.1047,0.1342,6.71,1.8(0.036%),4.91,0.491,1.47,
2025-08-11 12:00:00,Bitmex,KuCoin,0.01,-0.1067,0.1167,5.83,1.8(0.036%),4.04,0.4035,1.21,
2025-08-11 12:00:00,HTX,KuCoin,0.01,-0.1067,0.1167,5.83,1.8(0.036%),4.04,0.4035,1.21,
2025-08-11 12:00:00,HTX,Crypto.com,0.01,-0.1047,0.1147,5.74,1.8(0.036%),3.94,0.3935,1.18,
2025-08-11 04:00:00,Crypto.com,OKX,0.0368,-0.0159,0.0527,2.64,1.8(0.036%),0.84,0.0835,0.25,
2025-08-11 04:00:00,Crypto.com,BingX,0.0368,-0.0157,0.0525,2.62,1.8(0.036%),0.83,0.0825,0.25,
2025-08-11 04:00:00,Crypto.com,MEXC,0.0368,-0.0156,0.0524,2.62,1.8(0.036%),0.82,0.082,0.25,
2025-08-11 04:00:00,Crypto.com,KuCoin,0.0368,-0.0149,0.0517,2.58,1.8(0.036%),0.79,0.0785,0.24,
2025-08-11 04:00:00,Crypto.com,Binance,0.0368,-0.0122,0.049,2.45,1.8(0.036%),0.65,0.065,0.19,
2025-08-10 20:00:00,Bitmex,Crypto.com,0.01,-0.0523,0.0623,3.11,1.8(0.036%),1.31,0.1315,0.39,
2025-08-10 20:00:00,Hyperliquid,Crypto.com,0.01,-0.0523,0.0623,3.11,1.8(0.036%),1.31,0.1315,0.39,
2025-08-10 20:00:00,HTX,Crypto.com,0.01,-0.0523,0.0623,3.11,1.8(0.036%),1.31,0.1315,0.39,
2025-08-10 20:00:00,Bybit,Crypto.com,0.005,-0.0523,0.0573,2.86,1.8(0.036%),1.06,0.1065,0.32,
2025-08-10 20:00:00,Bitget,Crypto.com,0.005,-0.0523,0.0573,2.86,1.8(0.036%),1.06,0.1065,0.32,
2025-08-10 12:00:00,Crypto.com,CoinEx,0.0212,-0.0259,0.0471,2.35,1.8(0.036%),0.56,0.0555,0.17,
2025-08-10 12:00:00,Crypto.com,KuCoin,0.0212,-0.019,0.0402,2.01,1.8(0.036%),0.21,0.021,0.06,
2025-08-10 12:00:00,Bitmex,CoinEx,0.01,-0.0259,0.0359,1.79,1.8(0.036%),-0.0,-0.0005,-0.0,
2025-08-10 12:00:00,Hyperliquid,CoinEx,0.01,-0.0259,0.0359,1.79,1.8(0.036%),-0.0,-0.0005,-0.0,
2025-08-10 12:00:00,HTX,CoinEx,0.01,-0.0259,0.0359,1.79,1.8(0.036%),-0.0,-0.0005,-0.0,
2025-08-10 04:00:00,Bitmex,KuCoin,0.01,-0.0199,0.0299,1.5,1.8(0.036%),-0.3,-0.0305,-0.09,
2025-08-10 04:00:00,Hyperliquid,KuCoin,0.01,-0.0199,0.0299,1.5,1.8(0.036%),-0.3,-0.0305,-0.09,
2025-08-10 04:00:00,HTX,KuCoin,0.01,-0.0199,0.0299,1.5,1.8(0.036%),-0.3,-0.0305,-0.09,
2025-08-10 04:00:00,HTX,CoinEx,0.01,-0.0188,0.0288,1.44,1.8(0.036%),-0.36,-0.036,-0.11,
2025-08-10 04:00:00,Hyperliquid,CoinEx,0.01,-0.0188,0.0288,1.44,1.8(0.036%),-0.36,-0.036,-0.11,
2025-08-09 20:00:00,Crypto.com,KuCoin,0.0129,-0.0213,0.0342,1.71,1.8(0.036%),-0.09,-0.009,-0.03,
2025-08-09 20:00:00,HTX,KuCoin,0.01,-0.0213,0.0313,1.57,1.8(0.036%),-0.23,-0.0235,-0.07,
2025-08-09 20:00:00,Bitmex,KuCoin,0.01,-0.0213,0.0313,1.57,1.8(0.036%),-0.23,-0.0235,-0.07,
2025-08-09 20:00:00,Hyperliquid,KuCoin,0.01,-0.0213,0.0313,1.57,1.8(0.036%),-0.23,-0.0235,-0.07,
2025-08-09 20:00:00,Crypto.com,Bitget,0.0129,-0.0135,0.0264,1.32,1.8(0.036%),-0.48,-0.048,-0.14,
2025-08-09 12:00:00,Bitmex,KuCoin,0.01,-0.0231,0.0331,1.65,1.8(0.036%),-0.15,-0.0145,-0.04,
2025-08-09 12:00:00,Hyperliquid,KuCoin,0.01,-0.0231,0.0331,1.65,1.8(0.036%),-0.15,-0.0145,-0.04,
2025-08-09 12:00:00,HTX,KuCoin,0.01,-0.0231,0.0331,1.65,1.8(0.036%),-0.15,-0.0145,-0.04,
2025-08-09 12:00:00,HTX,Crypto.com,0.01,-0.0219,0.0319,1.59,1.8(0.036%),-0.2,-0.0205,-0.06,
2025-08-09 12:00:00,Hyperliquid,Crypto.com,0.01,-0.0219,0.0319,1.59,1.8(0.036%),-0.2,-0.0205,-0.06,
2025-08-09 04:00:00,Crypto.com,Bitget,0.0192,-0.0074,0.0266,1.33,1.8(0.036%),-0.47,-0.047,-0.14,
2025-08-09 04:00:00,Crypto.com,KuCoin,0.0192,-0.0065,0.0257,1.28,1.8(0.036%),-0.52,-0.0515,-0.15,
2025-08-09 04:00:00,Crypto.com,Binance,0.0192,-0.0036,0.0228,1.14,1.8(0.036%),-0.66,-0.066,-0.2,
2025-08-08 20:00:00,Crypto.com,Binance,0.0434,-0.0214,0.0648,3.24,1.8(0.036%),1.44,0.144,0.43,
2025-08-08 20:00:00,Crypto.com,Bybit,0.0434,-0.0105,0.0539,2.69,1.8(0.036%),0.9,0.0895,0.27,
2025-08-08 20:00:00,Crypto.com,CoinEx,0.0434,-0.0066,0.05,2.5,1.8(0.036%),0.7,0.07,0.21,
2025-08-08 20:00:00,Crypto.com,MEXC,0.0434,-0.0041,0.0475,2.38,1.8(0.036%),0.58,0.0575,0.17,
2025-08-08 20:00:00,Crypto.com,OKX,0.0434,-0.0036,0.047,2.35,1.8(0.036%),0.55,0.055,0.17,
2025-08-08 12:00:00,Crypto.com,Binance,0.0207,-0.0076,0.0283,1.42,1.8(0.036%),-0.38,-0.0385,-0.12,
2025-08-08 12:00:00,Crypto.com,CoinEx,0.0207,0.0,0.0207,1.03,1.8(0.036%),-0.76,-0.0765,-0.23,
2025-08-08 04:00:00,KuCoin,Crypto.com,0.0108,-0.061,0.0718,3.59,1.8(0.036%),1.79,0.179,0.54,
2025-08-08 04:00:00,HTX,Crypto.com,0.01,-0.061,0.071,3.55,1.8(0.036%),1.75,0.175,0.52,
2025-08-08 04:00:00,Bitmex,Crypto.com,0.01,-0.061,0.071,3.55,1.8(0.036%),1.75,0.175,0.52,
2025-08-08 04:00:00,Hyperliquid,Crypto.com,0.01,-0.061,0.071,3.55,1.8(0.036%),1.75,0.175,0.52,
2025-08-08 04:00:00,Bitunix,Crypto.com,0.005,-0.061,0.066,3.3,1.8(0.036%),1.5,0.15,0.45,
2025-08-07 20:00:00,Bitmex,Crypto.com,0.01,-0.0169,0.0269,1.34,1.8(0.036%),-0.45,-0.0455,-0.14,
2025-08-07 20:00:00,Hyperliquid,Crypto.com,0.01,-0.0169,0.0269,1.34,1.8(0.036%),-0.45,-0.0455,-0.14,
2025-08-07 20:00:00,HTX,Crypto.com,0.01,-0.0169,0.0269,1.34,1.8(0.036%),-0.45,-0.0455,-0.14,
2025-08-07 20:00:00,Bybit,Crypto.com,0.005,-0.0169,0.0219,1.09,1.8(0.036%),-0.7,-0.0705,-0.21,
2025-08-07 20:00:00,Bitget,Crypto.com,0.005,-0.0169,0.0219,1.09,1.8(0.036%),-0.7,-0.0705,-0.21,
2025-08-07 12:00:00,Crypto.com,KuCoin,0.0562,-0.0244,0.0806,4.03,1.8(0.036%),2.23,0.223,0.67,
2025-08-07 12:00:00,Crypto.com,Hyperliquid,0.0562,-0.0095,0.0657,3.28,1.8(0.036%),1.48,0.1485,0.45,
2025-08-07 12:00:00,Crypto.com,OKX,0.0562,-0.0042,0.0604,3.02,1.8(0.036%),1.22,0.122,0.37,
2025-08-07 12:00:00,Crypto.com,MEXC,0.0562,-0.0042,0.0604,3.02,1.8(0.036%),1.22,0.122,0.37,
2025-08-07 12:00:00,Crypto.com,Binance,0.0562,-0.0039,0.0601,3.0,1.8(0.036%),1.21,0.1205,0.36,
2025-08-07 04:00:00,Crypto.com,KuCoin,0.0399,-0.03,0.0699,3.49,1.8(0.036%),1.69,0.1695,0.51,
2025-08-07 04:00:00,Crypto.com,MEXC,0.0399,-0.0195,0.0594,2.97,1.8(0.036%),1.17,0.117,0.35,
2025-08-07 04:00:00,Crypto.com,OKX,0.0399,-0.0193,0.0592,2.96,1.8(0.036%),1.16,0.116,0.35,
2025-08-07 04:00:00,Crypto.com,Hyperliquid,0.0399,-0.0165,0.0564,2.82,1.8(0.036%),1.02,0.102,0.31,
2025-08-07 04:00:00,Crypto.com,Binance,0.0399,-0.0127,0.0526,2.63,1.8(0.036%),0.83,0.083,0.25,
2025-08-06 20:00:00,Crypto.com,KuCoin,0.0646,-0.0329,0.0975,4.88,1.8(0.036%),3.08,0.3075,0.92,
2025-08-06 20:00:00,Crypto.com,Bitget,0.0646,-0.0121,0.0767,3.83,1.8(0.036%),2.04,0.2035,0.61,
2025-08-06 20:00:00,Crypto.com,Hyperliquid,0.0646,-0.0111,0.0757,3.79,1.8(0.036%),1.99,0.1985,0.6,
2025-08-06 20:00:00,Crypto.com,OKX,0.0646,-0.0085,0.0731,3.65,1.8(0.036%),1.85,0.1855,0.56,
2025-08-06 20:00:00,Crypto.com,MEXC,0.0646,-0.0077,0.0723,3.62,1.8(0.036%),1.82,0.1815,0.54,
2025-08-06 12:00:00,Bitmex,Crypto.com,0.01,-0.0895,0.0995,4.97,1.8(0.036%),3.17,0.3175,0.95,
2025-08-06 12:00:00,Hyperliquid,Crypto.com,0.01,-0.0895,0.0995,4.97,1.8(0.036%),3.17,0.3175,0.95,
2025-08-06 12:00:00,HTX,Crypto.com,0.01,-0.0895,0.0995,4.97,1.8(0.036%),3.17,0.3175,0.95,
2025-08-06 12:00:00,BingX,Crypto.com,0.0041,-0.0895,0.0936,4.68,1.8(0.036%),2.88,0.288,0.86,
2025-08-06 12:00:00,Bybit,Crypto.com,0.004,-0.0895,0.0935,4.67,1.8(0.036%),2.88,0.2875,0.86,
2025-08-06 04:00:00,Bitmex,Crypto.com,0.01,-0.1191,0.1291,6.45,1.8(0.036%),4.65,0.4655,1.4,
2025-08-06 04:00:00,HTX,Crypto.com,0.01,-0.1191,0.1291,6.45,1.8(0.036%),4.65,0.4655,1.4,
2025-08-06 04:00:00,Hyperliquid,Crypto.com,0.0026,-0.1191,0.1217,6.08,1.8(0.036%),4.29,0.4285,1.29,
2025-08-06 04:00:00,Bitunix,Crypto.com,0.0012,-0.1191,0.1203,6.02,1.8(0.036%),4.22,0.4215,1.26,
2025-08-06 04:00:00,BingX,Crypto.com,-0.0006,-0.1191,0.1185,5.92,1.8(0.036%),4.12,0.4125,1.24,
2025-08-05 20:00:00,Bitmex,Hyperliquid,0.01,-0.0448,0.0548,2.74,1.8(0.036%),0.94,0.094,0.28,
2025-08-05 20:00:00,HTX,Hyperliquid,0.01,-0.0448,0.0548,2.74,1.8(0.036%),0.94,0.094,0.28,
2025-08-05 20:00:00,Bitmex,KuCoin,0.01,-0.0447,0.0547,2.73,1.8(0.036%),0.94,0.0935,0.28,
2025-08-05 20:00:00,HTX,KuCoin,0.01,-0.0447,0.0547,2.73,1.8(0.036%),0.94,0.0935,0.28,
2025-08-05 20:00:00,BingX,Hyperliquid,-0.001,-0.0448,0.0438,2.19,1.8(0.036%),0.39,0.039,0.12,
2025-08-05 12:00:00,Bitmex,Hyperliquid,0.01,-0.0361,0.0461,2.31,1.8(0.036%),0.51,0.0505,0.15,
2025-08-05 12:00:00,HTX,Hyperliquid,0.01,-0.0361,0.0461,2.31,1.8(0.036%),0.51,0.0505,0.15,
2025-08-05 12:00:00,Bitget,Hyperliquid,0.005,-0.0361,0.0411,2.05,1.8(0.036%),0.25,0.0255,0.08,
2025-08-05 12:00:00,BingX,Hyperliquid,0.005,-0.0361,0.0411,2.05,1.8(0.036%),0.25,0.0255,0.08,
2025-08-05 12:00:00,Bybit,Hyperliquid,-0.0065,-0.0361,0.0296,1.48,1.8(0.036%),-0.32,-0.032,-0.1,
2025-08-05 04:00:00,Bitmex,Crypto.com,0.01,-0.0364,0.0464,2.32,1.8(0.036%),0.52,0.052,0.16,
2025-08-05 04:00:00,HTX,Crypto.com,0.01,-0.0364,0.0464,2.32,1.8(0.036%),0.52,0.052,0.16,
2025-08-05 04:00:00,OKX,Crypto.com,0.005,-0.0364,0.0414,2.07,1.8(0.036%),0.27,0.027,0.08,
2025-08-05 04:00:00,Bitget,Crypto.com,0.005,-0.0364,0.0414,2.07,1.8(0.036%),0.27,0.027,0.08,
2025-08-05 04:00:00,Gate,Crypto.com,0.005,-0.0364,0.0414,2.07,1.8(0.036%),0.27,0.027,0.08,
2025-08-04 20:00:00,Bitmex,Crypto.com,0.01,-0.0675,0.0775,3.88,1.8(0.036%),2.08,0.2075,0.62,
2025-08-04 20:00:00,Hyperliquid,Crypto.com,0.01,-0.0675,0.0775,3.88,1.8(0.036%),2.08,0.2075,0.62,
2025-08-04 20:00:00,HTX,Crypto.com,0.01,-0.0675,0.0775,3.88,1.8(0.036%),2.08,0.2075,0.62,
2025-08-04 20:00:00,BingX,Crypto.com,0.005,-0.0675,0.0725,3.63,1.8(0.036%),1.83,0.1825,0.55,
2025-08-04 20:00:00,Bitget,Crypto.com,0.005,-0.0675,0.0725,3.63,1.8(0.036%),1.83,0.1825,0.55,
2025-08-04 12:00:00,Bitmex,Crypto.com,0.01,-0.06,0.07,3.5,1.8(0.036%),1.7,0.17,0.51,
2025-08-04 12:00:00,HTX,Crypto.com,0.01,-0.06,0.07,3.5,1.8(0.036%),1.7,0.17,0.51,
2025-08-04 12:00:00,BingX,Crypto.com,0.0047,-0.06,0.0647,3.23,1.8(0.036%),1.43,0.1435,0.43,
2025-08-04 12:00:00,Bitget,Crypto.com,0.0042,-0.06,0.0642,3.21,1.8(0.036%),1.41,0.141,0.42,
2025-08-04 12:00:00,HTX,Hyperliquid,0.01,-0.0381,0.0481,2.41,1.8(0.036%),0.61,0.0605,0.18,
2025-08-04 04:00:00,Bitmex,Hyperliquid,0.01,-0.0643,0.0743,3.71,1.8(0.036%),1.92,0.1915,0.57,
2025-08-04 04:00:00,HTX,Hyperliquid,0.01,-0.0643,0.0743,3.71,1.8(0.036%),1.92,0.1915,0.57,
2025-08-04 04:00:00,Bitget,Hyperliquid,0.005,-0.0643,0.0693,3.47,1.8(0.036%),1.67,0.1665,0.5,
2025-08-04 04:00:00,BingX,Hyperliquid,0.005,-0.0643,0.0693,3.47,1.8(0.036%),1.67,0.1665,0.5,
2025-08-04 04:00:00,Bybit,Hyperliquid,0.0042,-0.0643,0.0685,3.42,1.8(0.036%),1.62,0.1625,0.49,
2025-08-03 20:00:00,Bitmex,Crypto.com,0.01,-0.0447,0.0547,2.73,1.8(0.036%),0.94,0.0935,0.28,
2025-08-03 20:00:00,HTX,Crypto.com,0.01,-0.0447,0.0547,2.73,1.8(0.036%),0.94,0.0935,0.28,
2025-08-03 20:00:00,BingX,Crypto.com,0.0013,-0.0447,0.046,2.3,1.8(0.036%),0.5,0.05,0.15,
2025-08-03 20:00:00,Bitget,Crypto.com,0.0012,-0.0447,0.0459,2.29,1.8(0.036%),0.5,0.0495,0.15,
2025-08-03 20:00:00,HTX,MEXC,0.01,-0.0295,0.0395,1.98,1.8(0.036%),0.18,0.0175,0.05,
2025-08-03 12:00:00,Bitmex,Crypto.com,0.01,-0.0655,0.0755,3.78,1.8(0.036%),1.98,0.1975,0.59,
2025-08-03 12:00:00,HTX,Crypto.com,0.01,-0.0655,0.0755,3.78,1.8(0.036%),1.98,0.1975,0.59,
2025-08-03 12:00:00,BingX,Crypto.com,-0.0002,-0.0655,0.0653,3.26,1.8(0.036%),1.46,0.1465,0.44,
2025-08-03 12:00:00,Bitget,Crypto.com,-0.0006,-0.0655,0.0649,3.24,1.8(0.036%),1.44,0.1445,0.43,
2025-08-03 12:00:00,Gate,Crypto.com,-0.0107,-0.0655,0.0548,2.74,1.8(0.036%),0.94,0.094,0.28,
2025-08-03 04:00:00,Bitmex,Crypto.com,0.01,-0.0668,0.0768,3.84,1.8(0.036%),2.04,0.204,0.61,
2025-08-03 04:00:00,HTX,Crypto.com,0.01,-0.0668,0.0768,3.84,1.8(0.036%),2.04,0.204,0.61,
2025-08-03 04:00:00,Bitget,Crypto.com,0.005,-0.0668,0.0718,3.59,1.8(0.036%),1.79,0.179,0.54,
2025-08-03 04:00:00,BingX,Crypto.com,0.005,-0.0668,0.0718,3.59,1.8(0.036%),1.79,0.179,0.54,
2025-08-03 04:00:00,Gate,Crypto.com,-0.002,-0.0668,0.0648,3.24,1.8(0.036%),1.44,0.144,0.43,
2025-08-02 20:00:00,Bitmex,Crypto.com,0.01,-0.0524,0.0624,3.12,1.8(0.036%),1.32,0.132,0.4,
2025-08-02 20:00:00,HTX,Crypto.com,0.01,-0.0524,0.0624,3.12,1.8(0.036%),1.32,0.132,0.4,
2025-08-02 20:00:00,OKX,Crypto.com,0.005,-0.0524,0.0574,2.87,1.8(0.036%),1.07,0.107,0.32,
2025-08-02 20:00:00,MEXC,Crypto.com,0.005,-0.0524,0.0574,2.87,1.8(0.036%),1.07,0.107,0.32,
2025-08-02 20:00:00,BingX,Crypto.com,0.005,-0.0524,0.0574,2.87,1.8(0.036%),1.07,0.107,0.32,
2025-08-02 12:00:00,Bitmex,Crypto.com,0.01,-0.0619,0.0719,3.59,1.8(0.036%),1.79,0.1795,0.54,
2025-08-02 12:00:00,HTX,Crypto.com,0.01,-0.0619,0.0719,3.59,1.8(0.036%),1.79,0.1795,0.54,
2025-08-02 12:00:00,OKX,Crypto.com,0.005,-0.0619,0.0669,3.35,1.8(0.036%),1.55,0.1545,0.46,
2025-08-02 12:00:00,Bitget,Crypto.com,0.005,-0.0619,0.0669,3.35,1.8(0.036%),1.55,0.1545,0.46,
2025-08-02 12:00:00,BingX,Crypto.com,0.005,-0.0619,0.0669,3.35,1.8(0.036%),1.55,0.1545,0.46,
2025-08-02 04:00:00,Bitunix,Crypto.com,0.0107,-0.0438,0.0545,2.73,1.8(0.036%),0.93,0.0925,0.28,
2025-08-02 04:00:00,HTX,Crypto.com,0.01,-0.0438,0.0538,2.69,1.8(0.036%),0.89,0.089,0.27,
2025-08-02 04:00:00,Bitmex,Crypto.com,0.01,-0.0438,0.0538,2.69,1.8(0.036%),0.89,0.089,0.27,
2025-08-02 04:00:00,Bitunix,CoinEx,0.0107,-0.0408,0.0515,2.58,1.8(0.036%),0.78,0.0775,0.23,
2025-08-02 04:00:00,HTX,CoinEx,0.01,-0.0408,0.0508,2.54,1.8(0.036%),0.74,0.074,0.22,
2025-08-01 20:00:00,Bitunix,Crypto.com,0.0129,-0.0775,0.0904,4.52,1.8(0.036%),2.72,0.272,0.82,
2025-08-01 20:00:00,HTX,Crypto.com,0.01,-0.0775,0.0875,4.37,1.8(0.036%),2.57,0.2575,0.77,
2025-08-01 20:00:00,Bitmex,Crypto.com,0.01,-0.0775,0.0875,4.37,1.8(0.036%),2.57,0.2575,0.77,
2025-08-01 20:00:00,BingX,Crypto.com,0.005,-0.0775,0.0825,4.12,1.8(0.036%),2.33,0.2325,0.7,
2025-08-01 20:00:00,Bitget,Crypto.com,0.005,-0.0775,0.0825,4.12,1.8(0.036%),2.33,0.2325,0.7,
2025-08-01 12:00:00,Bitunix,Crypto.com,0.0153,-0.1011,0.1164,5.82,1.8(0.036%),4.02,0.402,1.21,
2025-08-01 12:00:00,HTX,Crypto.com,0.01,-0.1011,0.1111,5.55,1.8(0.036%),3.75,0.3755,1.13,
2025-08-01 12:00:00,Bitmex,Crypto.com,0.01,-0.1011,0.1111,5.55,1.8(0.036%),3.75,0.3755,1.13,
2025-08-01 12:00:00,OKX,Crypto.com,0.005,-0.1011,0.1061,5.31,1.8(0.036%),3.51,0.3505,1.05,
2025-08-01 12:00:00,Bitget,Crypto.com,0.005,-0.1011,0.1061,5.31,1.8(0.036%),3.51,0.3505,1.05,
2025-08-01 04:00:00,Bitmex,Crypto.com,0.01,-0.0737,0.0837,4.18,1.8(0.036%),2.38,0.2385,0.72,
2025-08-01 04:00:00,HTX,Crypto.com,0.01,-0.0737,0.0837,4.18,1.8(0.036%),2.38,0.2385,0.72,
2025-08-01 04:00:00,Bitget,Crypto.com,0.005,-0.0737,0.0787,3.94,1.8(0.036%),2.14,0.2135,0.64,
2025-08-01 04:00:00,BingX,Crypto.com,0.005,-0.0737,0.0787,3.94,1.8(0.036%),2.14,0.2135,0.64,
2025-08-01 04:00:00,OKX,Crypto.com,0.0008,-0.0737,0.0745,3.73,1.8(0.036%),1.93,0.1925,0.58,
2025-07-31 20:00:00,Bitmex,Crypto.com,0.01,-0.0406,0.0506,2.53,1.8(0.036%),0.73,0.073,0.22,
2025-07-31 20:00:00,HTX,Crypto.com,0.01,-0.0406,0.0506,2.53,1.8(0.036%),0.73,0.073,0.22,
2025-07-31 20:00:00,Bybit,Crypto.com,0.005,-0.0406,0.0456,2.28,1.8(0.036%),0.48,0.048,0.14,
2025-07-31 20:00:00,Bitget,Crypto.com,0.005,-0.0406,0.0456,2.28,1.8(0.036%),0.48,0.048,0.14,
2025-07-31 20:00:00,OKX,Crypto.com,0.005,-0.0406,0.0456,2.28,1.8(0.036%),0.48,0.048,0.14,
2025-07-31 12:00:00,Bitunix,KuCoin,0.0208,-0.0298,0.0506,2.53,1.8(0.036%),0.73,0.073,0.22,
2025-07-31 12:00:00,Crypto.com,KuCoin,0.017,-0.0298,0.0468,2.34,1.8(0.036%),0.54,0.054,0.16,
2025-07-31 12:00:00,Bitunix,Hyperliquid,0.0208,-0.0241,0.0449,2.24,1.8(0.036%),0.44,0.0445,0.13,
2025-07-31 12:00:00,Bitunix,Binance,0.0208,-0.0209,0.0417,2.08,1.8(0.036%),0.29,0.0285,0.09,
2025-07-31 12:00:00,Crypto.com,Hyperliquid,0.017,-0.0241,0.0411,2.05,1.8(0.036%),0.25,0.0255,0.08,
2025-07-31 04:00:00,Crypto.com,KuCoin,0.0272,-0.0465,0.0737,3.69,1.8(0.036%),1.89,0.1885,0.57,
2025-07-31 04:00:00,Crypto.com,OKX,0.0272,-0.0359,0.0631,3.16,1.8(0.036%),1.36,0.1355,0.41,
2025-07-31 04:00:00,Crypto.com,MEXC,0.0272,-0.0359,0.0631,3.16,1.8(0.036%),1.36,0.1355,0.41,
2025-07-31 04:00:00,Crypto.com,Gate,0.0272,-0.0316,0.0588,2.94,1.8(0.036%),1.14,0.114,0.34,
2025-07-31 04:00:00,Bitmex,KuCoin,0.01,-0.0465,0.0565,2.82,1.8(0.036%),1.02,0.1025,0.31,
2025-07-30 20:00:00,Bitmex,KuCoin,0.01,-0.0383,0.0483,2.42,1.8(0.036%),0.62,0.0615,0.18,
2025-07-30 20:00:00,HTX,KuCoin,0.01,-0.0383,0.0483,2.42,1.8(0.036%),0.62,0.0615,0.18,
2025-07-30 20:00:00,Bitmex,Hyperliquid,0.01,-0.0347,0.0447,2.24,1.8(0.036%),0.44,0.0435,0.13,
2025-07-30 20:00:00,HTX,Hyperliquid,0.01,-0.0347,0.0447,2.24,1.8(0.036%),0.44,0.0435,0.13,
2025-07-30 20:00:00,BingX,KuCoin,0.005,-0.0383,0.0433,2.17,1.8(0.036%),0.37,0.0365,0.11,
2025-07-30 12:00:00,Bitunix,Hyperliquid,0.0147,-0.054,0.0687,3.44,1.8(0.036%),1.64,0.1635,0.49,
2025-07-30 12:00:00,HTX,Hyperliquid,0.01,-0.054,0.064,3.2,1.8(0.036%),1.4,0.14,0.42,
2025-07-30 12:00:00,Bitmex,Hyperliquid,0.01,-0.054,0.064,3.2,1.8(0.036%),1.4,0.14,0.42,
2025-07-30 12:00:00,BingX,Hyperliquid,0.005,-0.054,0.059,2.95,1.8(0.036%),1.15,0.115,0.34,
2025-07-30 12:00:00,Bitget,Hyperliquid,0.005,-0.054,0.059,2.95,1.8(0.036%),1.15,0.115,0.34,
2025-07-30 04:00:00,Bitunix,Hyperliquid,0.0183,-0.0591,0.0774,3.87,1.8(0.036%),2.07,0.207,0.62,
2025-07-30 04:00:00,HTX,Hyperliquid,0.01,-0.0591,0.0691,3.46,1.8(0.036%),1.66,0.1655,0.5,
2025-07-30 04:00:00,Bitmex,Hyperliquid,0.01,-0.0591,0.0691,3.46,1.8(0.036%),1.66,0.1655,0.5,
2025-07-30 04:00:00,BingX,Hyperliquid,0.005,-0.0591,0.0641,3.21,1.8(0.036%),1.41,0.1405,0.42,
2025-07-30 04:00:00,Bitget,Hyperliquid,0.005,-0.0591,0.0641,3.21,1.8(0.036%),1.41,0.1405,0.42,
2025-07-29 20:00:00,Bitmex,Hyperliquid,0.01,-0.0141,0.0241,1.21,1.8(0.036%),-0.59,-0.0595,-0.18,
2025-07-29 20:00:00,HTX,Hyperliquid,0.01,-0.0141,0.0241,1.21,1.8(0.036%),-0.59,-0.0595,-0.18,
2025-07-29 20:00:00,Bitmex,Crypto.com,0.01,-0.0109,0.0209,1.05,1.8(0.036%),-0.75,-0.0755,-0.23,
2025-07-29 20:00:00,HTX,Crypto.com,0.01,-0.0109,0.0209,1.05,1.8(0.036%),-0.75,-0.0755,-0.23,
2025-07-29 12:00:00,Bitunix,KuCoin,0.0213,-0.0324,0.0537,2.68,1.8(0.036%),0.88,0.0885,0.27,
2025-07-29 12:00:00,Bitunix,Binance,0.0213,-0.0213,0.0426,2.13,1.8(0.036%),0.33,0.033,0.1,
2025-07-29 12:00:00,Bitmex,KuCoin,0.01,-0.0324,0.0424,2.12,1.8(0.036%),0.32,0.032,0.1,
2025-07-29 12:00:00,HTX,KuCoin,0.01,-0.0324,0.0424,2.12,1.8(0.036%),0.32,0.032,0.1,
2025-07-29 12:00:00,Bitget,KuCoin,0.005,-0.0324,0.0374,1.87,1.8(0.036%),0.07,0.007,0.02,
2025-07-29 04:00:00,Bitunix,KuCoin,0.0124,-0.0293,0.0417,2.08,1.8(0.036%),0.29,0.0285,0.09,
2025-07-29 04:00:00,HTX,KuCoin,0.01,-0.0293,0.0393,1.97,1.8(0.036%),0.17,0.0165,0.05,
2025-07-29 04:00:00,Bitmex,KuCoin,0.01,-0.0293,0.0393,1.97,1.8(0.036%),0.17,0.0165,0.05,
2025-07-29 04:00:00,BingX,KuCoin,0.005,-0.0293,0.0343,1.71,1.8(0.036%),-0.08,-0.0085,-0.03,
2025-07-29 04:00:00,Gate,KuCoin,0.005,-0.0293,0.0343,1.71,1.8(0.036%),-0.08,-0.0085,-0.03,
2025-07-28 20:00:00,Bitunix,Hyperliquid,0.0345,-0.0691,0.1036,5.18,1.8(0.036%),3.38,0.338,1.01,
2025-07-28 20:00:00,Bitunix,MEXC,0.0345,-0.0529,0.0874,4.37,1.8(0.036%),2.57,0.257,0.77,
2025-07-28 20:00:00,Bitunix,OKX,0.0345,-0.0519,0.0864,4.32,1.8(0.036%),2.52,0.252,0.76,
2025-07-28 20:00:00,HTX,Hyperliquid,0.01,-0.0691,0.0791,3.95,1.8(0.036%),2.15,0.2155,0.65,
2025-07-28 20:00:00,Bitmex,Hyperliquid,0.01,-0.0691,0.0791,3.95,1.8(0.036%),2.15,0.2155,0.65,
2025-07-28 12:00:00,Bitunix,Bitget,0.0141,-0.021,0.0351,1.75,1.8(0.036%),-0.04,-0.0045,-0.01,
2025-07-28 12:00:00,Bitunix,Hyperliquid,0.0141,-0.0187,0.0328,1.64,1.8(0.036%),-0.16,-0.016,-0.05,
2025-07-28 12:00:00,Bitmex,Bitget,0.01,-0.021,0.031,1.55,1.8(0.036%),-0.25,-0.025,-0.07,
2025-07-28 12:00:00,HTX,Bitget,0.01,-0.021,0.031,1.55,1.8(0.036%),-0.25,-0.025,-0.07,
2025-07-28 12:00:00,HTX,Hyperliquid,0.01,-0.0187,0.0287,1.44,1.8(0.036%),-0.36,-0.0365,-0.11,
2025-07-28 04:00:00,Bitmex,KuCoin,0.01,-0.0179,0.0279,1.4,1.8(0.036%),-0.4,-0.0405,-0.12,
2025-07-28 04:00:00,HTX,KuCoin,0.01,-0.0179,0.0279,1.4,1.8(0.036%),-0.4,-0.0405,-0.12,
2025-07-28 04:00:00,Bitmex,Hyperliquid,0.01,-0.0175,0.0275,1.38,1.8(0.036%),-0.42,-0.0425,-0.13,
2025-07-28 04:00:00,HTX,Hyperliquid,0.01,-0.0175,0.0275,1.38,1.8(0.036%),-0.42,-0.0425,-0.13,
2025-07-28 04:00:00,Bitunix,KuCoin,0.0073,-0.0179,0.0252,1.26,1.8(0.036%),-0.54,-0.054,-0.16,
2025-07-27 20:00:00,Crypto.com,Hyperliquid,0.08,-0.0392,0.1192,5.96,1.8(0.036%),4.16,0.416,1.25,
2025-07-27 20:00:00,Crypto.com,Gate,0.08,-0.0161,0.0961,4.81,1.8(0.036%),3.01,0.3005,0.9,
2025-07-27 20:00:00,Crypto.com,Bitget,0.08,-0.0128,0.0928,4.64,1.8(0.036%),2.84,0.284,0.85,
2025-07-27 20:00:00,Crypto.com,CoinEx,0.08,-0.0117,0.0917,4.58,1.8(0.036%),2.79,0.2785,0.84,
2025-07-27 20:00:00,Crypto.com,KuCoin,0.08,-0.0077,0.0877,4.38,1.8(0.036%),2.58,0.2585,0.78,
2025-07-27 12:00:00,Crypto.com,KuCoin,0.0433,-0.013,0.0563,2.81,1.8(0.036%),1.01,0.1015,0.3,
2025-07-27 12:00:00,Crypto.com,CoinEx,0.0433,-0.0106,0.0539,2.69,1.8(0.036%),0.9,0.0895,0.27,
2025-07-27 12:00:00,Crypto.com,Gate,0.0433,-0.0031,0.0464,2.32,1.8(0.036%),0.52,0.052,0.16,
2025-07-27 12:00:00,Crypto.com,Binance,0.0433,-0.0028,0.0461,2.3,1.8(0.036%),0.5,0.0505,0.15,
2025-07-27 12:00:00,Crypto.com,Hyperliquid,0.0433,0.0001,0.0432,2.16,1.8(0.036%),0.36,0.036,0.11,
2025-07-27 04:00:00,Bitunix,KuCoin,0.0147,-0.0216,0.0363,1.81,1.8(0.036%),0.02,0.0015,0.0,
2025-07-27 04:00:00,Bitunix,Hyperliquid,0.0147,-0.0175,0.0322,1.61,1.8(0.036%),-0.19,-0.019,-0.06,
2025-07-27 04:00:00,Bitmex,KuCoin,0.01,-0.0216,0.0316,1.58,1.8(0.036%),-0.22,-0.022,-0.07,
2025-07-27 04:00:00,HTX,KuCoin,0.01,-0.0216,0.0316,1.58,1.8(0.036%),-0.22,-0.022,-0.07,
2025-07-27 04:00:00,Bitunix,CoinEx,0.0147,-0.0155,0.0302,1.51,1.8(0.036%),-0.29,-0.029,-0.09,
2025-07-26 20:00:00,Bitunix,KuCoin,0.0136,-0.0331,0.0467,2.33,1.8(0.036%),0.54,0.0535,0.16,
2025-07-26 20:00:00,HTX,KuCoin,0.01,-0.0331,0.0431,2.16,1.8(0.036%),0.36,0.0355,0.11,
2025-07-26 20:00:00,Bitmex,KuCoin,0.01,-0.0331,0.0431,2.16,1.8(0.036%),0.36,0.0355,0.11,
2025-07-26 20:00:00,BingX,KuCoin,-0.0014,-0.0331,0.0317,1.58,1.8(0.036%),-0.21,-0.0215,-0.06,
2025-07-26 20:00:00,Bitunix,Hyperliquid,0.0136,-0.018,0.0316,1.58,1.8(0.036%),-0.22,-0.022,-0.07,
2025-07-26 12:00:00,Crypto.com,Gate,0.0373,-0.0529,0.0902,4.51,1.8(0.036%),2.71,0.271,0.81,
2025-07-26 12:00:00,Crypto.com,Hyperliquid,0.0373,-0.0394,0.0767,3.83,1.8(0.036%),2.03,0.2035,0.61,
2025-07-26 12:00:00,Crypto.com,KuCoin,0.0373,-0.0376,0.0749,3.75,1.8(0.036%),1.95,0.1945,0.58,
2025-07-26 12:00:00,Bitunix,Gate,0.0213,-0.0529,0.0742,3.71,1.8(0.036%),1.91,0.191,0.57,
2025-07-26 12:00:00,Crypto.com,CoinEx,0.0373,-0.027,0.0643,3.21,1.8(0.036%),1.41,0.1415,0.42,
2025-07-26 04:00:00,Crypto.com,Gate,0.0219,-0.0724,0.0943,4.71,1.8(0.036%),2.92,0.2915,0.87,
2025-07-26 04:00:00,Bitunix,Gate,0.0154,-0.0724,0.0878,4.39,1.8(0.036%),2.59,0.259,0.78,
2025-07-26 04:00:00,Bitmex,Gate,0.01,-0.0724,0.0824,4.12,1.8(0.036%),2.32,0.232,0.7,
2025-07-26 04:00:00,HTX,Gate,0.01,-0.0724,0.0824,4.12,1.8(0.036%),2.32,0.232,0.7,
2025-07-26 04:00:00,BingX,Gate,-0.0006,-0.0724,0.0718,3.59,1.8(0.036%),1.79,0.179,0.54,
2025-07-25 20:00:00,Bitunix,KuCoin,0.0104,-0.0317,0.0421,2.1,1.8(0.036%),0.31,0.0305,0.09,
2025-07-25 20:00:00,HTX,KuCoin,0.01,-0.0317,0.0417,2.08,1.8(0.036%),0.29,0.0285,0.09,
2025-07-25 20:00:00,Bitmex,KuCoin,0.01,-0.0317,0.0417,2.08,1.8(0.036%),0.29,0.0285,0.09,
2025-07-25 20:00:00,MEXC,KuCoin,0.005,-0.0317,0.0367,1.83,1.8(0.036%),0.04,0.0035,0.01,
2025-07-25 20:00:00,BingX,KuCoin,0.0048,-0.0317,0.0365,1.82,1.8(0.036%),0.03,0.0025,0.01,
2025-07-25 12:00:00,Crypto.com,KuCoin,0.034,-0.0275,0.0615,3.07,1.8(0.036%),1.27,0.1275,0.38,
2025-07-25 12:00:00,Crypto.com,Hyperliquid,0.034,-0.0163,0.0503,2.51,1.8(0.036%),0.71,0.0715,0.21,
2025-07-25 12:00:00,Crypto.com,CoinEx,0.034,-0.0155,0.0495,2.48,1.8(0.036%),0.68,0.0675,0.2,
2025-07-25 12:00:00,Crypto.com,Binance,0.034,-0.0128,0.0468,2.34,1.8(0.036%),0.54,0.054,0.16,
2025-07-25 12:00:00,Crypto.com,Gate,0.034,-0.0097,0.0437,2.19,1.8(0.036%),0.39,0.0385,0.12,
2025-07-25 04:00:00,Bitunix,KuCoin,0.0269,-0.0531,0.08,4.0,1.8(0.036%),2.2,0.22,0.66,
2025-07-25 04:00:00,Bitunix,Crypto.com,0.0269,-0.0401,0.067,3.35,1.8(0.036%),1.55,0.155,0.47,
2025-07-25 04:00:00,Bitunix,Hyperliquid,0.0269,-0.0374,0.0643,3.21,1.8(0.036%),1.41,0.1415,0.42,
2025-07-25 04:00:00,HTX,KuCoin,0.01,-0.0531,0.0631,3.16,1.8(0.036%),1.36,0.1355,0.41,
2025-07-25 04:00:00,Bitmex,KuCoin,0.01,-0.0531,0.0631,3.16,1.8(0.036%),1.36,0.1355,0.41,
2025-07-24 20:00:00,Bitmex,Crypto.com,0.01,-0.0642,0.0742,3.71,1.8(0.036%),1.91,0.191,0.57,
2025-07-24 20:00:00,HTX,Crypto.com,0.01,-0.0642,0.0742,3.71,1.8(0.036%),1.91,0.191,0.57,
2025-07-24 20:00:00,Gate,Crypto.com,0.005,-0.0642,0.0692,3.46,1.8(0.036%),1.66,0.166,0.5,
2025-07-24 20:00:00,Bitget,Crypto.com,0.005,-0.0642,0.0692,3.46,1.8(0.036%),1.66,0.166,0.5,
2025-07-24 20:00:00,BingX,Crypto.com,0.005,-0.0642,0.0692,3.46,1.8(0.036%),1.66,0.166,0.5,
2025-07-24 12:00:00,CoinEx,Crypto.com,0.0114,-0.0653,0.0767,3.83,1.8(0.036%),2.03,0.2035,0.61,
2025-07-24 12:00:00,HTX,Crypto.com,0.01,-0.0653,0.0753,3.76,1.8(0.036%),1.96,0.1965,0.59,
2025-07-24 12:00:00,Bitmex,Crypto.com,0.01,-0.0653,0.0753,3.76,1.8(0.036%),1.96,0.1965,0.59,
2025-07-24 12:00:00,CoinEx,Hyperliquid,0.0114,-0.0598,0.0712,3.56,1.8(0.036%),1.76,0.176,0.53,
2025-07-24 12:00:00,HTX,Hyperliquid,0.01,-0.0598,0.0698,3.49,1.8(0.036%),1.69,0.169,0.51,
2025-07-24 04:00:00,CoinEx,Hyperliquid,0.0433,-0.0695,0.1128,5.64,1.8(0.036%),3.84,0.384,1.15,
2025-07-24 04:00:00,CoinEx,Bitunix,0.0433,-0.0411,0.0844,4.22,1.8(0.036%),2.42,0.242,0.73,
2025-07-24 04:00:00,CoinEx,Binance,0.0433,-0.0403,0.0836,4.18,1.8(0.036%),2.38,0.238,0.71,
2025-07-24 04:00:00,Bitmex,Hyperliquid,0.01,-0.0695,0.0795,3.98,1.8(0.036%),2.18,0.2175,0.65,
2025-07-24 04:00:00,HTX,Hyperliquid,0.01,-0.0695,0.0795,3.98,1.8(0.036%),2.18,0.2175,0.65,
2025-07-23 20:00:00,Bitmex,Hyperliquid,0.01,-0.0483,0.0583,2.92,1.8(0.036%),1.12,0.1115,0.33,
2025-07-23 20:00:00,HTX,Hyperliquid,0.01,-0.0483,0.0583,2.92,1.8(0.036%),1.12,0.1115,0.33,
2025-07-23 20:00:00,OKX,Hyperliquid,0.005,-0.0483,0.0533,2.67,1.8(0.036%),0.87,0.0865,0.26,
2025-07-23 20:00:00,Bitget,Hyperliquid,0.005,-0.0483,0.0533,2.67,1.8(0.036%),0.87,0.0865,0.26,
2025-07-23 20:00:00,BingX,Hyperliquid,0.005,-0.0483,0.0533,2.67,1.8(0.036%),0.87,0.0865,0.26,
2025-07-23 12:00:00,Bitunix,Hyperliquid,0.0405,-0.0769,0.1174,5.87,1.8(0.036%),4.07,0.407,1.22,
2025-07-23 12:00:00,Bitunix,Crypto.com,0.0405,-0.0666,0.1071,5.35,1.8(0.036%),3.55,0.3555,1.07,
2025-07-23 12:00:00,Bitunix,CoinEx,0.0405,-0.0514,0.0919,4.6,1.8(0.036%),2.8,0.2795,0.84,
2025-07-23 12:00:00,HTX,Hyperliquid,0.01,-0.0769,0.0869,4.34,1.8(0.036%),2.54,0.2545,0.76,
2025-07-23 12:00:00,Bitmex,Hyperliquid,0.01,-0.0769,0.0869,4.34,1.8(0.036%),2.54,0.2545,0.76,
2025-07-23 04:00:00,KuCoin,Crypto.com,0.0359,-0.0441,0.08,4.0,1.8(0.036%),2.2,0.22,0.66,
2025-07-23 04:00:00,HTX,Crypto.com,0.01,-0.0441,0.0541,2.71,1.8(0.036%),0.91,0.0905,0.27,
2025-07-23 04:00:00,Bitmex,Crypto.com,0.01,-0.0441,0.0541,2.71,1.8(0.036%),0.91,0.0905,0.27,
2025-07-23 04:00:00,OKX,Crypto.com,0.005,-0.0441,0.0491,2.46,1.8(0.036%),0.66,0.0655,0.2,
2025-07-23 04:00:00,Bitget,Crypto.com,0.005,-0.0441,0.0491,2.46,1.8(0.036%),0.66,0.0655,0.2,
2025-07-22 20:00:00,KuCoin,Crypto.com,0.0239,-0.0239,0.0478,2.39,1.8(0.036%),0.59,0.059,0.18,
2025-07-22 20:00:00,HTX,Crypto.com,0.01,-0.0239,0.0339,1.7,1.8(0.036%),-0.1,-0.0105,-0.03,
2025-07-22 20:00:00,Bitmex,Crypto.com,0.01,-0.0239,0.0339,1.7,1.8(0.036%),-0.1,-0.0105,-0.03,
2025-07-22 20:00:00,KuCoin,Hyperliquid,0.0239,-0.0083,0.0322,1.61,1.8(0.036%),-0.19,-0.019,-0.06,
2025-07-22 20:00:00,OKX,Crypto.com,0.005,-0.0239,0.0289,1.45,1.8(0.036%),-0.35,-0.0355,-0.11,
2025-07-22 12:00:00,KuCoin,Crypto.com,0.0187,-0.0228,0.0415,2.08,1.8(0.036%),0.28,0.0275,0.08,
2025-07-22 12:00:00,HTX,Crypto.com,0.01,-0.0228,0.0328,1.64,1.8(0.036%),-0.16,-0.016,-0.05,
2025-07-22 12:00:00,Bitmex,Crypto.com,0.01,-0.0228,0.0328,1.64,1.8(0.036%),-0.16,-0.016,-0.05,
2025-07-22 12:00:00,Hyperliquid,Crypto.com,0.01,-0.0228,0.0328,1.64,1.8(0.036%),-0.16,-0.016,-0.05,
2025-07-22 12:00:00,Bybit,Crypto.com,0.005,-0.0228,0.0278,1.39,1.8(0.036%),-0.41,-0.041,-0.12,
2025-07-22 04:00:00,Bitmex,CoinEx,0.01,-0.0183,0.0283,1.42,1.8(0.036%),-0.38,-0.0385,-0.12,
2025-07-22 04:00:00,Hyperliquid,CoinEx,0.01,-0.0183,0.0283,1.42,1.8(0.036%),-0.38,-0.0385,-0.12,
2025-07-22 04:00:00,HTX,CoinEx,0.01,-0.0183,0.0283,1.42,1.8(0.036%),-0.38,-0.0385,-0.12,
2025-07-22 04:00:00,HTX,Crypto.com,0.01,-0.0148,0.0248,1.24,1.8(0.036%),-0.56,-0.056,-0.17,
2025-07-22 04:00:00,Hyperliquid,Crypto.com,0.01,-0.0148,0.0248,1.24,1.8(0.036%),-0.56,-0.056,-0.17,
2025-07-21 20:00:00,Bitmex,Crypto.com,0.01,-0.0185,0.0285,1.43,1.8(0.036%),-0.37,-0.0375,-0.11,
2025-07-21 20:00:00,HTX,Crypto.com,0.01,-0.0185,0.0285,1.43,1.8(0.036%),-0.37,-0.0375,-0.11,
2025-07-21 20:00:00,Hyperliquid,Crypto.com,0.0089,-0.0185,0.0274,1.37,1.8(0.036%),-0.43,-0.043,-0.13,
2025-07-21 20:00:00,Bitmex,OKX,0.01,-0.0161,0.0261,1.3,1.8(0.036%),-0.49,-0.0495,-0.15,
2025-07-21 20:00:00,HTX,OKX,0.01,-0.0161,0.0261,1.3,1.8(0.036%),-0.49,-0.0495,-0.15,
2025-07-21 12:00:00,Crypto.com,CoinEx,0.0285,0.0,0.0285,1.43,1.8(0.036%),-0.37,-0.0375,-0.11,
2025-07-21 12:00:00,Crypto.com,MEXC,0.0285,0.0026,0.0259,1.29,1.8(0.036%),-0.5,-0.0505,-0.15,
2025-07-21 12:00:00,Crypto.com,OKX,0.0285,0.0031,0.0254,1.27,1.8(0.036%),-0.53,-0.053,-0.16,
2025-07-21 12:00:00,Crypto.com,Bybit,0.0285,0.005,0.0235,1.18,1.8(0.036%),-0.62,-0.0625,-0.19,
2025-07-21 12:00:00,Crypto.com,Gate,0.0285,0.005,0.0235,1.18,1.8(0.036%),-0.62,-0.0625,-0.19,
2025-07-21 04:00:00,KuCoin,Crypto.com,0.0303,-0.0084,0.0387,1.93,1.8(0.036%),0.14,0.0135,0.04,
2025-07-21 04:00:00,KuCoin,CoinEx,0.0303,0.0,0.0303,1.51,1.8(0.036%),-0.28,-0.0285,-0.09,
2025-07-21 04:00:00,KuCoin,Binance,0.0303,0.005,0.0253,1.26,1.8(0.036%),-0.53,-0.0535,-0.16,
2025-07-21 04:00:00,KuCoin,BingX,0.0303,0.005,0.0253,1.26,1.8(0.036%),-0.53,-0.0535,-0.16,
2025-07-21 04:00:00,KuCoin,Bitunix,0.0303,0.005,0.0253,1.26,1.8(0.036%),-0.53,-0.0535,-0.16,
2025-07-20 20:00:00,KuCoin,Crypto.com,0.0228,-0.011,0.0338,1.69,1.8(0.036%),-0.11,-0.011,-0.03,
2025-07-20 20:00:00,KuCoin,CoinEx,0.0228,0.0,0.0228,1.14,1.8(0.036%),-0.66,-0.066,-0.2,
2025-07-20 20:00:00,Bitmex,Crypto.com,0.01,-0.011,0.021,1.05,1.8(0.036%),-0.75,-0.075,-0.22,
2025-07-20 20:00:00,KuCoin,Hyperliquid,0.0228,0.0018,0.021,1.05,1.8(0.036%),-0.75,-0.075,-0.22,
2025-07-20 20:00:00,HTX,Crypto.com,0.01,-0.011,0.021,1.05,1.8(0.036%),-0.75,-0.075,-0.22,
2025-07-20 12:00:00,KuCoin,Crypto.com,0.0108,-0.0586,0.0694,3.47,1.8(0.036%),1.67,0.167,0.5,
2025-07-20 12:00:00,HTX,Crypto.com,0.01,-0.0586,0.0686,3.43,1.8(0.036%),1.63,0.163,0.49,
2025-07-20 12:00:00,Bitmex,Crypto.com,0.01,-0.0586,0.0686,3.43,1.8(0.036%),1.63,0.163,0.49,
2025-07-20 12:00:00,Hyperliquid,Crypto.com,0.01,-0.0586,0.0686,3.43,1.8(0.036%),1.63,0.163,0.49,
2025-07-20 12:00:00,OKX,Crypto.com,0.005,-0.0586,0.0636,3.18,1.8(0.036%),1.38,0.138,0.41,
2025-07-20 04:00:00,KuCoin,Crypto.com,0.0192,-0.0823,0.1015,5.07,1.8(0.036%),3.27,0.3275,0.98,
2025-07-20 04:00:00,HTX,Crypto.com,0.01,-0.0823,0.0923,4.61,1.8(0.036%),2.81,0.2815,0.84,
2025-07-20 04:00:00,Bitmex,Crypto.com,0.01,-0.0823,0.0923,4.61,1.8(0.036%),2.81,0.2815,0.84,
2025-07-20 04:00:00,OKX,Crypto.com,0.005,-0.0823,0.0873,4.37,1.8(0.036%),2.57,0.2565,0.77,
2025-07-20 04:00:00,Bitget,Crypto.com,0.005,-0.0823,0.0873,4.37,1.8(0.036%),2.57,0.2565,0.77,
2025-07-19 20:00:00,Bitmex,Crypto.com,0.01,-0.0509,0.0609,3.05,1.8(0.036%),1.25,0.1245,0.37,
2025-07-19 20:00:00,HTX,Crypto.com,0.01,-0.0509,0.0609,3.05,1.8(0.036%),1.25,0.1245,0.37,
2025-07-19 20:00:00,Bitunix,Crypto.com,0.0092,-0.0509,0.0601,3.0,1.8(0.036%),1.21,0.1205,0.36,
2025-07-19 20:00:00,Gate,Crypto.com,0.005,-0.0509,0.0559,2.8,1.8(0.036%),1.0,0.0995,0.3,
2025-07-19 20:00:00,Bitget,Crypto.com,0.005,-0.0509,0.0559,2.8,1.8(0.036%),1.0,0.0995,0.3,
2025-07-19 12:00:00,Bitmex,Crypto.com,0.01,-0.094,0.104,5.2,1.8(0.036%),3.4,0.34,1.02,
2025-07-19 12:00:00,HTX,Crypto.com,0.01,-0.094,0.104,5.2,1.8(0.036%),3.4,0.34,1.02,
2025-07-19 12:00:00,Bitunix,Crypto.com,0.0098,-0.094,0.1038,5.19,1.8(0.036%),3.39,0.339,1.02,
2025-07-19 12:00:00,BingX,Crypto.com,0.005,-0.094,0.099,4.95,1.8(0.036%),3.15,0.315,0.95,
2025-07-19 12:00:00,Bitget,Crypto.com,0.005,-0.094,0.099,4.95,1.8(0.036%),3.15,0.315,0.95,
2025-07-19 04:00:00,Bitunix,Crypto.com,0.0316,-0.1214,0.153,7.65,1.8(0.036%),5.85,0.585,1.75,
2025-07-19 04:00:00,HTX,Crypto.com,0.01,-0.1214,0.1314,6.57,1.8(0.036%),4.77,0.477,1.43,
2025-07-19 04:00:00,Bitmex,Crypto.com,0.01,-0.1214,0.1314,6.57,1.8(0.036%),4.77,0.477,1.43,
2025-07-19 04:00:00,BingX,Crypto.com,-0.0028,-0.1214,0.1186,5.93,1.8(0.036%),4.13,0.413,1.24,
2025-07-19 04:00:00,Bitget,Crypto.com,-0.0061,-0.1214,0.1153,5.76,1.8(0.036%),3.96,0.3965,1.19,
2025-07-18 20:00:00,Bitunix,Crypto.com,0.0155,-0.1329,0.1484,7.42,1.8(0.036%),5.62,0.562,1.69,
2025-07-18 20:00:00,HTX,Crypto.com,0.01,-0.1329,0.1429,7.14,1.8(0.036%),5.34,0.5345,1.6,
2025-07-18 20:00:00,Bitmex,Crypto.com,0.01,-0.1329,0.1429,7.14,1.8(0.036%),5.34,0.5345,1.6,
2025-07-18 20:00:00,OKX,Crypto.com,0.005,-0.1329,0.1379,6.9,1.8(0.036%),5.1,0.5095,1.53,
2025-07-18 20:00:00,Bitget,Crypto.com,0.005,-0.1329,0.1379,6.9,1.8(0.036%),5.1,0.5095,1.53,
2025-07-18 12:00:00,Bitunix,Hyperliquid,0.033,-0.0586,0.0916,4.58,1.8(0.036%),2.78,0.278,0.83,
2025-07-18 12:00:00,Crypto.com,Hyperliquid,0.0132,-0.0586,0.0718,3.59,1.8(0.036%),1.79,0.179,0.54,
2025-07-18 12:00:00,Bitmex,Hyperliquid,0.01,-0.0586,0.0686,3.43,1.8(0.036%),1.63,0.163,0.49,
2025-07-18 12:00:00,HTX,Hyperliquid,0.01,-0.0586,0.0686,3.43,1.8(0.036%),1.63,0.163,0.49,
2025-07-18 12:00:00,Bitunix,CoinEx,0.033,-0.0354,0.0684,3.42,1.8(0.036%),1.62,0.162,0.49,
2025-07-18 04:00:00,Bitmex,Crypto.com,0.01,-0.0303,0.0403,2.02,1.8(0.036%),0.22,0.0215,0.06,
2025-07-18 04:00:00,Hyperliquid,Crypto.com,0.01,-0.0303,0.0403,2.02,1.8(0.036%),0.22,0.0215,0.06,
2025-07-18 04:00:00,HTX,Crypto.com,0.01,-0.0303,0.0403,2.02,1.8(0.036%),0.22,0.0215,0.06,
2025-07-18 04:00:00,HTX,CoinEx,0.01,-0.026,0.036,1.8,1.8(0.036%),0.0,0.0,0.0,
2025-07-18 04:00:00,Hyperliquid,CoinEx,0.01,-0.026,0.036,1.8,1.8(0.036%),0.0,0.0,0.0,
2025-07-17 20:00:00,Bitmex,Crypto.com,0.01,-0.1074,0.1174,5.87,1.8(0.036%),4.07,0.407,1.22,
2025-07-17 20:00:00,Hyperliquid,Crypto.com,0.01,-0.1074,0.1174,5.87,1.8(0.036%),4.07,0.407,1.22,
2025-07-17 20:00:00,HTX,Crypto.com,0.01,-0.1074,0.1174,5.87,1.8(0.036%),4.07,0.407,1.22,
2025-07-17 20:00:00,Bybit,Crypto.com,0.005,-0.1074,0.1124,5.62,1.8(0.036%),3.82,0.382,1.15,
2025-07-17 20:00:00,Bitget,Crypto.com,0.005,-0.1074,0.1124,5.62,1.8(0.036%),3.82,0.382,1.15,
2025-07-17 12:00:00,Bitmex,Crypto.com,0.01,-0.0703,0.0803,4.01,1.8(0.036%),2.21,0.2215,0.66,
2025-07-17 12:00:00,HTX,Crypto.com,0.01,-0.0703,0.0803,4.01,1.8(0.036%),2.21,0.2215,0.66,
2025-07-17 12:00:00,MEXC,Crypto.com,0.005,-0.0703,0.0753,3.77,1.8(0.036%),1.97,0.1965,0.59,
2025-07-17 12:00:00,Bitget,Crypto.com,0.005,-0.0703,0.0753,3.77,1.8(0.036%),1.97,0.1965,0.59,
2025-07-17 12:00:00,BingX,Crypto.com,0.005,-0.0703,0.0753,3.77,1.8(0.036%),1.97,0.1965,0.59,
2025-07-17 04:00:00,Bitmex,Crypto.com,0.01,-0.0723,0.0823,4.11,1.8(0.036%),2.31,0.2315,0.69,
2025-07-17 04:00:00,HTX,Crypto.com,0.0047,-0.0723,0.077,3.85,1.8(0.036%),2.05,0.205,0.61,
2025-07-17 04:00:00,BingX,Crypto.com,0.004,-0.0723,0.0763,3.82,1.8(0.036%),2.02,0.2015,0.6,
2025-07-17 04:00:00,Bitget,Crypto.com,0.0038,-0.0723,0.0761,3.8,1.8(0.036%),2.0,0.2005,0.6,
2025-07-17 04:00:00,Gate,Crypto.com,-0.0031,-0.0723,0.0692,3.46,1.8(0.036%),1.66,0.166,0.5,
2025-07-16 20:00:00,Bitmex,Crypto.com,0.01,-0.0775,0.0875,4.37,1.8(0.036%),2.57,0.2575,0.77,
2025-07-16 20:00:00,Hyperliquid,Crypto.com,0.01,-0.0775,0.0875,4.37,1.8(0.036%),2.57,0.2575,0.77,
2025-07-16 20:00:00,HTX,Crypto.com,0.01,-0.0775,0.0875,4.37,1.8(0.036%),2.57,0.2575,0.77,
2025-07-16 20:00:00,Bitunix,Crypto.com,0.0065,-0.0775,0.084,4.2,1.8(0.036%),2.4,0.24,0.72,
2025-07-16 20:00:00,Bybit,Crypto.com,0.005,-0.0775,0.0825,4.12,1.8(0.036%),2.33,0.2325,0.7,
2025-07-16 12:00:00,Bitunix,Crypto.com,0.0193,-0.0517,0.071,3.55,1.8(0.036%),1.75,0.175,0.53,
2025-07-16 12:00:00,HTX,Crypto.com,0.01,-0.0517,0.0617,3.08,1.8(0.036%),1.29,0.1285,0.39,
2025-07-16 12:00:00,Bitmex,Crypto.com,0.01,-0.0517,0.0617,3.08,1.8(0.036%),1.29,0.1285,0.39,
2025-07-16 12:00:00,BingX,Crypto.com,0.005,-0.0517,0.0567,2.83,1.8(0.036%),1.04,0.1035,0.31,
2025-07-16 12:00:00,Bitget,Crypto.com,0.005,-0.0517,0.0567,2.83,1.8(0.036%),1.04,0.1035,0.31,
