Time,Short@,Long@,Short(%),Long(%),AbsSpread(%),GrossPnL,BorrowCost(0.0048%/h),NetPnL,ROI(%),ROI_day(%),BelowMin
2025-08-21 04:27:00,Bybit,Crypto.com,0.01,-0.1885,0.1985,9.93,1.92(0.0384%),8.01,0.8005,2.4,False
2025-08-21 04:27:00,Bybit,Bitunix,0.01,-0.1882,0.1982,9.91,1.92(0.0384%),7.99,0.799,2.4,False
2025-08-21 04:27:00,Bybit,MEXC,0.01,-0.1801,0.1901,9.51,1.92(0.0384%),7.59,0.7585,2.28,False
2025-08-21 04:27:00,Bybit,Binance,0.01,-0.1789,0.1889,9.45,1.92(0.0384%),7.53,0.7525,2.26,False
2025-08-21 04:27:00,Bybit,OKX,0.01,-0.1643,0.1743,8.72,1.92(0.0384%),6.8,0.6795,2.04,False
2025-08-21 04:00:00,Bitget,Crypto.com,-0.1564,-0.473,0.3166,15.83,1.92(0.0384%),13.91,1.391,4.17,False
2025-08-21 04:00:00,Bybit,Crypto.com,-0.1606,-0.473,0.3124,15.62,1.92(0.0384%),13.7,1.37,4.11,False
2025-08-21 04:00:00,OKX,Crypto.com,-0.1929,-0.473,0.2801,14.01,1.92(0.0384%),12.09,1.2085,3.63,False
2025-08-21 04:00:00,Binance,Crypto.com,-0.2038,-0.473,0.2692,13.46,1.92(0.0384%),11.54,1.154,3.46,False
2025-08-21 04:00:00,MEXC,Crypto.com,-0.2074,-0.473,0.2656,13.28,1.92(0.0384%),11.36,1.136,3.41,False
2025-08-20 20:00:00,Bitunix,MEXC,0.1285,-0.1285,0.257,12.85,1.92(0.0384%),10.93,1.093,3.28,False
2025-08-20 20:00:00,Bitunix,Binance,0.1285,-0.127,0.2555,12.78,1.92(0.0384%),10.86,1.0855,3.26,False
2025-08-20 20:00:00,Bitunix,KuCoin,0.1285,-0.1173,0.2458,12.29,1.92(0.0384%),10.37,1.037,3.11,False
2025-08-20 20:00:00,Bitunix,OKX,0.1285,-0.1111,0.2396,11.98,1.92(0.0384%),10.06,1.006,3.02,False
2025-08-20 20:00:00,Bitunix,Bybit,0.1285,-0.0876,0.2161,10.81,1.92(0.0384%),8.89,0.8885,2.67,False
2025-08-20 12:00:00,Bitunix,Crypto.com,0.014,-0.1768,0.1908,9.54,1.92(0.0384%),7.62,0.762,2.29,False
2025-08-20 12:00:00,Gate,Crypto.com,0.01,-0.1768,0.1868,9.34,1.92(0.0384%),7.42,0.742,2.23,False
2025-08-20 12:00:00,Bitget,Crypto.com,0.01,-0.1768,0.1868,9.34,1.92(0.0384%),7.42,0.742,2.23,False
2025-08-20 12:00:00,Bybit,Crypto.com,-0.0002,-0.1768,0.1766,8.83,1.92(0.0384%),6.91,0.691,2.07,False
2025-08-20 12:00:00,Binance,Crypto.com,-0.0117,-0.1768,0.1651,8.26,1.92(0.0384%),6.34,0.6335,1.9,False
2025-08-20 04:00:00,Gate,Crypto.com,0.01,-0.0713,0.0813,4.06,1.92(0.0384%),2.14,0.2145,0.64,False
2025-08-20 04:00:00,Bitget,Crypto.com,0.01,-0.0713,0.0813,4.06,1.92(0.0384%),2.14,0.2145,0.64,False
2025-08-20 04:00:00,Bybit,Crypto.com,0.01,-0.0713,0.0813,4.06,1.92(0.0384%),2.14,0.2145,0.64,False
2025-08-20 04:00:00,Bitunix,Crypto.com,0.0079,-0.0713,0.0792,3.96,1.92(0.0384%),2.04,0.204,0.61,False
2025-08-20 04:00:00,OKX,Crypto.com,0.0005,-0.0713,0.0718,3.59,1.92(0.0384%),1.67,0.167,0.5,False
2025-08-19 20:00:00,KuCoin,Crypto.com,0.0222,-0.0958,0.118,5.9,1.92(0.0384%),3.98,0.398,1.19,False
2025-08-19 20:00:00,OKX,Crypto.com,0.01,-0.0958,0.1058,5.29,1.92(0.0384%),3.37,0.337,1.01,False
2025-08-19 20:00:00,Bybit,Crypto.com,0.01,-0.0958,0.1058,5.29,1.92(0.0384%),3.37,0.337,1.01,False
2025-08-19 20:00:00,Bitget,Crypto.com,0.01,-0.0958,0.1058,5.29,1.92(0.0384%),3.37,0.337,1.01,False
2025-08-19 20:00:00,Gate,Crypto.com,0.0088,-0.0958,0.1046,5.23,1.92(0.0384%),3.31,0.331,0.99,False
2025-08-19 12:00:00,Gate,Crypto.com,0.01,-0.0613,0.0713,3.56,1.92(0.0384%),1.65,0.1645,0.49,False
2025-08-19 12:00:00,Bitget,Crypto.com,0.01,-0.0613,0.0713,3.56,1.92(0.0384%),1.65,0.1645,0.49,False
2025-08-19 12:00:00,OKX,Crypto.com,0.01,-0.0613,0.0713,3.56,1.92(0.0384%),1.65,0.1645,0.49,False
2025-08-19 12:00:00,Bybit,Crypto.com,0.01,-0.0613,0.0713,3.56,1.92(0.0384%),1.65,0.1645,0.49,False
2025-08-19 12:00:00,Binance,Crypto.com,0.0032,-0.0613,0.0645,3.23,1.92(0.0384%),1.31,0.1305,0.39,False
2025-08-19 04:00:00,Gate,Crypto.com,0.01,-0.1021,0.1121,5.6,1.92(0.0384%),3.68,0.3685,1.11,False
2025-08-19 04:00:00,Bitget,Crypto.com,0.01,-0.1021,0.1121,5.6,1.92(0.0384%),3.68,0.3685,1.11,False
2025-08-19 04:00:00,OKX,Crypto.com,0.01,-0.1021,0.1121,5.6,1.92(0.0384%),3.68,0.3685,1.11,False
2025-08-19 04:00:00,Bybit,Crypto.com,0.01,-0.1021,0.1121,5.6,1.92(0.0384%),3.68,0.3685,1.11,False
2025-08-19 04:00:00,KuCoin,Crypto.com,0.0046,-0.1021,0.1067,5.33,1.92(0.0384%),3.41,0.3415,1.02,False
2025-08-18 20:00:00,Gate,Crypto.com,0.01,-0.0561,0.0661,3.3,1.92(0.0384%),1.39,0.1385,0.42,False
2025-08-18 20:00:00,OKX,Crypto.com,0.01,-0.0561,0.0661,3.3,1.92(0.0384%),1.39,0.1385,0.42,False
2025-08-18 20:00:00,Bybit,Crypto.com,0.01,-0.0561,0.0661,3.3,1.92(0.0384%),1.39,0.1385,0.42,False
2025-08-18 20:00:00,Binance,Crypto.com,0.01,-0.0561,0.0661,3.3,1.92(0.0384%),1.39,0.1385,0.42,False
2025-08-18 20:00:00,Bitget,Crypto.com,0.01,-0.0561,0.0661,3.3,1.92(0.0384%),1.39,0.1385,0.42,False
2025-08-18 12:00:00,Gate,Crypto.com,0.01,-0.0365,0.0465,2.32,1.92(0.0384%),0.41,0.0405,0.12,False
2025-08-18 12:00:00,Bitget,Crypto.com,0.01,-0.0365,0.0465,2.32,1.92(0.0384%),0.41,0.0405,0.12,False
2025-08-18 12:00:00,OKX,Crypto.com,0.01,-0.0365,0.0465,2.32,1.92(0.0384%),0.41,0.0405,0.12,False
2025-08-18 12:00:00,Bybit,Crypto.com,0.01,-0.0365,0.0465,2.32,1.92(0.0384%),0.41,0.0405,0.12,False
2025-08-18 12:00:00,Binance,Crypto.com,0.0032,-0.0365,0.0397,1.99,1.92(0.0384%),0.07,0.0065,0.02,False
2025-08-18 04:00:00,Gate,Crypto.com,0.01,-0.0232,0.0332,1.66,1.92(0.0384%),-0.26,-0.026,-0.08,False
2025-08-18 04:00:00,Bitget,Crypto.com,0.01,-0.0232,0.0332,1.66,1.92(0.0384%),-0.26,-0.026,-0.08,False
2025-08-18 04:00:00,OKX,Crypto.com,0.01,-0.0232,0.0332,1.66,1.92(0.0384%),-0.26,-0.026,-0.08,False
2025-08-18 04:00:00,Bybit,Crypto.com,0.01,-0.0232,0.0332,1.66,1.92(0.0384%),-0.26,-0.026,-0.08,False
2025-08-18 04:00:00,KuCoin,Crypto.com,0.0036,-0.0232,0.0268,1.34,1.92(0.0384%),-0.58,-0.058,-0.17,False
2025-08-17 20:00:00,Gate,Crypto.com,0.01,-0.0196,0.0296,1.48,1.92(0.0384%),-0.44,-0.044,-0.13,False
2025-08-17 20:00:00,Bitget,Crypto.com,0.01,-0.0196,0.0296,1.48,1.92(0.0384%),-0.44,-0.044,-0.13,False
2025-08-17 20:00:00,OKX,Crypto.com,0.01,-0.0196,0.0296,1.48,1.92(0.0384%),-0.44,-0.044,-0.13,False
2025-08-17 20:00:00,Bybit,Crypto.com,0.01,-0.0196,0.0296,1.48,1.92(0.0384%),-0.44,-0.044,-0.13,False
2025-08-17 20:00:00,Bitunix,Crypto.com,0.0098,-0.0196,0.0294,1.47,1.92(0.0384%),-0.45,-0.045,-0.13,False
2025-08-17 12:00:00,Gate,Crypto.com,0.01,-0.0456,0.0556,2.78,1.92(0.0384%),0.86,0.086,0.26,False
2025-08-17 12:00:00,OKX,Crypto.com,0.01,-0.0456,0.0556,2.78,1.92(0.0384%),0.86,0.086,0.26,False
2025-08-17 12:00:00,Bybit,Crypto.com,0.01,-0.0456,0.0556,2.78,1.92(0.0384%),0.86,0.086,0.26,False
2025-08-17 12:00:00,Binance,Crypto.com,0.01,-0.0456,0.0556,2.78,1.92(0.0384%),0.86,0.086,0.26,False
2025-08-17 12:00:00,MEXC,Crypto.com,0.01,-0.0456,0.0556,2.78,1.92(0.0384%),0.86,0.086,0.26,False
2025-08-17 04:00:00,Crypto.com,KuCoin,0.0314,-0.0711,0.1025,5.12,1.92(0.0384%),3.2,0.3205,0.96,False
2025-08-17 04:00:00,Bybit,KuCoin,0.01,-0.0711,0.0811,4.05,1.92(0.0384%),2.13,0.2135,0.64,False
2025-08-17 04:00:00,Binance,KuCoin,0.01,-0.0711,0.0811,4.05,1.92(0.0384%),2.13,0.2135,0.64,False
2025-08-17 04:00:00,Bitunix,KuCoin,0.01,-0.0711,0.0811,4.05,1.92(0.0384%),2.13,0.2135,0.64,False
2025-08-17 04:00:00,Gate,KuCoin,0.01,-0.0711,0.0811,4.05,1.92(0.0384%),2.13,0.2135,0.64,False
2025-08-16 20:00:00,Gate,Crypto.com,0.01,-0.1419,0.1519,7.6,1.92(0.0384%),5.68,0.5675,1.7,False
2025-08-16 20:00:00,Bitget,Crypto.com,0.01,-0.1419,0.1519,7.6,1.92(0.0384%),5.68,0.5675,1.7,False
2025-08-16 20:00:00,Bitunix,Crypto.com,0.0091,-0.1419,0.151,7.55,1.92(0.0384%),5.63,0.563,1.69,False
2025-08-16 20:00:00,Bybit,Crypto.com,0.0003,-0.1419,0.1422,7.11,1.92(0.0384%),5.19,0.519,1.56,False
2025-08-16 20:00:00,Binance,Crypto.com,-0.0089,-0.1419,0.133,6.65,1.92(0.0384%),4.73,0.473,1.42,False
2025-08-16 12:00:00,Gate,Crypto.com,0.01,-0.0846,0.0946,4.73,1.92(0.0384%),2.81,0.281,0.84,False
2025-08-16 12:00:00,OKX,Crypto.com,0.01,-0.0846,0.0946,4.73,1.92(0.0384%),2.81,0.281,0.84,False
2025-08-16 12:00:00,Bybit,Crypto.com,0.01,-0.0846,0.0946,4.73,1.92(0.0384%),2.81,0.281,0.84,False
2025-08-16 12:00:00,Binance,Crypto.com,0.01,-0.0846,0.0946,4.73,1.92(0.0384%),2.81,0.281,0.84,False
2025-08-16 12:00:00,MEXC,Crypto.com,0.01,-0.0846,0.0946,4.73,1.92(0.0384%),2.81,0.281,0.84,False
2025-08-16 04:00:00,Gate,Crypto.com,0.01,-0.0979,0.1079,5.39,1.92(0.0384%),3.47,0.3475,1.04,False
2025-08-16 04:00:00,OKX,Crypto.com,0.01,-0.0979,0.1079,5.39,1.92(0.0384%),3.47,0.3475,1.04,False
2025-08-16 04:00:00,Bybit,Crypto.com,0.01,-0.0979,0.1079,5.39,1.92(0.0384%),3.47,0.3475,1.04,False
2025-08-16 04:00:00,Binance,Crypto.com,0.01,-0.0979,0.1079,5.39,1.92(0.0384%),3.47,0.3475,1.04,False
2025-08-16 04:00:00,MEXC,Crypto.com,0.01,-0.0979,0.1079,5.39,1.92(0.0384%),3.47,0.3475,1.04,False
2025-08-15 20:00:00,KuCoin,Crypto.com,0.0153,-0.0815,0.0968,4.84,1.92(0.0384%),2.92,0.292,0.88,False
2025-08-15 20:00:00,Bybit,Crypto.com,0.01,-0.0815,0.0915,4.58,1.92(0.0384%),2.66,0.2655,0.8,False
2025-08-15 20:00:00,Binance,Crypto.com,0.01,-0.0815,0.0915,4.58,1.92(0.0384%),2.66,0.2655,0.8,False
2025-08-15 20:00:00,OKX,Crypto.com,0.01,-0.0815,0.0915,4.58,1.92(0.0384%),2.66,0.2655,0.8,False
2025-08-15 20:00:00,Bitunix,Crypto.com,0.01,-0.0815,0.0915,4.58,1.92(0.0384%),2.66,0.2655,0.8,False
2025-08-15 12:00:00,Gate,Crypto.com,0.01,-0.0657,0.0757,3.78,1.92(0.0384%),1.86,0.1865,0.56,False
2025-08-15 12:00:00,OKX,Crypto.com,0.01,-0.0657,0.0757,3.78,1.92(0.0384%),1.86,0.1865,0.56,False
2025-08-15 12:00:00,Bybit,Crypto.com,0.01,-0.0657,0.0757,3.78,1.92(0.0384%),1.86,0.1865,0.56,False
2025-08-15 12:00:00,Binance,Crypto.com,0.01,-0.0657,0.0757,3.78,1.92(0.0384%),1.86,0.1865,0.56,False
2025-08-15 12:00:00,MEXC,Crypto.com,0.01,-0.0657,0.0757,3.78,1.92(0.0384%),1.86,0.1865,0.56,False
2025-08-15 04:00:00,Gate,Crypto.com,0.01,-0.0845,0.0945,4.72,1.92(0.0384%),2.8,0.2805,0.84,False
2025-08-15 04:00:00,OKX,Crypto.com,0.01,-0.0845,0.0945,4.72,1.92(0.0384%),2.8,0.2805,0.84,False
2025-08-15 04:00:00,Bybit,Crypto.com,0.01,-0.0845,0.0945,4.72,1.92(0.0384%),2.8,0.2805,0.84,False
2025-08-15 04:00:00,Binance,Crypto.com,0.01,-0.0845,0.0945,4.72,1.92(0.0384%),2.8,0.2805,0.84,False
2025-08-15 04:00:00,MEXC,Crypto.com,0.01,-0.0845,0.0945,4.72,1.92(0.0384%),2.8,0.2805,0.84,False
2025-08-14 20:00:00,KuCoin,Crypto.com,0.0126,-0.0748,0.0874,4.37,1.92(0.0384%),2.45,0.245,0.74,False
2025-08-14 20:00:00,Bybit,Crypto.com,0.01,-0.0748,0.0848,4.24,1.92(0.0384%),2.32,0.232,0.7,False
2025-08-14 20:00:00,Binance,Crypto.com,0.01,-0.0748,0.0848,4.24,1.92(0.0384%),2.32,0.232,0.7,False
2025-08-14 20:00:00,OKX,Crypto.com,0.01,-0.0748,0.0848,4.24,1.92(0.0384%),2.32,0.232,0.7,False
2025-08-14 20:00:00,Bitget,Crypto.com,0.01,-0.0748,0.0848,4.24,1.92(0.0384%),2.32,0.232,0.7,False
2025-08-13 20:00:00,Crypto.com,KuCoin,0.0389,0.0003,0.0386,1.93,1.92(0.0384%),0.01,0.001,0.0,False
2025-08-13 20:00:00,Crypto.com,Bybit,0.0389,0.01,0.0289,1.44,1.92(0.0384%),-0.47,-0.0475,-0.14,False
2025-08-13 20:00:00,Crypto.com,Binance,0.0389,0.01,0.0289,1.44,1.92(0.0384%),-0.47,-0.0475,-0.14,False
2025-08-13 20:00:00,Crypto.com,OKX,0.0389,0.01,0.0289,1.44,1.92(0.0384%),-0.47,-0.0475,-0.14,False
2025-08-13 20:00:00,Crypto.com,Bitget,0.0389,0.01,0.0289,1.44,1.92(0.0384%),-0.47,-0.0475,-0.14,False
2025-08-13 12:00:00,Crypto.com,KuCoin,0.0879,0.0015,0.0864,4.32,1.92(0.0384%),2.4,0.24,0.72,False
2025-08-13 12:00:00,Crypto.com,Bybit,0.0879,0.01,0.0779,3.9,1.92(0.0384%),1.98,0.1975,0.59,False
2025-08-13 12:00:00,Crypto.com,Binance,0.0879,0.01,0.0779,3.9,1.92(0.0384%),1.98,0.1975,0.59,False
2025-08-13 12:00:00,Crypto.com,OKX,0.0879,0.01,0.0779,3.9,1.92(0.0384%),1.98,0.1975,0.59,False
2025-08-13 12:00:00,Crypto.com,Bitget,0.0879,0.01,0.0779,3.9,1.92(0.0384%),1.98,0.1975,0.59,False
2025-08-13 04:00:00,Crypto.com,KuCoin,0.0229,0.0005,0.0224,1.12,1.92(0.0384%),-0.8,-0.08,-0.24,False
2025-08-12 20:00:00,Gate,Crypto.com,0.01,-0.0254,0.0354,1.77,1.92(0.0384%),-0.15,-0.015,-0.04,False
2025-08-12 20:00:00,OKX,Crypto.com,0.01,-0.0254,0.0354,1.77,1.92(0.0384%),-0.15,-0.015,-0.04,False
2025-08-12 20:00:00,Bybit,Crypto.com,0.01,-0.0254,0.0354,1.77,1.92(0.0384%),-0.15,-0.015,-0.04,False
2025-08-12 20:00:00,Binance,Crypto.com,0.01,-0.0254,0.0354,1.77,1.92(0.0384%),-0.15,-0.015,-0.04,False
2025-08-12 20:00:00,MEXC,Crypto.com,0.01,-0.0254,0.0354,1.77,1.92(0.0384%),-0.15,-0.015,-0.04,False
2025-08-12 12:00:00,KuCoin,Crypto.com,0.0113,-0.0788,0.0901,4.5,1.92(0.0384%),2.58,0.2585,0.78,False
2025-08-12 12:00:00,Bybit,Crypto.com,0.01,-0.0788,0.0888,4.44,1.92(0.0384%),2.52,0.252,0.76,False
2025-08-12 12:00:00,Binance,Crypto.com,0.01,-0.0788,0.0888,4.44,1.92(0.0384%),2.52,0.252,0.76,False
2025-08-12 12:00:00,OKX,Crypto.com,0.01,-0.0788,0.0888,4.44,1.92(0.0384%),2.52,0.252,0.76,False
2025-08-12 12:00:00,Bitget,Crypto.com,0.01,-0.0788,0.0888,4.44,1.92(0.0384%),2.52,0.252,0.76,False
2025-08-12 04:00:00,KuCoin,Crypto.com,0.0137,-0.0607,0.0744,3.72,1.92(0.0384%),1.8,0.18,0.54,False
2025-08-12 04:00:00,Bybit,Crypto.com,0.01,-0.0607,0.0707,3.53,1.92(0.0384%),1.61,0.1615,0.48,False
2025-08-12 04:00:00,Binance,Crypto.com,0.01,-0.0607,0.0707,3.53,1.92(0.0384%),1.61,0.1615,0.48,False
2025-08-12 04:00:00,OKX,Crypto.com,0.01,-0.0607,0.0707,3.53,1.92(0.0384%),1.61,0.1615,0.48,False
2025-08-12 04:00:00,Bitget,Crypto.com,0.01,-0.0607,0.0707,3.53,1.92(0.0384%),1.61,0.1615,0.48,False
2025-08-11 20:00:00,KuCoin,Crypto.com,0.0228,-0.0158,0.0386,1.93,1.92(0.0384%),0.01,0.001,0.0,False
2025-08-11 20:00:00,Bybit,Crypto.com,0.01,-0.0158,0.0258,1.29,1.92(0.0384%),-0.63,-0.063,-0.19,False
2025-08-11 20:00:00,Binance,Crypto.com,0.01,-0.0158,0.0258,1.29,1.92(0.0384%),-0.63,-0.063,-0.19,False
2025-08-11 20:00:00,OKX,Crypto.com,0.01,-0.0158,0.0258,1.29,1.92(0.0384%),-0.63,-0.063,-0.19,False
2025-08-11 20:00:00,Bitget,Crypto.com,0.01,-0.0158,0.0258,1.29,1.92(0.0384%),-0.63,-0.063,-0.19,False
2025-08-11 12:00:00,Gate,Crypto.com,0.01,-0.0706,0.0806,4.03,1.92(0.0384%),2.11,0.211,0.63,False
2025-08-11 12:00:00,OKX,Crypto.com,0.01,-0.0706,0.0806,4.03,1.92(0.0384%),2.11,0.211,0.63,False
2025-08-11 12:00:00,Bybit,Crypto.com,0.01,-0.0706,0.0806,4.03,1.92(0.0384%),2.11,0.211,0.63,False
2025-08-11 12:00:00,Binance,Crypto.com,0.01,-0.0706,0.0806,4.03,1.92(0.0384%),2.11,0.211,0.63,False
2025-08-11 12:00:00,MEXC,Crypto.com,0.01,-0.0706,0.0806,4.03,1.92(0.0384%),2.11,0.211,0.63,False
2025-08-11 04:00:00,Gate,Crypto.com,0.01,-0.0168,0.0268,1.34,1.92(0.0384%),-0.58,-0.058,-0.17,False
2025-08-11 04:00:00,OKX,Crypto.com,0.01,-0.0168,0.0268,1.34,1.92(0.0384%),-0.58,-0.058,-0.17,False
2025-08-11 04:00:00,Bybit,Crypto.com,0.01,-0.0168,0.0268,1.34,1.92(0.0384%),-0.58,-0.058,-0.17,False
2025-08-11 04:00:00,Binance,Crypto.com,0.01,-0.0168,0.0268,1.34,1.92(0.0384%),-0.58,-0.058,-0.17,False
2025-08-11 04:00:00,MEXC,Crypto.com,0.01,-0.0168,0.0268,1.34,1.92(0.0384%),-0.58,-0.058,-0.17,False
2025-08-10 20:00:00,KuCoin,Crypto.com,0.0123,-0.0494,0.0617,3.08,1.92(0.0384%),1.16,0.1165,0.35,False
2025-08-10 20:00:00,Bybit,Crypto.com,0.01,-0.0494,0.0594,2.97,1.92(0.0384%),1.05,0.105,0.32,False
2025-08-10 20:00:00,Binance,Crypto.com,0.01,-0.0494,0.0594,2.97,1.92(0.0384%),1.05,0.105,0.32,False
2025-08-10 20:00:00,OKX,Crypto.com,0.01,-0.0494,0.0594,2.97,1.92(0.0384%),1.05,0.105,0.32,False
2025-08-10 20:00:00,Bitget,Crypto.com,0.01,-0.0494,0.0594,2.97,1.92(0.0384%),1.05,0.105,0.32,False
2025-08-10 12:00:00,KuCoin,Crypto.com,0.0123,-0.0312,0.0435,2.17,1.92(0.0384%),0.26,0.0255,0.08,False
2025-08-10 12:00:00,Bybit,Crypto.com,0.01,-0.0312,0.0412,2.06,1.92(0.0384%),0.14,0.014,0.04,False
2025-08-10 12:00:00,Binance,Crypto.com,0.01,-0.0312,0.0412,2.06,1.92(0.0384%),0.14,0.014,0.04,False
2025-08-10 12:00:00,OKX,Crypto.com,0.01,-0.0312,0.0412,2.06,1.92(0.0384%),0.14,0.014,0.04,False
2025-08-10 12:00:00,Bitget,Crypto.com,0.01,-0.0312,0.0412,2.06,1.92(0.0384%),0.14,0.014,0.04,False
2025-08-10 04:00:00,Bitunix,KuCoin,0.01,-0.0133,0.0233,1.17,1.92(0.0384%),-0.75,-0.0755,-0.23,False
2025-08-10 04:00:00,Gate,KuCoin,0.01,-0.0133,0.0233,1.17,1.92(0.0384%),-0.75,-0.0755,-0.23,False
2025-08-10 04:00:00,Bybit,KuCoin,0.01,-0.0133,0.0233,1.17,1.92(0.0384%),-0.75,-0.0755,-0.23,False
2025-08-10 04:00:00,Binance,KuCoin,0.01,-0.0133,0.0233,1.17,1.92(0.0384%),-0.75,-0.0755,-0.23,False
2025-08-10 04:00:00,Bitget,KuCoin,0.01,-0.0133,0.0233,1.17,1.92(0.0384%),-0.75,-0.0755,-0.23,False
2025-08-09 20:00:00,Gate,Crypto.com,0.01,-0.027,0.037,1.85,1.92(0.0384%),-0.07,-0.007,-0.02,False
2025-08-09 20:00:00,OKX,Crypto.com,0.01,-0.027,0.037,1.85,1.92(0.0384%),-0.07,-0.007,-0.02,False
2025-08-09 20:00:00,Bybit,Crypto.com,0.01,-0.027,0.037,1.85,1.92(0.0384%),-0.07,-0.007,-0.02,False
2025-08-09 20:00:00,Binance,Crypto.com,0.01,-0.027,0.037,1.85,1.92(0.0384%),-0.07,-0.007,-0.02,False
2025-08-09 20:00:00,MEXC,Crypto.com,0.01,-0.027,0.037,1.85,1.92(0.0384%),-0.07,-0.007,-0.02,False
2025-08-09 12:00:00,Gate,Crypto.com,0.01,-0.0547,0.0647,3.23,1.92(0.0384%),1.31,0.1315,0.39,False
2025-08-09 12:00:00,OKX,Crypto.com,0.01,-0.0547,0.0647,3.23,1.92(0.0384%),1.31,0.1315,0.39,False
2025-08-09 12:00:00,Bybit,Crypto.com,0.01,-0.0547,0.0647,3.23,1.92(0.0384%),1.31,0.1315,0.39,False
2025-08-09 12:00:00,Binance,Crypto.com,0.01,-0.0547,0.0647,3.23,1.92(0.0384%),1.31,0.1315,0.39,False
2025-08-09 12:00:00,MEXC,Crypto.com,0.01,-0.0547,0.0647,3.23,1.92(0.0384%),1.31,0.1315,0.39,False
2025-08-09 04:00:00,Gate,Crypto.com,0.01,-0.0354,0.0454,2.27,1.92(0.0384%),0.35,0.035,0.11,False
2025-08-09 04:00:00,OKX,Crypto.com,0.01,-0.0354,0.0454,2.27,1.92(0.0384%),0.35,0.035,0.11,False
2025-08-09 04:00:00,Bybit,Crypto.com,0.01,-0.0354,0.0454,2.27,1.92(0.0384%),0.35,0.035,0.11,False
2025-08-09 04:00:00,Binance,Crypto.com,0.01,-0.0354,0.0454,2.27,1.92(0.0384%),0.35,0.035,0.11,False
2025-08-09 04:00:00,MEXC,Crypto.com,0.01,-0.0354,0.0454,2.27,1.92(0.0384%),0.35,0.035,0.11,False
2025-08-08 20:00:00,Gate,Crypto.com,0.01,-0.0673,0.0773,3.86,1.92(0.0384%),1.95,0.1945,0.58,False
2025-08-08 20:00:00,OKX,Crypto.com,0.01,-0.0673,0.0773,3.86,1.92(0.0384%),1.95,0.1945,0.58,False
2025-08-08 20:00:00,Bybit,Crypto.com,0.01,-0.0673,0.0773,3.86,1.92(0.0384%),1.95,0.1945,0.58,False
2025-08-08 20:00:00,Binance,Crypto.com,0.01,-0.0673,0.0773,3.86,1.92(0.0384%),1.95,0.1945,0.58,False
2025-08-08 20:00:00,MEXC,Crypto.com,0.01,-0.0673,0.0773,3.86,1.92(0.0384%),1.95,0.1945,0.58,False
2025-08-08 12:00:00,Bitunix,KuCoin,0.01,-0.0139,0.0239,1.19,1.92(0.0384%),-0.72,-0.0725,-0.22,False
2025-08-08 12:00:00,Gate,KuCoin,0.01,-0.0139,0.0239,1.19,1.92(0.0384%),-0.72,-0.0725,-0.22,False
2025-08-08 12:00:00,Bybit,KuCoin,0.01,-0.0139,0.0239,1.19,1.92(0.0384%),-0.72,-0.0725,-0.22,False
2025-08-08 12:00:00,Binance,KuCoin,0.01,-0.0139,0.0239,1.19,1.92(0.0384%),-0.72,-0.0725,-0.22,False
2025-08-08 12:00:00,Bitget,KuCoin,0.01,-0.0139,0.0239,1.19,1.92(0.0384%),-0.72,-0.0725,-0.22,False
2025-08-08 04:00:00,Bitget,Crypto.com,0.01,-0.0964,0.1064,5.32,1.92(0.0384%),3.4,0.34,1.02,False
2025-08-08 04:00:00,OKX,Crypto.com,0.01,-0.0964,0.1064,5.32,1.92(0.0384%),3.4,0.34,1.02,False
2025-08-08 04:00:00,Bybit,Crypto.com,0.01,-0.0964,0.1064,5.32,1.92(0.0384%),3.4,0.34,1.02,False
2025-08-08 04:00:00,Binance,Crypto.com,0.01,-0.0964,0.1064,5.32,1.92(0.0384%),3.4,0.34,1.02,False
2025-08-08 04:00:00,MEXC,Crypto.com,0.01,-0.0964,0.1064,5.32,1.92(0.0384%),3.4,0.34,1.02,False
2025-08-07 20:00:00,KuCoin,Crypto.com,0.013,-0.0849,0.0979,4.9,1.92(0.0384%),2.98,0.2975,0.89,False
2025-08-07 20:00:00,Bybit,Crypto.com,0.01,-0.0849,0.0949,4.75,1.92(0.0384%),2.83,0.2825,0.85,False
2025-08-07 20:00:00,Binance,Crypto.com,0.01,-0.0849,0.0949,4.75,1.92(0.0384%),2.83,0.2825,0.85,False
2025-08-07 20:00:00,OKX,Crypto.com,0.01,-0.0849,0.0949,4.75,1.92(0.0384%),2.83,0.2825,0.85,False
2025-08-07 20:00:00,Bitget,Crypto.com,0.01,-0.0849,0.0949,4.75,1.92(0.0384%),2.83,0.2825,0.85,False
2025-08-07 12:00:00,Bitget,Crypto.com,0.01,-0.0587,0.0687,3.44,1.92(0.0384%),1.52,0.1515,0.45,False
2025-08-07 12:00:00,OKX,Crypto.com,0.01,-0.0587,0.0687,3.44,1.92(0.0384%),1.52,0.1515,0.45,False
2025-08-07 12:00:00,Bybit,Crypto.com,0.01,-0.0587,0.0687,3.44,1.92(0.0384%),1.52,0.1515,0.45,False
2025-08-07 12:00:00,Binance,Crypto.com,0.01,-0.0587,0.0687,3.44,1.92(0.0384%),1.52,0.1515,0.45,False
2025-08-07 12:00:00,MEXC,Crypto.com,0.01,-0.0587,0.0687,3.44,1.92(0.0384%),1.52,0.1515,0.45,False
2025-08-07 04:00:00,Bitget,Crypto.com,0.01,-0.1046,0.1146,5.73,1.92(0.0384%),3.81,0.381,1.14,False
2025-08-07 04:00:00,OKX,Crypto.com,0.01,-0.1046,0.1146,5.73,1.92(0.0384%),3.81,0.381,1.14,False
2025-08-07 04:00:00,Bybit,Crypto.com,0.01,-0.1046,0.1146,5.73,1.92(0.0384%),3.81,0.381,1.14,False
2025-08-07 04:00:00,Binance,Crypto.com,0.01,-0.1046,0.1146,5.73,1.92(0.0384%),3.81,0.381,1.14,False
2025-08-07 04:00:00,MEXC,Crypto.com,0.01,-0.1046,0.1146,5.73,1.92(0.0384%),3.81,0.381,1.14,False
2025-08-06 20:00:00,Bitget,Crypto.com,0.01,-0.1231,0.1331,6.65,1.92(0.0384%),4.73,0.4735,1.42,False
2025-08-06 20:00:00,OKX,Crypto.com,0.01,-0.1231,0.1331,6.65,1.92(0.0384%),4.73,0.4735,1.42,False
2025-08-06 20:00:00,Bybit,Crypto.com,0.0059,-0.1231,0.129,6.45,1.92(0.0384%),4.53,0.453,1.36,False
2025-08-06 20:00:00,Binance,Crypto.com,0.0006,-0.1231,0.1237,6.19,1.92(0.0384%),4.27,0.4265,1.28,False
2025-08-06 20:00:00,MEXC,Crypto.com,0.0,-0.1231,0.1231,6.16,1.92(0.0384%),4.24,0.4235,1.27,False
2025-08-06 12:00:00,Bitget,Crypto.com,0.01,-0.1268,0.1368,6.84,1.92(0.0384%),4.92,0.492,1.48,False
2025-08-06 12:00:00,OKX,Crypto.com,0.01,-0.1268,0.1368,6.84,1.92(0.0384%),4.92,0.492,1.48,False
2025-08-06 12:00:00,Bybit,Crypto.com,0.0072,-0.1268,0.134,6.7,1.92(0.0384%),4.78,0.478,1.43,False
2025-08-06 12:00:00,Binance,Crypto.com,0.0029,-0.1268,0.1297,6.48,1.92(0.0384%),4.56,0.4565,1.37,False
2025-08-06 12:00:00,MEXC,Crypto.com,0.0024,-0.1268,0.1292,6.46,1.92(0.0384%),4.54,0.454,1.36,False
2025-08-06 04:00:00,OKX,Crypto.com,0.01,-0.0719,0.0819,4.09,1.92(0.0384%),2.17,0.2175,0.65,False
2025-08-06 04:00:00,Bitget,Crypto.com,0.01,-0.0719,0.0819,4.09,1.92(0.0384%),2.17,0.2175,0.65,False
2025-08-06 04:00:00,Bybit,Crypto.com,0.01,-0.0719,0.0819,4.09,1.92(0.0384%),2.17,0.2175,0.65,False
2025-08-06 04:00:00,MEXC,Crypto.com,0.007,-0.0719,0.0789,3.95,1.92(0.0384%),2.03,0.2025,0.61,False
2025-08-06 04:00:00,Bitunix,Crypto.com,0.007,-0.0719,0.0789,3.95,1.92(0.0384%),2.03,0.2025,0.61,False
2025-08-05 20:00:00,Gate,Crypto.com,0.01,-0.0562,0.0662,3.31,1.92(0.0384%),1.39,0.139,0.42,False
2025-08-05 20:00:00,OKX,Crypto.com,0.01,-0.0562,0.0662,3.31,1.92(0.0384%),1.39,0.139,0.42,False
2025-08-05 20:00:00,Bybit,Crypto.com,0.01,-0.0562,0.0662,3.31,1.92(0.0384%),1.39,0.139,0.42,False
2025-08-05 20:00:00,Binance,Crypto.com,0.01,-0.0562,0.0662,3.31,1.92(0.0384%),1.39,0.139,0.42,False
2025-08-05 20:00:00,MEXC,Crypto.com,0.01,-0.0562,0.0662,3.31,1.92(0.0384%),1.39,0.139,0.42,False
2025-08-05 12:00:00,Bitunix,KuCoin,0.01,-0.0162,0.0262,1.31,1.92(0.0384%),-0.61,-0.061,-0.18,False
2025-08-05 12:00:00,Gate,KuCoin,0.01,-0.0162,0.0262,1.31,1.92(0.0384%),-0.61,-0.061,-0.18,False
2025-08-05 12:00:00,Bybit,KuCoin,0.01,-0.0162,0.0262,1.31,1.92(0.0384%),-0.61,-0.061,-0.18,False
2025-08-05 12:00:00,Binance,KuCoin,0.01,-0.0162,0.0262,1.31,1.92(0.0384%),-0.61,-0.061,-0.18,False
2025-08-05 12:00:00,Bitget,KuCoin,0.01,-0.0162,0.0262,1.31,1.92(0.0384%),-0.61,-0.061,-0.18,False
2025-08-05 04:00:00,Gate,Crypto.com,0.01,-0.0831,0.0931,4.65,1.92(0.0384%),2.73,0.2735,0.82,False
2025-08-05 04:00:00,OKX,Crypto.com,0.01,-0.0831,0.0931,4.65,1.92(0.0384%),2.73,0.2735,0.82,False
2025-08-05 04:00:00,Bybit,Crypto.com,0.01,-0.0831,0.0931,4.65,1.92(0.0384%),2.73,0.2735,0.82,False
2025-08-05 04:00:00,Binance,Crypto.com,0.01,-0.0831,0.0931,4.65,1.92(0.0384%),2.73,0.2735,0.82,False
2025-08-05 04:00:00,MEXC,Crypto.com,0.01,-0.0831,0.0931,4.65,1.92(0.0384%),2.73,0.2735,0.82,False
2025-08-04 20:00:00,Gate,Crypto.com,0.01,-0.0779,0.0879,4.39,1.92(0.0384%),2.47,0.2475,0.74,False
2025-08-04 20:00:00,OKX,Crypto.com,0.01,-0.0779,0.0879,4.39,1.92(0.0384%),2.47,0.2475,0.74,False
2025-08-04 20:00:00,Bybit,Crypto.com,0.01,-0.0779,0.0879,4.39,1.92(0.0384%),2.47,0.2475,0.74,False
2025-08-04 20:00:00,Binance,Crypto.com,0.01,-0.0779,0.0879,4.39,1.92(0.0384%),2.47,0.2475,0.74,False
2025-08-04 20:00:00,MEXC,Crypto.com,0.01,-0.0779,0.0879,4.39,1.92(0.0384%),2.47,0.2475,0.74,False
2025-08-04 12:00:00,Gate,Crypto.com,0.01,-0.0868,0.0968,4.84,1.92(0.0384%),2.92,0.292,0.88,False
2025-08-04 12:00:00,Bitget,Crypto.com,0.01,-0.0868,0.0968,4.84,1.92(0.0384%),2.92,0.292,0.88,False
2025-08-04 12:00:00,OKX,Crypto.com,0.01,-0.0868,0.0968,4.84,1.92(0.0384%),2.92,0.292,0.88,False
2025-08-04 12:00:00,Bybit,Crypto.com,0.01,-0.0868,0.0968,4.84,1.92(0.0384%),2.92,0.292,0.88,False
2025-08-04 12:00:00,Binance,Crypto.com,0.0085,-0.0868,0.0953,4.76,1.92(0.0384%),2.84,0.2845,0.85,False
2025-08-04 04:00:00,Bitunix,KuCoin,0.01,-0.0272,0.0372,1.86,1.92(0.0384%),-0.06,-0.006,-0.02,False
2025-08-04 04:00:00,Gate,KuCoin,0.01,-0.0272,0.0372,1.86,1.92(0.0384%),-0.06,-0.006,-0.02,False
2025-08-04 04:00:00,Bybit,KuCoin,0.01,-0.0272,0.0372,1.86,1.92(0.0384%),-0.06,-0.006,-0.02,False
2025-08-04 04:00:00,Binance,KuCoin,0.01,-0.0272,0.0372,1.86,1.92(0.0384%),-0.06,-0.006,-0.02,False
2025-08-04 04:00:00,Bitget,KuCoin,0.01,-0.0272,0.0372,1.86,1.92(0.0384%),-0.06,-0.006,-0.02,False
2025-08-03 20:00:00,Bitget,Crypto.com,0.01,-0.0691,0.0791,3.95,1.92(0.0384%),2.04,0.2035,0.61,False
2025-08-03 20:00:00,OKX,Crypto.com,0.01,-0.0691,0.0791,3.95,1.92(0.0384%),2.04,0.2035,0.61,False
2025-08-03 20:00:00,Bybit,Crypto.com,0.01,-0.0691,0.0791,3.95,1.92(0.0384%),2.04,0.2035,0.61,False
2025-08-03 20:00:00,Binance,Crypto.com,0.01,-0.0691,0.0791,3.95,1.92(0.0384%),2.04,0.2035,0.61,False
2025-08-03 20:00:00,MEXC,Crypto.com,0.01,-0.0691,0.0791,3.95,1.92(0.0384%),2.04,0.2035,0.61,False
2025-08-03 12:00:00,OKX,KuCoin,0.01,-0.0437,0.0537,2.69,1.92(0.0384%),0.77,0.0765,0.23,False
2025-08-03 12:00:00,Bitunix,KuCoin,0.01,-0.0437,0.0537,2.69,1.92(0.0384%),0.77,0.0765,0.23,False
2025-08-03 12:00:00,Bybit,KuCoin,0.01,-0.0437,0.0537,2.69,1.92(0.0384%),0.77,0.0765,0.23,False
2025-08-03 12:00:00,Binance,KuCoin,0.01,-0.0437,0.0537,2.69,1.92(0.0384%),0.77,0.0765,0.23,False
2025-08-03 12:00:00,Bitget,KuCoin,0.01,-0.0437,0.0537,2.69,1.92(0.0384%),0.77,0.0765,0.23,False
2025-08-03 04:00:00,Bitunix,KuCoin,0.01,-0.0249,0.0349,1.75,1.92(0.0384%),-0.17,-0.0175,-0.05,False
2025-08-03 04:00:00,Gate,KuCoin,0.01,-0.0249,0.0349,1.75,1.92(0.0384%),-0.17,-0.0175,-0.05,False
2025-08-03 04:00:00,Bybit,KuCoin,0.01,-0.0249,0.0349,1.75,1.92(0.0384%),-0.17,-0.0175,-0.05,False
2025-08-03 04:00:00,Binance,KuCoin,0.01,-0.0249,0.0349,1.75,1.92(0.0384%),-0.17,-0.0175,-0.05,False
2025-08-03 04:00:00,Bitget,KuCoin,0.01,-0.0249,0.0349,1.75,1.92(0.0384%),-0.17,-0.0175,-0.05,False
2025-08-02 12:00:00,OKX,Crypto.com,0.01,-0.1,0.11,5.5,1.92(0.0384%),3.58,0.358,1.07,False
2025-08-02 12:00:00,Bitget,Crypto.com,0.01,-0.1,0.11,5.5,1.92(0.0384%),3.58,0.358,1.07,False
2025-08-02 12:00:00,Bybit,Crypto.com,0.01,-0.1,0.11,5.5,1.92(0.0384%),3.58,0.358,1.07,False
2025-08-02 12:00:00,MEXC,Crypto.com,0.0051,-0.1,0.1051,5.26,1.92(0.0384%),3.34,0.3335,1.0,False
2025-08-02 12:00:00,Bitunix,Crypto.com,0.0045,-0.1,0.1045,5.23,1.92(0.0384%),3.31,0.3305,0.99,False
2025-08-02 04:00:00,Bitget,Crypto.com,0.01,-0.0879,0.0979,4.9,1.92(0.0384%),2.98,0.2975,0.89,False
2025-08-02 04:00:00,OKX,Crypto.com,0.01,-0.0879,0.0979,4.9,1.92(0.0384%),2.98,0.2975,0.89,False
2025-08-02 04:00:00,Bybit,Crypto.com,0.01,-0.0879,0.0979,4.9,1.92(0.0384%),2.98,0.2975,0.89,False
2025-08-02 04:00:00,Binance,Crypto.com,0.01,-0.0879,0.0979,4.9,1.92(0.0384%),2.98,0.2975,0.89,False
2025-08-02 04:00:00,MEXC,Crypto.com,0.01,-0.0879,0.0979,4.9,1.92(0.0384%),2.98,0.2975,0.89,False
2025-08-01 20:00:00,Bitget,Crypto.com,0.01,-0.0189,0.0289,1.45,1.92(0.0384%),-0.47,-0.0475,-0.14,False
2025-08-01 20:00:00,OKX,Crypto.com,0.01,-0.0189,0.0289,1.45,1.92(0.0384%),-0.47,-0.0475,-0.14,False
2025-08-01 20:00:00,Bybit,Crypto.com,0.01,-0.0189,0.0289,1.45,1.92(0.0384%),-0.47,-0.0475,-0.14,False
2025-08-01 20:00:00,Binance,Crypto.com,0.01,-0.0189,0.0289,1.45,1.92(0.0384%),-0.47,-0.0475,-0.14,False
2025-08-01 20:00:00,MEXC,Crypto.com,0.01,-0.0189,0.0289,1.45,1.92(0.0384%),-0.47,-0.0475,-0.14,False
2025-08-01 12:00:00,Crypto.com,KuCoin,0.058,0.0036,0.0544,2.72,1.92(0.0384%),0.8,0.08,0.24,False
2025-08-01 12:00:00,Crypto.com,Bybit,0.058,0.01,0.048,2.4,1.92(0.0384%),0.48,0.048,0.14,False
2025-08-01 12:00:00,Crypto.com,Binance,0.058,0.01,0.048,2.4,1.92(0.0384%),0.48,0.048,0.14,False
2025-08-01 12:00:00,Crypto.com,OKX,0.058,0.01,0.048,2.4,1.92(0.0384%),0.48,0.048,0.14,False
2025-08-01 12:00:00,Crypto.com,Bitget,0.058,0.01,0.048,2.4,1.92(0.0384%),0.48,0.048,0.14,False
2025-08-01 04:00:00,Crypto.com,KuCoin,0.0418,-0.0026,0.0444,2.22,1.92(0.0384%),0.3,0.03,0.09,False
2025-08-01 04:00:00,Crypto.com,MEXC,0.0418,0.009,0.0328,1.64,1.92(0.0384%),-0.28,-0.028,-0.08,False
2025-08-01 04:00:00,Crypto.com,Bitunix,0.0418,0.009,0.0328,1.64,1.92(0.0384%),-0.28,-0.028,-0.08,False
2025-08-01 04:00:00,Crypto.com,Binance,0.0418,0.0091,0.0327,1.63,1.92(0.0384%),-0.29,-0.0285,-0.09,False
2025-08-01 04:00:00,Crypto.com,Gate,0.0418,0.01,0.0318,1.59,1.92(0.0384%),-0.33,-0.033,-0.1,False
2025-07-31 12:00:00,Crypto.com,KuCoin,0.0626,0.0069,0.0557,2.79,1.92(0.0384%),0.87,0.0865,0.26,False
2025-07-31 12:00:00,Crypto.com,Bybit,0.0626,0.01,0.0526,2.63,1.92(0.0384%),0.71,0.071,0.21,False
2025-07-31 12:00:00,Crypto.com,Binance,0.0626,0.01,0.0526,2.63,1.92(0.0384%),0.71,0.071,0.21,False
2025-07-31 12:00:00,Crypto.com,OKX,0.0626,0.01,0.0526,2.63,1.92(0.0384%),0.71,0.071,0.21,False
2025-07-31 12:00:00,Crypto.com,Bitget,0.0626,0.01,0.0526,2.63,1.92(0.0384%),0.71,0.071,0.21,False
2025-07-31 04:00:00,Crypto.com,KuCoin,0.0645,0.0002,0.0643,3.21,1.92(0.0384%),1.29,0.1295,0.39,False
2025-07-31 04:00:00,Crypto.com,Bybit,0.0645,0.01,0.0545,2.73,1.92(0.0384%),0.81,0.0805,0.24,False
2025-07-31 04:00:00,Crypto.com,Binance,0.0645,0.01,0.0545,2.73,1.92(0.0384%),0.81,0.0805,0.24,False
2025-07-31 04:00:00,Crypto.com,OKX,0.0645,0.01,0.0545,2.73,1.92(0.0384%),0.81,0.0805,0.24,False
2025-07-31 04:00:00,Crypto.com,Bitget,0.0645,0.01,0.0545,2.73,1.92(0.0384%),0.81,0.0805,0.24,False
2025-07-30 12:00:00,KuCoin,Crypto.com,0.0126,-0.0456,0.0582,2.91,1.92(0.0384%),0.99,0.099,0.3,False
2025-07-30 12:00:00,Bybit,Crypto.com,0.01,-0.0456,0.0556,2.78,1.92(0.0384%),0.86,0.086,0.26,False
2025-07-30 12:00:00,Binance,Crypto.com,0.01,-0.0456,0.0556,2.78,1.92(0.0384%),0.86,0.086,0.26,False
2025-07-30 12:00:00,OKX,Crypto.com,0.01,-0.0456,0.0556,2.78,1.92(0.0384%),0.86,0.086,0.26,False
2025-07-30 12:00:00,Bitget,Crypto.com,0.01,-0.0456,0.0556,2.78,1.92(0.0384%),0.86,0.086,0.26,False
2025-07-30 04:00:00,OKX,Crypto.com,0.01,-0.0108,0.0208,1.04,1.92(0.0384%),-0.88,-0.088,-0.26,False
2025-07-30 04:00:00,Bitget,Crypto.com,0.01,-0.0108,0.0208,1.04,1.92(0.0384%),-0.88,-0.088,-0.26,False
2025-07-30 04:00:00,Bybit,Crypto.com,0.01,-0.0108,0.0208,1.04,1.92(0.0384%),-0.88,-0.088,-0.26,False
2025-07-30 04:00:00,Binance,Crypto.com,0.0093,-0.0108,0.0201,1.01,1.92(0.0384%),-0.91,-0.0915,-0.27,False
2025-07-29 20:00:00,Crypto.com,MEXC,0.0395,-0.0027,0.0422,2.11,1.92(0.0384%),0.19,0.019,0.06,False
2025-07-29 20:00:00,Crypto.com,Binance,0.0395,-0.0026,0.0421,2.1,1.92(0.0384%),0.19,0.0185,0.06,False
2025-07-29 20:00:00,Crypto.com,Bitunix,0.0395,-0.0026,0.0421,2.1,1.92(0.0384%),0.19,0.0185,0.06,False
2025-07-29 20:00:00,Crypto.com,KuCoin,0.0395,0.0003,0.0392,1.96,1.92(0.0384%),0.04,0.004,0.01,False
2025-07-29 20:00:00,Crypto.com,Gate,0.0395,0.0027,0.0368,1.84,1.92(0.0384%),-0.08,-0.008,-0.02,False
2025-07-29 12:00:00,OKX,Crypto.com,0.01,-0.0527,0.0627,3.13,1.92(0.0384%),1.22,0.1215,0.36,False
2025-07-29 12:00:00,Bitget,Crypto.com,0.01,-0.0527,0.0627,3.13,1.92(0.0384%),1.22,0.1215,0.36,False
2025-07-29 12:00:00,Bybit,Crypto.com,0.01,-0.0527,0.0627,3.13,1.92(0.0384%),1.22,0.1215,0.36,False
2025-07-29 12:00:00,MEXC,Crypto.com,0.0029,-0.0527,0.0556,2.78,1.92(0.0384%),0.86,0.086,0.26,False
2025-07-29 12:00:00,Bitunix,Crypto.com,0.0029,-0.0527,0.0556,2.78,1.92(0.0384%),0.86,0.086,0.26,False
2025-07-29 04:00:00,Gate,Crypto.com,0.01,-0.0257,0.0357,1.78,1.92(0.0384%),-0.13,-0.0135,-0.04,False
2025-07-29 04:00:00,OKX,Crypto.com,0.01,-0.0257,0.0357,1.78,1.92(0.0384%),-0.13,-0.0135,-0.04,False
2025-07-29 04:00:00,Bybit,Crypto.com,0.01,-0.0257,0.0357,1.78,1.92(0.0384%),-0.13,-0.0135,-0.04,False
2025-07-29 04:00:00,Binance,Crypto.com,0.01,-0.0257,0.0357,1.78,1.92(0.0384%),-0.13,-0.0135,-0.04,False
2025-07-29 04:00:00,MEXC,Crypto.com,0.01,-0.0257,0.0357,1.78,1.92(0.0384%),-0.13,-0.0135,-0.04,False
2025-07-28 20:00:00,Crypto.com,KuCoin,0.0116,-0.0158,0.0274,1.37,1.92(0.0384%),-0.55,-0.055,-0.16,False
2025-07-28 20:00:00,Bybit,KuCoin,0.01,-0.0158,0.0258,1.29,1.92(0.0384%),-0.63,-0.063,-0.19,False
2025-07-28 20:00:00,Binance,KuCoin,0.01,-0.0158,0.0258,1.29,1.92(0.0384%),-0.63,-0.063,-0.19,False
2025-07-28 20:00:00,Bitunix,KuCoin,0.01,-0.0158,0.0258,1.29,1.92(0.0384%),-0.63,-0.063,-0.19,False
2025-07-28 20:00:00,Gate,KuCoin,0.01,-0.0158,0.0258,1.29,1.92(0.0384%),-0.63,-0.063,-0.19,False
2025-07-28 12:00:00,Bitunix,KuCoin,0.01,-0.0465,0.0565,2.82,1.92(0.0384%),0.91,0.0905,0.27,False
2025-07-28 12:00:00,Gate,KuCoin,0.01,-0.0465,0.0565,2.82,1.92(0.0384%),0.91,0.0905,0.27,False
2025-07-28 12:00:00,Bybit,KuCoin,0.01,-0.0465,0.0565,2.82,1.92(0.0384%),0.91,0.0905,0.27,False
2025-07-28 12:00:00,Binance,KuCoin,0.01,-0.0465,0.0565,2.82,1.92(0.0384%),0.91,0.0905,0.27,False
2025-07-28 12:00:00,Bitget,KuCoin,0.01,-0.0465,0.0565,2.82,1.92(0.0384%),0.91,0.0905,0.27,False
2025-07-28 04:00:00,Bitunix,KuCoin,0.01,-0.0554,0.0654,3.27,1.92(0.0384%),1.35,0.135,0.4,False
2025-07-28 04:00:00,Gate,KuCoin,0.01,-0.0554,0.0654,3.27,1.92(0.0384%),1.35,0.135,0.4,False
2025-07-28 04:00:00,Bybit,KuCoin,0.01,-0.0554,0.0654,3.27,1.92(0.0384%),1.35,0.135,0.4,False
2025-07-28 04:00:00,Binance,KuCoin,0.01,-0.0554,0.0654,3.27,1.92(0.0384%),1.35,0.135,0.4,False
2025-07-28 04:00:00,Bitget,KuCoin,0.01,-0.0554,0.0654,3.27,1.92(0.0384%),1.35,0.135,0.4,False
2025-07-27 20:00:00,Gate,Crypto.com,0.01,-0.0639,0.0739,3.69,1.92(0.0384%),1.78,0.1775,0.53,False
2025-07-27 20:00:00,OKX,Crypto.com,0.01,-0.0639,0.0739,3.69,1.92(0.0384%),1.78,0.1775,0.53,False
2025-07-27 20:00:00,Bybit,Crypto.com,0.01,-0.0639,0.0739,3.69,1.92(0.0384%),1.78,0.1775,0.53,False
2025-07-27 20:00:00,Binance,Crypto.com,0.01,-0.0639,0.0739,3.69,1.92(0.0384%),1.78,0.1775,0.53,False
2025-07-27 20:00:00,MEXC,Crypto.com,0.01,-0.0639,0.0739,3.69,1.92(0.0384%),1.78,0.1775,0.53,False
2025-07-27 12:00:00,Bitget,Crypto.com,0.01,-0.0437,0.0537,2.69,1.92(0.0384%),0.77,0.0765,0.23,False
2025-07-27 12:00:00,OKX,Crypto.com,0.01,-0.0437,0.0537,2.69,1.92(0.0384%),0.77,0.0765,0.23,False
2025-07-27 12:00:00,Bybit,Crypto.com,0.01,-0.0437,0.0537,2.69,1.92(0.0384%),0.77,0.0765,0.23,False
2025-07-27 12:00:00,Binance,Crypto.com,0.01,-0.0437,0.0537,2.69,1.92(0.0384%),0.77,0.0765,0.23,False
2025-07-27 12:00:00,MEXC,Crypto.com,0.01,-0.0437,0.0537,2.69,1.92(0.0384%),0.77,0.0765,0.23,False
2025-07-26 12:00:00,Crypto.com,KuCoin,0.0106,-0.0148,0.0254,1.27,1.92(0.0384%),-0.65,-0.065,-0.19,False
2025-07-26 12:00:00,Bybit,KuCoin,0.01,-0.0148,0.0248,1.24,1.92(0.0384%),-0.68,-0.068,-0.2,False
2025-07-26 12:00:00,Binance,KuCoin,0.01,-0.0148,0.0248,1.24,1.92(0.0384%),-0.68,-0.068,-0.2,False
2025-07-26 12:00:00,Bitunix,KuCoin,0.01,-0.0148,0.0248,1.24,1.92(0.0384%),-0.68,-0.068,-0.2,False
2025-07-26 12:00:00,Gate,KuCoin,0.01,-0.0148,0.0248,1.24,1.92(0.0384%),-0.68,-0.068,-0.2,False
2025-07-26 04:00:00,Gate,Crypto.com,0.01,-0.0184,0.0284,1.42,1.92(0.0384%),-0.5,-0.05,-0.15,False
2025-07-26 04:00:00,OKX,Crypto.com,0.01,-0.0184,0.0284,1.42,1.92(0.0384%),-0.5,-0.05,-0.15,False
2025-07-26 04:00:00,Bybit,Crypto.com,0.01,-0.0184,0.0284,1.42,1.92(0.0384%),-0.5,-0.05,-0.15,False
2025-07-26 04:00:00,Binance,Crypto.com,0.01,-0.0184,0.0284,1.42,1.92(0.0384%),-0.5,-0.05,-0.15,False
2025-07-26 04:00:00,MEXC,Crypto.com,0.01,-0.0184,0.0284,1.42,1.92(0.0384%),-0.5,-0.05,-0.15,False
2025-07-25 20:00:00,Bitunix,KuCoin,0.01,-0.0243,0.0343,1.71,1.92(0.0384%),-0.2,-0.0205,-0.06,False
2025-07-25 20:00:00,Gate,KuCoin,0.01,-0.0243,0.0343,1.71,1.92(0.0384%),-0.2,-0.0205,-0.06,False
2025-07-25 20:00:00,Bybit,KuCoin,0.01,-0.0243,0.0343,1.71,1.92(0.0384%),-0.2,-0.0205,-0.06,False
2025-07-25 20:00:00,Binance,KuCoin,0.01,-0.0243,0.0343,1.71,1.92(0.0384%),-0.2,-0.0205,-0.06,False
2025-07-25 20:00:00,Bitget,KuCoin,0.01,-0.0243,0.0343,1.71,1.92(0.0384%),-0.2,-0.0205,-0.06,False
2025-07-25 12:00:00,Crypto.com,KuCoin,0.0192,-0.0434,0.0626,3.13,1.92(0.0384%),1.21,0.121,0.36,False
2025-07-25 12:00:00,Bitget,KuCoin,0.01,-0.0434,0.0534,2.67,1.92(0.0384%),0.75,0.075,0.23,False
2025-07-25 12:00:00,Bybit,KuCoin,0.01,-0.0434,0.0534,2.67,1.92(0.0384%),0.75,0.075,0.23,False
2025-07-25 12:00:00,OKX,KuCoin,0.01,-0.0434,0.0534,2.67,1.92(0.0384%),0.75,0.075,0.23,False
2025-07-25 12:00:00,Gate,KuCoin,0.01,-0.0434,0.0534,2.67,1.92(0.0384%),0.75,0.075,0.23,False
2025-07-25 04:00:00,OKX,Crypto.com,0.01,-0.1115,0.1215,6.07,1.92(0.0384%),4.15,0.4155,1.25,False
2025-07-25 04:00:00,Bitget,Crypto.com,0.01,-0.1115,0.1215,6.07,1.92(0.0384%),4.15,0.4155,1.25,False
2025-07-25 04:00:00,Bybit,Crypto.com,0.01,-0.1115,0.1215,6.07,1.92(0.0384%),4.15,0.4155,1.25,False
2025-07-25 04:00:00,Binance,Crypto.com,0.0027,-0.1115,0.1142,5.71,1.92(0.0384%),3.79,0.379,1.14,False
2025-07-25 04:00:00,MEXC,Crypto.com,0.0024,-0.1115,0.1139,5.7,1.92(0.0384%),3.78,0.3775,1.13,False
2025-07-24 20:00:00,OKX,KuCoin,0.01,-0.0733,0.0833,4.17,1.92(0.0384%),2.25,0.2245,0.67,False
2025-07-24 20:00:00,Bitunix,KuCoin,0.01,-0.0733,0.0833,4.17,1.92(0.0384%),2.25,0.2245,0.67,False
2025-07-24 20:00:00,Bybit,KuCoin,0.01,-0.0733,0.0833,4.17,1.92(0.0384%),2.25,0.2245,0.67,False
2025-07-24 20:00:00,Binance,KuCoin,0.01,-0.0733,0.0833,4.17,1.92(0.0384%),2.25,0.2245,0.67,False
2025-07-24 20:00:00,Bitget,KuCoin,0.01,-0.0733,0.0833,4.17,1.92(0.0384%),2.25,0.2245,0.67,False
2025-07-24 12:00:00,Bitunix,KuCoin,0.01,-0.0538,0.0638,3.19,1.92(0.0384%),1.27,0.127,0.38,False
2025-07-24 12:00:00,Gate,KuCoin,0.01,-0.0538,0.0638,3.19,1.92(0.0384%),1.27,0.127,0.38,False
2025-07-24 12:00:00,Bybit,KuCoin,0.01,-0.0538,0.0638,3.19,1.92(0.0384%),1.27,0.127,0.38,False
2025-07-24 12:00:00,Binance,KuCoin,0.01,-0.0538,0.0638,3.19,1.92(0.0384%),1.27,0.127,0.38,False
2025-07-24 12:00:00,Bitget,KuCoin,0.01,-0.0538,0.0638,3.19,1.92(0.0384%),1.27,0.127,0.38,False
2025-07-24 04:00:00,Bitunix,KuCoin,0.01,-0.0479,0.0579,2.9,1.92(0.0384%),0.98,0.0975,0.29,False
2025-07-24 04:00:00,Gate,KuCoin,0.01,-0.0479,0.0579,2.9,1.92(0.0384%),0.98,0.0975,0.29,False
2025-07-24 04:00:00,Bybit,KuCoin,0.01,-0.0479,0.0579,2.9,1.92(0.0384%),0.98,0.0975,0.29,False
2025-07-24 04:00:00,Binance,KuCoin,0.01,-0.0479,0.0579,2.9,1.92(0.0384%),0.98,0.0975,0.29,False
2025-07-24 04:00:00,Bitget,KuCoin,0.01,-0.0479,0.0579,2.9,1.92(0.0384%),0.98,0.0975,0.29,False
2025-07-23 20:00:00,Bitunix,KuCoin,0.01,-0.0325,0.0425,2.12,1.92(0.0384%),0.21,0.0205,0.06,False
2025-07-23 20:00:00,Gate,KuCoin,0.01,-0.0325,0.0425,2.12,1.92(0.0384%),0.21,0.0205,0.06,False
2025-07-23 20:00:00,Bybit,KuCoin,0.01,-0.0325,0.0425,2.12,1.92(0.0384%),0.21,0.0205,0.06,False
2025-07-23 20:00:00,Binance,KuCoin,0.01,-0.0325,0.0425,2.12,1.92(0.0384%),0.21,0.0205,0.06,False
2025-07-23 20:00:00,Bitget,KuCoin,0.01,-0.0325,0.0425,2.12,1.92(0.0384%),0.21,0.0205,0.06,False
2025-07-23 12:00:00,KuCoin,Crypto.com,0.0217,-0.016,0.0377,1.88,1.92(0.0384%),-0.03,-0.0035,-0.01,False
2025-07-23 12:00:00,Bybit,Crypto.com,0.01,-0.016,0.026,1.3,1.92(0.0384%),-0.62,-0.062,-0.19,False
2025-07-23 12:00:00,Binance,Crypto.com,0.01,-0.016,0.026,1.3,1.92(0.0384%),-0.62,-0.062,-0.19,False
2025-07-23 12:00:00,OKX,Crypto.com,0.01,-0.016,0.026,1.3,1.92(0.0384%),-0.62,-0.062,-0.19,False
2025-07-23 12:00:00,Bitget,Crypto.com,0.01,-0.016,0.026,1.3,1.92(0.0384%),-0.62,-0.062,-0.19,False
2025-07-23 04:00:00,KuCoin,Crypto.com,0.0338,-0.0139,0.0477,2.38,1.92(0.0384%),0.47,0.0465,0.14,False
2025-07-23 04:00:00,Bybit,Crypto.com,0.01,-0.0139,0.0239,1.19,1.92(0.0384%),-0.72,-0.0725,-0.22,False
2025-07-23 04:00:00,Binance,Crypto.com,0.01,-0.0139,0.0239,1.19,1.92(0.0384%),-0.72,-0.0725,-0.22,False
2025-07-23 04:00:00,OKX,Crypto.com,0.01,-0.0139,0.0239,1.19,1.92(0.0384%),-0.72,-0.0725,-0.22,False
2025-07-23 04:00:00,Bitget,Crypto.com,0.01,-0.0139,0.0239,1.19,1.92(0.0384%),-0.72,-0.0725,-0.22,False
2025-07-22 20:00:00,KuCoin,Bitunix,0.0432,0.01,0.0332,1.66,1.92(0.0384%),-0.26,-0.026,-0.08,False
2025-07-22 20:00:00,KuCoin,Gate,0.0432,0.01,0.0332,1.66,1.92(0.0384%),-0.26,-0.026,-0.08,False
2025-07-22 20:00:00,KuCoin,Bybit,0.0432,0.01,0.0332,1.66,1.92(0.0384%),-0.26,-0.026,-0.08,False
2025-07-22 20:00:00,KuCoin,Binance,0.0432,0.01,0.0332,1.66,1.92(0.0384%),-0.26,-0.026,-0.08,False
2025-07-22 20:00:00,KuCoin,Bitget,0.0432,0.01,0.0332,1.66,1.92(0.0384%),-0.26,-0.026,-0.08,False
2025-07-22 04:00:00,KuCoin,Crypto.com,0.0205,-0.0801,0.1006,5.03,1.92(0.0384%),3.11,0.311,0.93,False
2025-07-22 04:00:00,Bybit,Crypto.com,0.01,-0.0801,0.0901,4.5,1.92(0.0384%),2.58,0.2585,0.78,False
2025-07-22 04:00:00,Binance,Crypto.com,0.01,-0.0801,0.0901,4.5,1.92(0.0384%),2.58,0.2585,0.78,False
2025-07-22 04:00:00,OKX,Crypto.com,0.01,-0.0801,0.0901,4.5,1.92(0.0384%),2.58,0.2585,0.78,False
2025-07-22 04:00:00,Bitget,Crypto.com,0.01,-0.0801,0.0901,4.5,1.92(0.0384%),2.58,0.2585,0.78,False
2025-07-21 20:00:00,Bitunix,Crypto.com,0.0105,-0.0435,0.054,2.7,1.92(0.0384%),0.78,0.078,0.23,False
2025-07-21 20:00:00,Bybit,Crypto.com,0.01,-0.0435,0.0535,2.67,1.92(0.0384%),0.76,0.0755,0.23,False
2025-07-21 20:00:00,Binance,Crypto.com,0.01,-0.0435,0.0535,2.67,1.92(0.0384%),0.76,0.0755,0.23,False
2025-07-21 20:00:00,OKX,Crypto.com,0.01,-0.0435,0.0535,2.67,1.92(0.0384%),0.76,0.0755,0.23,False
2025-07-21 20:00:00,Bitget,Crypto.com,0.01,-0.0435,0.0535,2.67,1.92(0.0384%),0.76,0.0755,0.23,False
2025-07-21 12:00:00,Crypto.com,Gate,0.0907,0.01,0.0807,4.04,1.92(0.0384%),2.12,0.2115,0.63,False
2025-07-21 12:00:00,Crypto.com,Bitget,0.0907,0.01,0.0807,4.04,1.92(0.0384%),2.12,0.2115,0.63,False
2025-07-21 12:00:00,Crypto.com,OKX,0.0907,0.01,0.0807,4.04,1.92(0.0384%),2.12,0.2115,0.63,False
2025-07-21 12:00:00,Crypto.com,Binance,0.0907,0.01,0.0807,4.04,1.92(0.0384%),2.12,0.2115,0.63,False
2025-07-21 12:00:00,Crypto.com,MEXC,0.0907,0.01,0.0807,4.04,1.92(0.0384%),2.12,0.2115,0.63,False
2025-07-21 04:00:00,Crypto.com,KuCoin,0.0675,-0.0172,0.0847,4.24,1.92(0.0384%),2.32,0.2315,0.69,False
2025-07-21 04:00:00,Crypto.com,Bybit,0.0675,0.01,0.0575,2.88,1.92(0.0384%),0.96,0.0955,0.29,False
2025-07-21 04:00:00,Crypto.com,Binance,0.0675,0.01,0.0575,2.88,1.92(0.0384%),0.96,0.0955,0.29,False
2025-07-21 04:00:00,Crypto.com,OKX,0.0675,0.01,0.0575,2.88,1.92(0.0384%),0.96,0.0955,0.29,False
2025-07-21 04:00:00,Crypto.com,Bitget,0.0675,0.01,0.0575,2.88,1.92(0.0384%),0.96,0.0955,0.29,False
2025-07-20 20:00:00,Crypto.com,KuCoin,0.0926,-0.0294,0.122,6.1,1.92(0.0384%),4.18,0.418,1.25,False
2025-07-20 20:00:00,Crypto.com,Bybit,0.0926,0.01,0.0826,4.13,1.92(0.0384%),2.21,0.221,0.66,False
2025-07-20 20:00:00,Crypto.com,Binance,0.0926,0.01,0.0826,4.13,1.92(0.0384%),2.21,0.221,0.66,False
2025-07-20 20:00:00,Crypto.com,OKX,0.0926,0.01,0.0826,4.13,1.92(0.0384%),2.21,0.221,0.66,False
2025-07-20 20:00:00,Crypto.com,Bitget,0.0926,0.01,0.0826,4.13,1.92(0.0384%),2.21,0.221,0.66,False
2025-07-20 12:00:00,Crypto.com,KuCoin,0.026,-0.0485,0.0745,3.73,1.92(0.0384%),1.81,0.1805,0.54,False
2025-07-20 12:00:00,Bybit,KuCoin,0.01,-0.0485,0.0585,2.93,1.92(0.0384%),1.01,0.1005,0.3,False
2025-07-20 12:00:00,Binance,KuCoin,0.01,-0.0485,0.0585,2.93,1.92(0.0384%),1.01,0.1005,0.3,False
2025-07-20 12:00:00,Bitunix,KuCoin,0.01,-0.0485,0.0585,2.93,1.92(0.0384%),1.01,0.1005,0.3,False
2025-07-20 12:00:00,Gate,KuCoin,0.01,-0.0485,0.0585,2.93,1.92(0.0384%),1.01,0.1005,0.3,False
2025-07-20 04:00:00,Gate,Crypto.com,0.01,-0.0711,0.0811,4.05,1.92(0.0384%),2.13,0.2135,0.64,False
2025-07-20 04:00:00,OKX,Crypto.com,0.01,-0.0711,0.0811,4.05,1.92(0.0384%),2.13,0.2135,0.64,False
2025-07-20 04:00:00,Bybit,Crypto.com,0.01,-0.0711,0.0811,4.05,1.92(0.0384%),2.13,0.2135,0.64,False
2025-07-20 04:00:00,Binance,Crypto.com,0.01,-0.0711,0.0811,4.05,1.92(0.0384%),2.13,0.2135,0.64,False
2025-07-20 04:00:00,MEXC,Crypto.com,0.01,-0.0711,0.0811,4.05,1.92(0.0384%),2.13,0.2135,0.64,False
2025-07-19 20:00:00,Bitunix,KuCoin,0.01,-0.045,0.055,2.75,1.92(0.0384%),0.83,0.083,0.25,False
2025-07-19 20:00:00,Gate,KuCoin,0.01,-0.045,0.055,2.75,1.92(0.0384%),0.83,0.083,0.25,False
2025-07-19 20:00:00,Bybit,KuCoin,0.01,-0.045,0.055,2.75,1.92(0.0384%),0.83,0.083,0.25,False
2025-07-19 20:00:00,Binance,KuCoin,0.01,-0.045,0.055,2.75,1.92(0.0384%),0.83,0.083,0.25,False
2025-07-19 20:00:00,Bitget,KuCoin,0.01,-0.045,0.055,2.75,1.92(0.0384%),0.83,0.083,0.25,False
