Time,Short@,Long@,Short(%),Long(%),AbsSpread(%),GrossPnL,BorrowCost(0.0007%/h),NetPnL,ROI(%),ROI_day(%),BelowMin
2025-08-21 09:40:00,Crypto.com,MEXC,0.0815,-0.0015,0.083,4.15,0.28(0.0056%),3.87,0.387,1.16,False
2025-08-21 09:40:00,Crypto.com,OKX,0.0815,0.005,0.0765,3.82,0.28(0.0056%),3.54,0.3545,1.06,False
2025-08-21 09:40:00,Crypto.com,Gate,0.0815,0.005,0.0765,3.82,0.28(0.0056%),3.54,0.3545,1.06,False
2025-08-21 09:40:00,Crypto.com,HTX,0.0815,0.005,0.0765,3.82,0.28(0.0056%),3.54,0.3545,1.06,False
2025-08-21 09:40:00,Crypto.com,Bitmex,0.0815,0.01,0.0715,3.58,0.28(0.0056%),3.3,0.3295,0.99,False
2025-08-21 04:00:00,Crypto.com,MEXC,0.0741,-0.001,0.0751,3.76,0.28(0.0056%),3.48,0.3475,1.04,False
2025-08-21 04:00:00,Crypto.com,OKX,0.0741,0.005,0.0691,3.46,0.28(0.0056%),3.18,0.3175,0.95,False
2025-08-21 04:00:00,Crypto.com,Gate,0.0741,0.005,0.0691,3.46,0.28(0.0056%),3.18,0.3175,0.95,False
2025-08-21 04:00:00,Crypto.com,HTX,0.0741,0.005,0.0691,3.46,0.28(0.0056%),3.18,0.3175,0.95,False
2025-08-21 04:00:00,Crypto.com,Bitget,0.0741,0.005,0.0691,3.46,0.28(0.0056%),3.18,0.3175,0.95,False
2025-08-20 20:00:00,Crypto.com,MEXC,0.044,-0.001,0.045,2.25,0.28(0.0056%),1.97,0.197,0.59,False
2025-08-20 20:00:00,Hyperliquid,MEXC,0.0384,-0.001,0.0394,1.97,0.28(0.0056%),1.69,0.169,0.51,False
2025-08-20 20:00:00,CoinEx,MEXC,0.0383,-0.001,0.0393,1.97,0.28(0.0056%),1.69,0.1685,0.51,False
2025-08-20 20:00:00,Crypto.com,OKX,0.044,0.005,0.039,1.95,0.28(0.0056%),1.67,0.167,0.5,False
2025-08-20 20:00:00,Crypto.com,Binance,0.044,0.005,0.039,1.95,0.28(0.0056%),1.67,0.167,0.5,False
2025-08-20 12:00:00,Crypto.com,MEXC,0.0398,-0.001,0.0408,2.04,0.28(0.0056%),1.76,0.176,0.53,False
2025-08-20 12:00:00,Crypto.com,OKX,0.0398,0.005,0.0348,1.74,0.28(0.0056%),1.46,0.146,0.44,False
2025-08-20 12:00:00,Crypto.com,Binance,0.0398,0.005,0.0348,1.74,0.28(0.0056%),1.46,0.146,0.44,False
2025-08-20 12:00:00,Crypto.com,HTX,0.0398,0.005,0.0348,1.74,0.28(0.0056%),1.46,0.146,0.44,False
2025-08-20 12:00:00,Crypto.com,Bitget,0.0398,0.005,0.0348,1.74,0.28(0.0056%),1.46,0.146,0.44,False
2025-08-20 04:00:00,Crypto.com,MEXC,0.0499,-0.001,0.0509,2.54,0.28(0.0056%),2.27,0.2265,0.68,False
2025-08-20 04:00:00,Crypto.com,OKX,0.0499,0.005,0.0449,2.25,0.28(0.0056%),1.97,0.1965,0.59,False
2025-08-20 04:00:00,Crypto.com,Binance,0.0499,0.005,0.0449,2.25,0.28(0.0056%),1.97,0.1965,0.59,False
2025-08-20 04:00:00,Crypto.com,HTX,0.0499,0.005,0.0449,2.25,0.28(0.0056%),1.97,0.1965,0.59,False
2025-08-20 04:00:00,Crypto.com,Bitget,0.0499,0.005,0.0449,2.25,0.28(0.0056%),1.97,0.1965,0.59,False
2025-08-19 20:00:00,Crypto.com,MEXC,0.0656,-0.001,0.0666,3.33,0.28(0.0056%),3.05,0.305,0.92,False
2025-08-19 20:00:00,Crypto.com,OKX,0.0656,0.005,0.0606,3.03,0.28(0.0056%),2.75,0.275,0.83,False
2025-08-19 20:00:00,Crypto.com,Binance,0.0656,0.005,0.0606,3.03,0.28(0.0056%),2.75,0.275,0.83,False
2025-08-19 20:00:00,Crypto.com,HTX,0.0656,0.005,0.0606,3.03,0.28(0.0056%),2.75,0.275,0.83,False
2025-08-19 20:00:00,Crypto.com,Bitget,0.0656,0.005,0.0606,3.03,0.28(0.0056%),2.75,0.275,0.83,False
2025-08-19 12:00:00,Crypto.com,Bybit,0.0314,-0.0033,0.0347,1.73,0.28(0.0056%),1.45,0.1455,0.44,False
2025-08-19 12:00:00,Crypto.com,KuCoin,0.0314,-0.0022,0.0336,1.68,0.28(0.0056%),1.4,0.14,0.42,False
2025-08-19 12:00:00,Crypto.com,MEXC,0.0314,-0.001,0.0324,1.62,0.28(0.0056%),1.34,0.134,0.4,False
2025-08-19 12:00:00,Crypto.com,HTX,0.0314,0.005,0.0264,1.32,0.28(0.0056%),1.04,0.104,0.31,False
2025-08-19 12:00:00,Crypto.com,Gate,0.0314,0.005,0.0264,1.32,0.28(0.0056%),1.04,0.104,0.31,False
2025-08-19 04:00:00,CoinEx,KuCoin,0.0178,-0.0088,0.0266,1.33,0.28(0.0056%),1.05,0.105,0.31,False
2025-08-18 20:00:00,Crypto.com,MEXC,0.0296,-0.001,0.0306,1.53,0.28(0.0056%),1.25,0.125,0.38,False
2025-08-18 20:00:00,CoinEx,MEXC,0.0296,-0.001,0.0306,1.53,0.28(0.0056%),1.25,0.125,0.38,False
2025-08-18 20:00:00,Crypto.com,KuCoin,0.0296,-0.0005,0.0301,1.5,0.28(0.0056%),1.22,0.1225,0.37,False
2025-08-18 20:00:00,CoinEx,KuCoin,0.0296,-0.0005,0.0301,1.5,0.28(0.0056%),1.22,0.1225,0.37,False
2025-08-18 20:00:00,CoinEx,OKX,0.0296,0.0013,0.0283,1.42,0.28(0.0056%),1.14,0.1135,0.34,False
2025-08-18 12:00:00,CoinEx,MEXC,0.031,-0.001,0.032,1.6,0.28(0.0056%),1.32,0.132,0.4,False
2025-08-18 12:00:00,CoinEx,KuCoin,0.031,0.0009,0.0301,1.5,0.28(0.0056%),1.22,0.1225,0.37,False
2025-08-18 12:00:00,CoinEx,Crypto.com,0.031,0.0019,0.0291,1.46,0.28(0.0056%),1.18,0.1175,0.35,False
2025-08-18 12:00:00,CoinEx,Bitunix,0.031,0.005,0.026,1.3,0.28(0.0056%),1.02,0.102,0.31,False
2025-08-18 12:00:00,CoinEx,Gate,0.031,0.005,0.026,1.3,0.28(0.0056%),1.02,0.102,0.31,False
2025-08-18 04:00:00,Hyperliquid,KuCoin,0.0971,-0.0088,0.1059,5.29,0.28(0.0056%),5.01,0.5015,1.5,False
2025-08-18 04:00:00,Hyperliquid,Crypto.com,0.0971,-0.0082,0.1053,5.27,0.28(0.0056%),4.99,0.4985,1.5,False
2025-08-18 04:00:00,Hyperliquid,MEXC,0.0971,-0.001,0.0981,4.91,0.28(0.0056%),4.62,0.4625,1.39,False
2025-08-18 04:00:00,Hyperliquid,BingX,0.0971,0.005,0.0921,4.61,0.28(0.0056%),4.33,0.4325,1.3,False
2025-08-18 04:00:00,Hyperliquid,Bitget,0.0971,0.005,0.0921,4.61,0.28(0.0056%),4.33,0.4325,1.3,False
2025-08-17 20:00:00,Crypto.com,MEXC,0.0283,-0.001,0.0293,1.47,0.28(0.0056%),1.19,0.1185,0.36,False
2025-08-17 20:00:00,Crypto.com,KuCoin,0.0283,0.0009,0.0274,1.37,0.28(0.0056%),1.09,0.109,0.33,False
2025-08-17 20:00:00,Crypto.com,Binance,0.0283,0.005,0.0233,1.16,0.28(0.0056%),0.88,0.0885,0.27,False
2025-08-17 20:00:00,Crypto.com,BingX,0.0283,0.005,0.0233,1.16,0.28(0.0056%),0.88,0.0885,0.27,False
2025-08-17 20:00:00,Crypto.com,Gate,0.0283,0.005,0.0233,1.16,0.28(0.0056%),0.88,0.0885,0.27,False
2025-08-17 12:00:00,KuCoin,MEXC,0.0238,-0.001,0.0248,1.24,0.28(0.0056%),0.96,0.096,0.29,False
2025-08-17 12:00:00,KuCoin,Crypto.com,0.0238,0.0015,0.0223,1.11,0.28(0.0056%),0.83,0.0835,0.25,False
2025-08-17 12:00:00,CoinEx,MEXC,0.0208,-0.001,0.0218,1.09,0.28(0.0056%),0.81,0.081,0.24,False
2025-08-17 04:00:00,Crypto.com,Hyperliquid,0.0151,-0.0109,0.026,1.3,0.28(0.0056%),1.02,0.102,0.31,False
2025-08-17 04:00:00,KuCoin,Hyperliquid,0.0136,-0.0109,0.0245,1.22,0.28(0.0056%),0.94,0.0945,0.28,False
2025-08-17 04:00:00,CoinEx,Hyperliquid,0.0122,-0.0109,0.0231,1.16,0.28(0.0056%),0.88,0.0875,0.26,False
2025-08-17 04:00:00,Bybit,Hyperliquid,0.01,-0.0109,0.0209,1.05,0.28(0.0056%),0.77,0.0765,0.23,False
2025-08-17 04:00:00,Bitmex,Hyperliquid,0.01,-0.0109,0.0209,1.05,0.28(0.0056%),0.77,0.0765,0.23,False
2025-08-16 20:00:00,Bitmex,Hyperliquid,0.01,-0.0237,0.0337,1.69,0.28(0.0056%),1.41,0.1405,0.42,False
2025-08-16 20:00:00,Bybit,Hyperliquid,0.01,-0.0237,0.0337,1.69,0.28(0.0056%),1.41,0.1405,0.42,False
2025-08-16 20:00:00,Crypto.com,Hyperliquid,0.0095,-0.0237,0.0332,1.66,0.28(0.0056%),1.38,0.138,0.41,False
2025-08-16 20:00:00,CoinEx,Hyperliquid,0.0051,-0.0237,0.0288,1.44,0.28(0.0056%),1.16,0.116,0.35,False
2025-08-16 20:00:00,BingX,Hyperliquid,0.005,-0.0237,0.0287,1.43,0.28(0.0056%),1.15,0.1155,0.35,False
2025-08-16 12:00:00,Crypto.com,MEXC,0.027,-0.001,0.028,1.4,0.28(0.0056%),1.12,0.112,0.34,False
2025-08-16 12:00:00,CoinEx,MEXC,0.0237,-0.001,0.0247,1.23,0.28(0.0056%),0.95,0.0955,0.29,False
2025-08-16 12:00:00,Crypto.com,KuCoin,0.027,0.0046,0.0224,1.12,0.28(0.0056%),0.84,0.084,0.25,False
2025-08-16 12:00:00,Crypto.com,BingX,0.027,0.005,0.022,1.1,0.28(0.0056%),0.82,0.082,0.25,False
2025-08-16 12:00:00,Crypto.com,Gate,0.027,0.005,0.022,1.1,0.28(0.0056%),0.82,0.082,0.25,False
2025-08-15 20:00:00,Crypto.com,MEXC,0.053,-0.001,0.054,2.7,0.28(0.0056%),2.42,0.242,0.73,False
2025-08-15 20:00:00,Crypto.com,OKX,0.053,0.005,0.048,2.4,0.28(0.0056%),2.12,0.212,0.64,False
2025-08-15 20:00:00,Crypto.com,Binance,0.053,0.005,0.048,2.4,0.28(0.0056%),2.12,0.212,0.64,False
2025-08-15 20:00:00,Crypto.com,HTX,0.053,0.005,0.048,2.4,0.28(0.0056%),2.12,0.212,0.64,False
2025-08-15 20:00:00,Crypto.com,Bitget,0.053,0.005,0.048,2.4,0.28(0.0056%),2.12,0.212,0.64,False
2025-08-15 12:00:00,CoinEx,KuCoin,0.0225,-0.0052,0.0277,1.39,0.28(0.0056%),1.1,0.1105,0.33,False
2025-08-15 12:00:00,CoinEx,MEXC,0.0225,-0.001,0.0235,1.18,0.28(0.0056%),0.9,0.0895,0.27,False
2025-08-15 04:00:00,Crypto.com,MEXC,0.0348,-0.001,0.0358,1.79,0.28(0.0056%),1.51,0.151,0.45,False
2025-08-15 04:00:00,Crypto.com,OKX,0.0348,0.005,0.0298,1.49,0.28(0.0056%),1.21,0.121,0.36,False
2025-08-15 04:00:00,Crypto.com,Binance,0.0348,0.005,0.0298,1.49,0.28(0.0056%),1.21,0.121,0.36,False
2025-08-15 04:00:00,Crypto.com,HTX,0.0348,0.005,0.0298,1.49,0.28(0.0056%),1.21,0.121,0.36,False
2025-08-15 04:00:00,Crypto.com,Bitget,0.0348,0.005,0.0298,1.49,0.28(0.0056%),1.21,0.121,0.36,False
2025-08-14 20:00:00,Bitmex,KuCoin,0.01,-0.0301,0.0401,2.0,0.28(0.0056%),1.72,0.1725,0.52,False
2025-08-14 20:00:00,CoinEx,KuCoin,0.0077,-0.0301,0.0378,1.89,0.28(0.0056%),1.61,0.161,0.48,False
2025-08-14 20:00:00,Bitmex,Crypto.com,0.01,-0.0275,0.0375,1.88,0.28(0.0056%),1.59,0.1595,0.48,False
2025-08-14 20:00:00,CoinEx,Crypto.com,0.0077,-0.0275,0.0352,1.76,0.28(0.0056%),1.48,0.148,0.44,False
2025-08-14 20:00:00,Bitunix,KuCoin,0.005,-0.0301,0.0351,1.75,0.28(0.0056%),1.47,0.1475,0.44,False
2025-08-14 12:00:00,CoinEx,KuCoin,0.0908,-0.0013,0.0921,4.61,0.28(0.0056%),4.33,0.4325,1.3,False
2025-08-14 12:00:00,CoinEx,MEXC,0.0908,-0.001,0.0918,4.59,0.28(0.0056%),4.31,0.431,1.29,False
2025-08-14 12:00:00,CoinEx,Binance,0.0908,0.005,0.0858,4.29,0.28(0.0056%),4.01,0.401,1.2,False
2025-08-14 12:00:00,CoinEx,Bitunix,0.0908,0.005,0.0858,4.29,0.28(0.0056%),4.01,0.401,1.2,False
2025-08-14 12:00:00,CoinEx,Gate,0.0908,0.005,0.0858,4.29,0.28(0.0056%),4.01,0.401,1.2,False
2025-08-14 04:00:00,Crypto.com,MEXC,0.0676,-0.001,0.0686,3.43,0.28(0.0056%),3.15,0.315,0.95,False
2025-08-14 04:00:00,Crypto.com,CoinEx,0.0676,0.0,0.0676,3.38,0.28(0.0056%),3.1,0.31,0.93,False
2025-08-14 04:00:00,Crypto.com,Binance,0.0676,0.005,0.0626,3.13,0.28(0.0056%),2.85,0.285,0.85,False
2025-08-14 04:00:00,Crypto.com,HTX,0.0676,0.005,0.0626,3.13,0.28(0.0056%),2.85,0.285,0.85,False
2025-08-14 04:00:00,Crypto.com,OKX,0.0676,0.005,0.0626,3.13,0.28(0.0056%),2.85,0.285,0.85,False
2025-08-13 20:00:00,Crypto.com,MEXC,0.0326,-0.001,0.0336,1.68,0.28(0.0056%),1.4,0.14,0.42,False
2025-08-13 20:00:00,Crypto.com,CoinEx,0.0326,0.0,0.0326,1.63,0.28(0.0056%),1.35,0.135,0.4,False
2025-08-13 20:00:00,KuCoin,MEXC,0.0268,-0.001,0.0278,1.39,0.28(0.0056%),1.11,0.111,0.33,False
2025-08-13 20:00:00,Crypto.com,BingX,0.0326,0.005,0.0276,1.38,0.28(0.0056%),1.1,0.11,0.33,False
2025-08-13 20:00:00,Crypto.com,Gate,0.0326,0.005,0.0276,1.38,0.28(0.0056%),1.1,0.11,0.33,False
2025-08-13 12:00:00,Crypto.com,MEXC,0.0348,-0.001,0.0358,1.79,0.28(0.0056%),1.51,0.151,0.45,False
2025-08-13 12:00:00,Crypto.com,CoinEx,0.0348,0.0,0.0348,1.74,0.28(0.0056%),1.46,0.146,0.44,False
2025-08-13 12:00:00,Crypto.com,Binance,0.0348,0.005,0.0298,1.49,0.28(0.0056%),1.21,0.121,0.36,False
2025-08-13 12:00:00,Crypto.com,Bitunix,0.0348,0.005,0.0298,1.49,0.28(0.0056%),1.21,0.121,0.36,False
2025-08-13 12:00:00,Crypto.com,Gate,0.0348,0.005,0.0298,1.49,0.28(0.0056%),1.21,0.121,0.36,False
2025-08-13 04:00:00,Bitmex,Crypto.com,0.01,-0.043,0.053,2.65,0.28(0.0056%),2.37,0.237,0.71,False
2025-08-13 04:00:00,Hyperliquid,Crypto.com,0.01,-0.043,0.053,2.65,0.28(0.0056%),2.37,0.237,0.71,False
2025-08-13 04:00:00,Gate,Crypto.com,0.005,-0.043,0.048,2.4,0.28(0.0056%),2.12,0.212,0.64,False
2025-08-13 04:00:00,HTX,Crypto.com,0.005,-0.043,0.048,2.4,0.28(0.0056%),2.12,0.212,0.64,False
2025-08-13 04:00:00,Bitget,Crypto.com,0.005,-0.043,0.048,2.4,0.28(0.0056%),2.12,0.212,0.64,False
2025-08-12 20:00:00,KuCoin,MEXC,0.0214,-0.001,0.0224,1.12,0.28(0.0056%),0.84,0.084,0.25,False
2025-08-12 20:00:00,Crypto.com,MEXC,0.0208,-0.001,0.0218,1.09,0.28(0.0056%),0.81,0.081,0.24,False
2025-08-12 20:00:00,KuCoin,CoinEx,0.0214,0.0,0.0214,1.07,0.28(0.0056%),0.79,0.079,0.24,False
2025-08-12 20:00:00,Crypto.com,CoinEx,0.0208,0.0,0.0208,1.04,0.28(0.0056%),0.76,0.076,0.23,False
2025-08-12 12:00:00,Crypto.com,MEXC,0.0624,-0.001,0.0634,3.17,0.28(0.0056%),2.89,0.289,0.87,False
2025-08-12 12:00:00,Crypto.com,CoinEx,0.0624,0.0,0.0624,3.12,0.28(0.0056%),2.84,0.284,0.85,False
2025-08-12 12:00:00,Crypto.com,Binance,0.0624,0.005,0.0574,2.87,0.28(0.0056%),2.59,0.259,0.78,False
2025-08-12 12:00:00,Crypto.com,Bitunix,0.0624,0.005,0.0574,2.87,0.28(0.0056%),2.59,0.259,0.78,False
2025-08-12 12:00:00,Crypto.com,Gate,0.0624,0.005,0.0574,2.87,0.28(0.0056%),2.59,0.259,0.78,False
2025-08-12 04:00:00,Crypto.com,MEXC,0.0632,-0.001,0.0642,3.21,0.28(0.0056%),2.93,0.293,0.88,False
2025-08-12 04:00:00,Crypto.com,KuCoin,0.0632,0.0003,0.0629,3.15,0.28(0.0056%),2.87,0.2865,0.86,False
2025-08-12 04:00:00,Crypto.com,Binance,0.0632,0.005,0.0582,2.91,0.28(0.0056%),2.63,0.263,0.79,False
2025-08-12 04:00:00,Crypto.com,BingX,0.0632,0.005,0.0582,2.91,0.28(0.0056%),2.63,0.263,0.79,False
2025-08-12 04:00:00,Crypto.com,Gate,0.0632,0.005,0.0582,2.91,0.28(0.0056%),2.63,0.263,0.79,False
2025-08-11 20:00:00,Crypto.com,MEXC,0.1025,-0.001,0.1035,5.17,0.28(0.0056%),4.89,0.4895,1.47,False
2025-08-11 20:00:00,Crypto.com,OKX,0.1025,0.005,0.0975,4.87,0.28(0.0056%),4.59,0.4595,1.38,False
2025-08-11 20:00:00,Crypto.com,Binance,0.1025,0.005,0.0975,4.87,0.28(0.0056%),4.59,0.4595,1.38,False
2025-08-11 20:00:00,Crypto.com,HTX,0.1025,0.005,0.0975,4.87,0.28(0.0056%),4.59,0.4595,1.38,False
2025-08-11 20:00:00,Crypto.com,Bitget,0.1025,0.005,0.0975,4.87,0.28(0.0056%),4.59,0.4595,1.38,False
2025-08-11 12:00:00,Crypto.com,MEXC,0.1015,-0.001,0.1025,5.12,0.28(0.0056%),4.84,0.4845,1.45,False
2025-08-11 12:00:00,Crypto.com,OKX,0.1015,0.005,0.0965,4.83,0.28(0.0056%),4.54,0.4545,1.36,False
2025-08-11 12:00:00,Crypto.com,Binance,0.1015,0.005,0.0965,4.83,0.28(0.0056%),4.54,0.4545,1.36,False
2025-08-11 12:00:00,Crypto.com,HTX,0.1015,0.005,0.0965,4.83,0.28(0.0056%),4.54,0.4545,1.36,False
2025-08-11 12:00:00,Crypto.com,Bitget,0.1015,0.005,0.0965,4.83,0.28(0.0056%),4.54,0.4545,1.36,False
2025-08-11 04:00:00,Hyperliquid,MEXC,0.0936,-0.001,0.0946,4.73,0.28(0.0056%),4.45,0.445,1.33,False
2025-08-11 04:00:00,Hyperliquid,CoinEx,0.0936,0.0,0.0936,4.68,0.28(0.0056%),4.4,0.44,1.32,False
2025-08-11 04:00:00,Hyperliquid,Binance,0.0936,0.005,0.0886,4.43,0.28(0.0056%),4.15,0.415,1.24,False
2025-08-11 04:00:00,Hyperliquid,BingX,0.0936,0.005,0.0886,4.43,0.28(0.0056%),4.15,0.415,1.24,False
2025-08-11 04:00:00,Hyperliquid,Bitunix,0.0936,0.005,0.0886,4.43,0.28(0.0056%),4.15,0.415,1.24,False
2025-08-10 20:00:00,Hyperliquid,MEXC,0.0462,-0.001,0.0472,2.36,0.28(0.0056%),2.08,0.208,0.62,False
2025-08-10 20:00:00,Hyperliquid,CoinEx,0.0462,0.0,0.0462,2.31,0.28(0.0056%),2.03,0.203,0.61,False
2025-08-10 20:00:00,Hyperliquid,Binance,0.0462,0.005,0.0412,2.06,0.28(0.0056%),1.78,0.178,0.53,False
2025-08-10 20:00:00,Hyperliquid,BingX,0.0462,0.005,0.0412,2.06,0.28(0.0056%),1.78,0.178,0.53,False
2025-08-10 20:00:00,Hyperliquid,Bitunix,0.0462,0.005,0.0412,2.06,0.28(0.0056%),1.78,0.178,0.53,False
2025-08-10 12:00:00,KuCoin,MEXC,0.0317,-0.001,0.0327,1.63,0.28(0.0056%),1.35,0.1355,0.41,False
2025-08-10 12:00:00,KuCoin,CoinEx,0.0317,0.0,0.0317,1.58,0.28(0.0056%),1.3,0.1305,0.39,False
2025-08-10 12:00:00,Hyperliquid,MEXC,0.0306,-0.001,0.0316,1.58,0.28(0.0056%),1.3,0.13,0.39,False
2025-08-10 12:00:00,Hyperliquid,CoinEx,0.0306,0.0,0.0306,1.53,0.28(0.0056%),1.25,0.125,0.38,False
2025-08-10 12:00:00,Crypto.com,MEXC,0.0292,-0.001,0.0302,1.51,0.28(0.0056%),1.23,0.123,0.37,False
2025-08-10 04:00:00,KuCoin,MEXC,0.0417,-0.001,0.0427,2.14,0.28(0.0056%),1.86,0.1855,0.56,False
2025-08-10 04:00:00,Crypto.com,MEXC,0.0409,-0.001,0.0419,2.09,0.28(0.0056%),1.81,0.1815,0.54,False
2025-08-10 04:00:00,KuCoin,CoinEx,0.0417,0.0,0.0417,2.08,0.28(0.0056%),1.8,0.1805,0.54,False
2025-08-10 04:00:00,Crypto.com,CoinEx,0.0409,0.0,0.0409,2.04,0.28(0.0056%),1.76,0.1765,0.53,False
2025-08-10 04:00:00,KuCoin,Gate,0.0417,0.005,0.0367,1.84,0.28(0.0056%),1.56,0.1555,0.47,False
2025-08-09 20:00:00,Crypto.com,MEXC,0.0567,-0.001,0.0577,2.89,0.28(0.0056%),2.61,0.2605,0.78,False
2025-08-09 20:00:00,Crypto.com,CoinEx,0.0567,0.0,0.0567,2.83,0.28(0.0056%),2.56,0.2555,0.77,False
2025-08-09 20:00:00,Crypto.com,Binance,0.0567,0.005,0.0517,2.58,0.28(0.0056%),2.31,0.2305,0.69,False
2025-08-09 20:00:00,Crypto.com,HTX,0.0567,0.005,0.0517,2.58,0.28(0.0056%),2.31,0.2305,0.69,False
2025-08-09 20:00:00,Crypto.com,OKX,0.0567,0.005,0.0517,2.58,0.28(0.0056%),2.31,0.2305,0.69,False
2025-08-09 12:00:00,KuCoin,Crypto.com,0.0243,-0.0458,0.0701,3.5,0.28(0.0056%),3.22,0.3225,0.97,False
2025-08-09 12:00:00,KuCoin,CoinEx,0.0243,-0.0368,0.0611,3.06,0.28(0.0056%),2.78,0.2775,0.83,False
2025-08-09 12:00:00,Bitmex,Crypto.com,0.01,-0.0458,0.0558,2.79,0.28(0.0056%),2.51,0.251,0.75,False
2025-08-09 12:00:00,Hyperliquid,Crypto.com,0.01,-0.0458,0.0558,2.79,0.28(0.0056%),2.51,0.251,0.75,False
2025-08-09 12:00:00,Bybit,Crypto.com,0.01,-0.0458,0.0558,2.79,0.28(0.0056%),2.51,0.251,0.75,False
2025-08-09 04:00:00,Bitmex,Crypto.com,0.01,-0.0438,0.0538,2.69,0.28(0.0056%),2.41,0.241,0.72,False
2025-08-09 04:00:00,Hyperliquid,Crypto.com,0.01,-0.0438,0.0538,2.69,0.28(0.0056%),2.41,0.241,0.72,False
2025-08-09 04:00:00,Bybit,Crypto.com,0.01,-0.0438,0.0538,2.69,0.28(0.0056%),2.41,0.241,0.72,False
2025-08-09 04:00:00,HTX,Crypto.com,0.005,-0.0438,0.0488,2.44,0.28(0.0056%),2.16,0.216,0.65,False
2025-08-09 04:00:00,Bitget,Crypto.com,0.005,-0.0438,0.0488,2.44,0.28(0.0056%),2.16,0.216,0.65,False
2025-08-08 20:00:00,Crypto.com,CoinEx,0.0495,-0.0298,0.0793,3.97,0.28(0.0056%),3.69,0.3685,1.11,False
2025-08-08 20:00:00,Crypto.com,OKX,0.0495,-0.0072,0.0567,2.83,0.28(0.0056%),2.56,0.2555,0.77,False
2025-08-08 20:00:00,Crypto.com,Bybit,0.0495,-0.0054,0.0549,2.75,0.28(0.0056%),2.47,0.2465,0.74,False
2025-08-08 20:00:00,Crypto.com,MEXC,0.0495,-0.001,0.0505,2.52,0.28(0.0056%),2.25,0.2245,0.67,False
2025-08-08 20:00:00,Crypto.com,Gate,0.0495,0.005,0.0445,2.23,0.28(0.0056%),1.95,0.1945,0.58,False
2025-08-08 12:00:00,Crypto.com,CoinEx,0.0558,-0.0738,0.1296,6.48,0.28(0.0056%),6.2,0.62,1.86,False
2025-08-08 12:00:00,Bitmex,CoinEx,0.01,-0.0738,0.0838,4.19,0.28(0.0056%),3.91,0.391,1.17,False
2025-08-08 12:00:00,KuCoin,CoinEx,0.0064,-0.0738,0.0802,4.01,0.28(0.0056%),3.73,0.373,1.12,False
2025-08-08 12:00:00,BingX,CoinEx,0.005,-0.0738,0.0788,3.94,0.28(0.0056%),3.66,0.366,1.1,False
2025-08-08 12:00:00,HTX,CoinEx,0.005,-0.0738,0.0788,3.94,0.28(0.0056%),3.66,0.366,1.1,False
2025-08-08 04:00:00,Crypto.com,Hyperliquid,0.0605,-0.0082,0.0687,3.44,0.28(0.0056%),3.16,0.3155,0.95,False
2025-08-08 04:00:00,Crypto.com,MEXC,0.0605,-0.001,0.0615,3.07,0.28(0.0056%),2.79,0.2795,0.84,False
2025-08-08 04:00:00,Crypto.com,CoinEx,0.0605,0.0,0.0605,3.02,0.28(0.0056%),2.75,0.2745,0.82,False
2025-08-08 04:00:00,Crypto.com,OKX,0.0605,0.0003,0.0602,3.01,0.28(0.0056%),2.73,0.273,0.82,False
2025-08-08 04:00:00,Crypto.com,Binance,0.0605,0.0012,0.0593,2.96,0.28(0.0056%),2.69,0.2685,0.81,False
2025-08-07 20:00:00,KuCoin,MEXC,0.0347,-0.001,0.0357,1.78,0.28(0.0056%),1.5,0.1505,0.45,False
2025-08-07 20:00:00,KuCoin,CoinEx,0.0347,0.0,0.0347,1.74,0.28(0.0056%),1.46,0.1455,0.44,False
2025-08-07 20:00:00,KuCoin,Crypto.com,0.0347,0.0048,0.0299,1.5,0.28(0.0056%),1.22,0.1215,0.36,False
2025-08-07 20:00:00,KuCoin,BingX,0.0347,0.005,0.0297,1.49,0.28(0.0056%),1.21,0.1205,0.36,False
2025-08-07 20:00:00,KuCoin,Bitget,0.0347,0.005,0.0297,1.49,0.28(0.0056%),1.21,0.1205,0.36,False
2025-08-07 12:00:00,KuCoin,Crypto.com,0.0227,-0.0022,0.0249,1.25,0.28(0.0056%),0.97,0.0965,0.29,False
2025-08-07 12:00:00,KuCoin,MEXC,0.0227,-0.001,0.0237,1.19,0.28(0.0056%),0.91,0.0905,0.27,False
2025-08-07 12:00:00,KuCoin,CoinEx,0.0227,0.0,0.0227,1.14,0.28(0.0056%),0.85,0.0855,0.26,False
2025-08-07 04:00:00,CoinEx,Crypto.com,0.0345,-0.0985,0.133,6.65,0.28(0.0056%),6.37,0.637,1.91,False
2025-08-07 04:00:00,KuCoin,Crypto.com,0.0194,-0.0985,0.1179,5.9,0.28(0.0056%),5.62,0.5615,1.68,False
2025-08-07 04:00:00,Bitmex,Crypto.com,0.01,-0.0985,0.1085,5.42,0.28(0.0056%),5.14,0.5145,1.54,False
2025-08-07 04:00:00,Bybit,Crypto.com,0.01,-0.0985,0.1085,5.42,0.28(0.0056%),5.14,0.5145,1.54,False
2025-08-07 04:00:00,Hyperliquid,Crypto.com,0.0068,-0.0985,0.1053,5.27,0.28(0.0056%),4.99,0.4985,1.5,False
2025-08-06 20:00:00,CoinEx,Hyperliquid,0.0416,-0.0051,0.0467,2.33,0.28(0.0056%),2.06,0.2055,0.62,False
2025-08-06 20:00:00,CoinEx,MEXC,0.0416,-0.001,0.0426,2.13,0.28(0.0056%),1.85,0.185,0.55,False
2025-08-06 20:00:00,CoinEx,Crypto.com,0.0416,-0.0009,0.0425,2.12,0.28(0.0056%),1.84,0.1845,0.55,False
2025-08-06 20:00:00,CoinEx,BingX,0.0416,0.005,0.0366,1.83,0.28(0.0056%),1.55,0.155,0.46,False
2025-08-06 20:00:00,CoinEx,Gate,0.0416,0.005,0.0366,1.83,0.28(0.0056%),1.55,0.155,0.46,False
2025-08-06 12:00:00,CoinEx,Crypto.com,0.0402,-0.0491,0.0893,4.46,0.28(0.0056%),4.18,0.4185,1.26,False
2025-08-06 12:00:00,Bybit,Crypto.com,0.01,-0.0491,0.0591,2.95,0.28(0.0056%),2.67,0.2675,0.8,False
2025-08-06 12:00:00,Bitmex,Crypto.com,0.01,-0.0491,0.0591,2.95,0.28(0.0056%),2.67,0.2675,0.8,False
2025-08-06 12:00:00,Hyperliquid,Crypto.com,0.01,-0.0491,0.0591,2.95,0.28(0.0056%),2.67,0.2675,0.8,False
2025-08-06 12:00:00,HTX,Crypto.com,0.005,-0.0491,0.0541,2.7,0.28(0.0056%),2.42,0.2425,0.73,False
2025-08-06 04:00:00,Bitmex,Crypto.com,0.01,-0.0779,0.0879,4.39,0.28(0.0056%),4.11,0.4115,1.23,False
2025-08-06 04:00:00,Hyperliquid,Crypto.com,0.01,-0.0779,0.0879,4.39,0.28(0.0056%),4.11,0.4115,1.23,False
2025-08-06 04:00:00,Gate,Crypto.com,0.005,-0.0779,0.0829,4.14,0.28(0.0056%),3.86,0.3865,1.16,False
2025-08-06 04:00:00,HTX,Crypto.com,0.005,-0.0779,0.0829,4.14,0.28(0.0056%),3.86,0.3865,1.16,False
2025-08-06 04:00:00,Bitget,Crypto.com,0.005,-0.0779,0.0829,4.14,0.28(0.0056%),3.86,0.3865,1.16,False
2025-08-05 20:00:00,Bitmex,Crypto.com,0.01,-0.0285,0.0385,1.92,0.28(0.0056%),1.64,0.1645,0.49,False
2025-08-05 20:00:00,Hyperliquid,Crypto.com,0.01,-0.0285,0.0385,1.92,0.28(0.0056%),1.64,0.1645,0.49,False
2025-08-05 20:00:00,Binance,Crypto.com,0.005,-0.0285,0.0335,1.68,0.28(0.0056%),1.4,0.1395,0.42,False
2025-08-05 20:00:00,HTX,Crypto.com,0.005,-0.0285,0.0335,1.68,0.28(0.0056%),1.4,0.1395,0.42,False
2025-08-05 20:00:00,Gate,Crypto.com,0.005,-0.0285,0.0335,1.68,0.28(0.0056%),1.4,0.1395,0.42,False
2025-08-05 12:00:00,KuCoin,MEXC,0.0242,-0.001,0.0252,1.26,0.28(0.0056%),0.98,0.098,0.29,False
2025-08-05 12:00:00,KuCoin,Bitunix,0.0242,0.001,0.0232,1.16,0.28(0.0056%),0.88,0.088,0.26,False
2025-08-05 12:00:00,KuCoin,CoinEx,0.0242,0.0015,0.0227,1.14,0.28(0.0056%),0.85,0.0855,0.26,False
2025-08-05 12:00:00,KuCoin,Crypto.com,0.0242,0.0039,0.0203,1.01,0.28(0.0056%),0.73,0.0735,0.22,False
2025-08-05 04:00:00,CoinEx,Crypto.com,0.0224,-0.0424,0.0648,3.24,0.28(0.0056%),2.96,0.296,0.89,False
2025-08-05 04:00:00,KuCoin,Crypto.com,0.0168,-0.0424,0.0592,2.96,0.28(0.0056%),2.68,0.268,0.8,False
2025-08-05 04:00:00,Bitmex,Crypto.com,0.01,-0.0424,0.0524,2.62,0.28(0.0056%),2.34,0.234,0.7,False
2025-08-05 04:00:00,Hyperliquid,Crypto.com,0.01,-0.0424,0.0524,2.62,0.28(0.0056%),2.34,0.234,0.7,False
2025-08-05 04:00:00,Bybit,Crypto.com,0.01,-0.0424,0.0524,2.62,0.28(0.0056%),2.34,0.234,0.7,False
2025-08-04 20:00:00,Bitmex,Crypto.com,0.01,-0.054,0.064,3.2,0.28(0.0056%),2.92,0.292,0.88,False
2025-08-04 20:00:00,Hyperliquid,Crypto.com,0.01,-0.054,0.064,3.2,0.28(0.0056%),2.92,0.292,0.88,False
2025-08-04 20:00:00,Bybit,Crypto.com,0.01,-0.054,0.064,3.2,0.28(0.0056%),2.92,0.292,0.88,False
2025-08-04 20:00:00,KuCoin,Crypto.com,0.0056,-0.054,0.0596,2.98,0.28(0.0056%),2.7,0.27,0.81,False
2025-08-04 20:00:00,HTX,Crypto.com,0.005,-0.054,0.059,2.95,0.28(0.0056%),2.67,0.267,0.8,False
2025-08-04 12:00:00,Bitmex,Crypto.com,0.01,-0.0956,0.1056,5.28,0.28(0.0056%),5.0,0.5,1.5,False
2025-08-04 12:00:00,Hyperliquid,Crypto.com,0.01,-0.0956,0.1056,5.28,0.28(0.0056%),5.0,0.5,1.5,False
2025-08-04 12:00:00,OKX,Crypto.com,0.005,-0.0956,0.1006,5.03,0.28(0.0056%),4.75,0.475,1.43,False
2025-08-04 12:00:00,HTX,Crypto.com,0.005,-0.0956,0.1006,5.03,0.28(0.0056%),4.75,0.475,1.43,False
2025-08-04 12:00:00,Bitget,Crypto.com,0.005,-0.0956,0.1006,5.03,0.28(0.0056%),4.75,0.475,1.43,False
2025-08-04 04:00:00,CoinEx,Crypto.com,0.0254,-0.0936,0.119,5.95,0.28(0.0056%),5.67,0.567,1.7,False
2025-08-04 04:00:00,Hyperliquid,Crypto.com,0.01,-0.0936,0.1036,5.18,0.28(0.0056%),4.9,0.49,1.47,False
2025-08-04 04:00:00,Bitmex,Crypto.com,0.01,-0.0936,0.1036,5.18,0.28(0.0056%),4.9,0.49,1.47,False
2025-08-04 04:00:00,Bybit,Crypto.com,0.0072,-0.0936,0.1008,5.04,0.28(0.0056%),4.76,0.476,1.43,False
2025-08-04 04:00:00,HTX,Crypto.com,0.005,-0.0936,0.0986,4.93,0.28(0.0056%),4.65,0.465,1.4,False
2025-08-03 20:00:00,CoinEx,Crypto.com,0.0195,-0.1204,0.1399,7.0,0.28(0.0056%),6.71,0.6715,2.01,False
2025-08-03 20:00:00,Bitmex,Crypto.com,0.01,-0.1204,0.1304,6.52,0.28(0.0056%),6.24,0.624,1.87,False
2025-08-03 20:00:00,HTX,Crypto.com,0.005,-0.1204,0.1254,6.27,0.28(0.0056%),5.99,0.599,1.8,False
2025-08-03 20:00:00,BingX,Crypto.com,0.005,-0.1204,0.1254,6.27,0.28(0.0056%),5.99,0.599,1.8,False
2025-08-03 20:00:00,Bitget,Crypto.com,0.005,-0.1204,0.1254,6.27,0.28(0.0056%),5.99,0.599,1.8,False
2025-08-03 12:00:00,CoinEx,Crypto.com,0.0357,-0.0968,0.1325,6.62,0.28(0.0056%),6.34,0.6345,1.9,False
2025-08-03 12:00:00,Bitmex,Crypto.com,0.01,-0.0968,0.1068,5.34,0.28(0.0056%),5.06,0.506,1.52,False
2025-08-03 12:00:00,Bybit,Crypto.com,0.0062,-0.0968,0.103,5.15,0.28(0.0056%),4.87,0.487,1.46,False
2025-08-03 12:00:00,HTX,Crypto.com,0.005,-0.0968,0.1018,5.09,0.28(0.0056%),4.81,0.481,1.44,False
2025-08-03 12:00:00,Bitget,Crypto.com,0.005,-0.0968,0.1018,5.09,0.28(0.0056%),4.81,0.481,1.44,False
2025-08-03 04:00:00,Bitmex,Crypto.com,0.01,-0.0704,0.0804,4.02,0.28(0.0056%),3.74,0.374,1.12,False
2025-08-03 04:00:00,Hyperliquid,Crypto.com,0.01,-0.0704,0.0804,4.02,0.28(0.0056%),3.74,0.374,1.12,False
2025-08-03 04:00:00,HTX,Crypto.com,0.005,-0.0704,0.0754,3.77,0.28(0.0056%),3.49,0.349,1.05,False
2025-08-03 04:00:00,Bitunix,Crypto.com,0.002,-0.0704,0.0724,3.62,0.28(0.0056%),3.34,0.334,1.0,False
2025-08-03 04:00:00,CoinEx,Crypto.com,0.0,-0.0704,0.0704,3.52,0.28(0.0056%),3.24,0.324,0.97,False
2025-08-02 20:00:00,CoinEx,Crypto.com,0.0135,-0.0545,0.068,3.4,0.28(0.0056%),3.12,0.312,0.94,False
2025-08-02 20:00:00,Bybit,Crypto.com,0.01,-0.0545,0.0645,3.23,0.28(0.0056%),2.95,0.2945,0.88,False
2025-08-02 20:00:00,Bitmex,Crypto.com,0.01,-0.0545,0.0645,3.23,0.28(0.0056%),2.95,0.2945,0.88,False
2025-08-02 20:00:00,OKX,Crypto.com,0.005,-0.0545,0.0595,2.97,0.28(0.0056%),2.69,0.2695,0.81,False
2025-08-02 20:00:00,HTX,Crypto.com,0.005,-0.0545,0.0595,2.97,0.28(0.0056%),2.69,0.2695,0.81,False
2025-08-02 12:00:00,Bitmex,Crypto.com,0.01,-0.0652,0.0752,3.76,0.28(0.0056%),3.48,0.348,1.04,False
2025-08-02 12:00:00,Hyperliquid,Crypto.com,0.01,-0.0652,0.0752,3.76,0.28(0.0056%),3.48,0.348,1.04,False
2025-08-02 12:00:00,Binance,Crypto.com,0.005,-0.0652,0.0702,3.51,0.28(0.0056%),3.23,0.323,0.97,False
2025-08-02 12:00:00,BingX,Crypto.com,0.005,-0.0652,0.0702,3.51,0.28(0.0056%),3.23,0.323,0.97,False
2025-08-02 12:00:00,Bitget,Crypto.com,0.005,-0.0652,0.0702,3.51,0.28(0.0056%),3.23,0.323,0.97,False
2025-08-02 04:00:00,Bitmex,Crypto.com,0.01,-0.0684,0.0784,3.92,0.28(0.0056%),3.64,0.364,1.09,False
2025-08-02 04:00:00,Hyperliquid,Crypto.com,0.0071,-0.0684,0.0755,3.78,0.28(0.0056%),3.5,0.3495,1.05,False
2025-08-02 04:00:00,HTX,Crypto.com,0.005,-0.0684,0.0734,3.67,0.28(0.0056%),3.39,0.339,1.02,False
2025-08-02 04:00:00,Bitget,Crypto.com,0.0025,-0.0684,0.0709,3.54,0.28(0.0056%),3.27,0.3265,0.98,False
2025-08-02 04:00:00,Bitunix,Crypto.com,0.002,-0.0684,0.0704,3.52,0.28(0.0056%),3.24,0.324,0.97,False
2025-08-01 20:00:00,Bitmex,Crypto.com,0.01,-0.0351,0.0451,2.25,0.28(0.0056%),1.97,0.1975,0.59,False
2025-08-01 20:00:00,Hyperliquid,Crypto.com,0.01,-0.0351,0.0451,2.25,0.28(0.0056%),1.97,0.1975,0.59,False
2025-08-01 20:00:00,HTX,Crypto.com,0.005,-0.0351,0.0401,2.0,0.28(0.0056%),1.72,0.1725,0.52,False
2025-08-01 20:00:00,Bitunix,Crypto.com,0.002,-0.0351,0.0371,1.86,0.28(0.0056%),1.58,0.1575,0.47,False
2025-08-01 20:00:00,Bybit,Crypto.com,0.0005,-0.0351,0.0356,1.78,0.28(0.0056%),1.5,0.15,0.45,False
2025-08-01 12:00:00,KuCoin,CoinEx,0.0133,-0.0347,0.048,2.4,0.28(0.0056%),2.12,0.212,0.64,False
2025-08-01 12:00:00,Bybit,CoinEx,0.01,-0.0347,0.0447,2.24,0.28(0.0056%),1.96,0.1955,0.59,False
2025-08-01 12:00:00,Bitmex,CoinEx,0.01,-0.0347,0.0447,2.24,0.28(0.0056%),1.96,0.1955,0.59,False
2025-08-01 12:00:00,Hyperliquid,CoinEx,0.01,-0.0347,0.0447,2.24,0.28(0.0056%),1.96,0.1955,0.59,False
2025-08-01 12:00:00,HTX,CoinEx,0.005,-0.0347,0.0397,1.99,0.28(0.0056%),1.71,0.1705,0.51,False
2025-08-01 04:00:00,CoinEx,Crypto.com,0.0519,-0.0196,0.0715,3.58,0.28(0.0056%),3.3,0.3295,0.99,False
2025-08-01 04:00:00,Hyperliquid,Crypto.com,0.0487,-0.0196,0.0683,3.42,0.28(0.0056%),3.14,0.3135,0.94,False
2025-08-01 04:00:00,CoinEx,MEXC,0.0519,-0.001,0.0529,2.65,0.28(0.0056%),2.37,0.2365,0.71,False
2025-08-01 04:00:00,CoinEx,Bitunix,0.0519,0.001,0.0509,2.54,0.28(0.0056%),2.27,0.2265,0.68,False
2025-08-01 04:00:00,Hyperliquid,MEXC,0.0487,-0.001,0.0497,2.49,0.28(0.0056%),2.21,0.2205,0.66,False
2025-07-31 20:00:00,Hyperliquid,Crypto.com,0.1172,-0.0476,0.1648,8.24,0.28(0.0056%),7.96,0.796,2.39,False
2025-07-31 20:00:00,Hyperliquid,Binance,0.1172,-0.0274,0.1446,7.23,0.28(0.0056%),6.95,0.695,2.08,False
2025-07-31 20:00:00,Hyperliquid,KuCoin,0.1172,-0.008,0.1252,6.26,0.28(0.0056%),5.98,0.598,1.79,False
2025-07-31 20:00:00,Hyperliquid,Gate,0.1172,-0.0057,0.1229,6.15,0.28(0.0056%),5.87,0.5865,1.76,False
2025-07-31 20:00:00,Hyperliquid,MEXC,0.1172,-0.002,0.1192,5.96,0.28(0.0056%),5.68,0.568,1.7,False
2025-07-31 12:00:00,CoinEx,Crypto.com,0.056,-0.0168,0.0728,3.64,0.28(0.0056%),3.36,0.336,1.01,False
2025-07-31 12:00:00,CoinEx,OKX,0.056,-0.0057,0.0617,3.08,0.28(0.0056%),2.81,0.2805,0.84,False
2025-07-31 12:00:00,CoinEx,Gate,0.056,-0.0057,0.0617,3.08,0.28(0.0056%),2.81,0.2805,0.84,False
2025-07-31 12:00:00,CoinEx,MEXC,0.056,-0.001,0.057,2.85,0.28(0.0056%),2.57,0.257,0.77,False
2025-07-31 12:00:00,CoinEx,Bitunix,0.056,0.001,0.055,2.75,0.28(0.0056%),2.47,0.247,0.74,False
2025-07-31 04:00:00,CoinEx,Crypto.com,0.1021,-0.0088,0.1109,5.54,0.28(0.0056%),5.26,0.5265,1.58,False
2025-07-31 04:00:00,CoinEx,MEXC,0.1021,-0.001,0.1031,5.16,0.28(0.0056%),4.88,0.4875,1.46,False
2025-07-31 04:00:00,CoinEx,Bitunix,0.1021,0.001,0.1011,5.05,0.28(0.0056%),4.77,0.4775,1.43,False
2025-07-31 04:00:00,CoinEx,Hyperliquid,0.1021,0.0039,0.0982,4.91,0.28(0.0056%),4.63,0.463,1.39,False
2025-07-31 04:00:00,CoinEx,Gate,0.1021,0.005,0.0971,4.85,0.28(0.0056%),4.57,0.4575,1.37,False
2025-07-30 20:00:00,CoinEx,Crypto.com,0.0927,-0.0155,0.1082,5.41,0.28(0.0056%),5.13,0.513,1.54,False
2025-07-30 20:00:00,CoinEx,MEXC,0.0927,-0.001,0.0937,4.68,0.28(0.0056%),4.4,0.4405,1.32,False
2025-07-30 20:00:00,CoinEx,Bitunix,0.0927,0.001,0.0917,4.58,0.28(0.0056%),4.3,0.4305,1.29,False
2025-07-30 20:00:00,CoinEx,BingX,0.0927,0.005,0.0877,4.38,0.28(0.0056%),4.1,0.4105,1.23,False
2025-07-30 20:00:00,CoinEx,Gate,0.0927,0.005,0.0877,4.38,0.28(0.0056%),4.1,0.4105,1.23,False
2025-07-30 12:00:00,CoinEx,Crypto.com,0.1684,-0.035,0.2034,10.17,0.28(0.0056%),9.89,0.989,2.97,False
2025-07-30 12:00:00,CoinEx,KuCoin,0.1684,-0.0104,0.1788,8.94,0.28(0.0056%),8.66,0.866,2.6,False
2025-07-30 12:00:00,CoinEx,MEXC,0.1684,-0.001,0.1694,8.47,0.28(0.0056%),8.19,0.819,2.46,False
2025-07-30 12:00:00,CoinEx,Bitunix,0.1684,0.001,0.1674,8.37,0.28(0.0056%),8.09,0.809,2.43,False
2025-07-30 12:00:00,CoinEx,Gate,0.1684,0.005,0.1634,8.17,0.28(0.0056%),7.89,0.789,2.37,False
2025-07-30 04:00:00,CoinEx,KuCoin,0.3257,-0.0173,0.343,17.15,0.28(0.0056%),16.87,1.687,5.06,False
2025-07-30 04:00:00,CoinEx,Crypto.com,0.3257,-0.0082,0.3339,16.7,0.28(0.0056%),16.41,1.6415,4.92,False
2025-07-30 04:00:00,CoinEx,Bybit,0.3257,-0.0048,0.3305,16.53,0.28(0.0056%),16.25,1.6245,4.87,False
2025-07-30 04:00:00,CoinEx,MEXC,0.3257,-0.001,0.3267,16.34,0.28(0.0056%),16.05,1.6055,4.82,False
2025-07-30 04:00:00,CoinEx,Bitunix,0.3257,0.001,0.3247,16.23,0.28(0.0056%),15.96,1.5955,4.79,False
2025-07-29 20:00:00,CoinEx,Crypto.com,0.2498,-0.0553,0.3051,15.25,0.28(0.0056%),14.97,1.4975,4.49,False
2025-07-29 20:00:00,CoinEx,KuCoin,0.2498,-0.0343,0.2841,14.21,0.28(0.0056%),13.93,1.3925,4.18,False
2025-07-29 20:00:00,CoinEx,Binance,0.2498,-0.0016,0.2514,12.57,0.28(0.0056%),12.29,1.229,3.69,False
2025-07-29 20:00:00,CoinEx,MEXC,0.2498,-0.0015,0.2513,12.56,0.28(0.0056%),12.28,1.2285,3.69,False
2025-07-29 20:00:00,CoinEx,Gate,0.2498,0.0004,0.2494,12.47,0.28(0.0056%),12.19,1.219,3.66,False
2025-07-29 12:00:00,CoinEx,OKX,0.086,-0.0372,0.1232,6.16,0.28(0.0056%),5.88,0.588,1.76,False
2025-07-29 12:00:00,CoinEx,Crypto.com,0.086,-0.0353,0.1213,6.06,0.28(0.0056%),5.78,0.5785,1.74,False
2025-07-29 12:00:00,CoinEx,KuCoin,0.086,-0.012,0.098,4.9,0.28(0.0056%),4.62,0.462,1.39,False
2025-07-29 12:00:00,CoinEx,MEXC,0.086,-0.001,0.087,4.35,0.28(0.0056%),4.07,0.407,1.22,False
2025-07-29 12:00:00,CoinEx,Bitunix,0.086,0.001,0.085,4.25,0.28(0.0056%),3.97,0.397,1.19,False
2025-07-29 04:00:00,CoinEx,MEXC,0.3179,-0.001,0.3189,15.95,0.28(0.0056%),15.67,1.5665,4.7,False
2025-07-29 04:00:00,CoinEx,KuCoin,0.3179,-0.0008,0.3187,15.94,0.28(0.0056%),15.66,1.5655,4.7,False
2025-07-29 04:00:00,CoinEx,Crypto.com,0.3179,-0.0002,0.3181,15.9,0.28(0.0056%),15.62,1.5625,4.69,False
2025-07-29 04:00:00,CoinEx,Bitunix,0.3179,0.001,0.3169,15.84,0.28(0.0056%),15.56,1.5565,4.67,False
2025-07-29 04:00:00,CoinEx,Gate,0.3179,0.005,0.3129,15.65,0.28(0.0056%),15.37,1.5365,4.61,False
2025-07-28 20:00:00,CoinEx,Crypto.com,0.1987,-0.0306,0.2293,11.46,0.28(0.0056%),11.19,1.1185,3.36,False
2025-07-28 20:00:00,CoinEx,KuCoin,0.1987,-0.0014,0.2001,10.01,0.28(0.0056%),9.73,0.9725,2.92,False
2025-07-28 20:00:00,CoinEx,MEXC,0.1987,-0.001,0.1997,9.99,0.28(0.0056%),9.71,0.9705,2.91,False
2025-07-28 20:00:00,CoinEx,Bitunix,0.1987,0.001,0.1977,9.88,0.28(0.0056%),9.61,0.9605,2.88,False
2025-07-28 20:00:00,CoinEx,Binance,0.1987,0.0026,0.1961,9.8,0.28(0.0056%),9.53,0.9525,2.86,False
2025-07-28 12:00:00,Crypto.com,MEXC,0.0255,-0.001,0.0265,1.32,0.28(0.0056%),1.04,0.1045,0.31,False
2025-07-28 12:00:00,CoinEx,MEXC,0.0252,-0.001,0.0262,1.31,0.28(0.0056%),1.03,0.103,0.31,False
2025-07-28 12:00:00,Crypto.com,Bitunix,0.0255,0.001,0.0245,1.22,0.28(0.0056%),0.94,0.0945,0.28,False
2025-07-28 12:00:00,CoinEx,Bitunix,0.0252,0.001,0.0242,1.21,0.28(0.0056%),0.93,0.093,0.28,False
2025-07-28 12:00:00,Hyperliquid,MEXC,0.0232,-0.001,0.0242,1.21,0.28(0.0056%),0.93,0.093,0.28,False
2025-07-28 04:00:00,Crypto.com,MEXC,0.0595,-0.001,0.0605,3.02,0.28(0.0056%),2.75,0.2745,0.82,False
2025-07-28 04:00:00,Crypto.com,Bitunix,0.0595,0.001,0.0585,2.93,0.28(0.0056%),2.65,0.2645,0.79,False
2025-07-28 04:00:00,Crypto.com,Binance,0.0595,0.005,0.0545,2.73,0.28(0.0056%),2.45,0.2445,0.73,False
2025-07-28 04:00:00,Crypto.com,HTX,0.0595,0.005,0.0545,2.73,0.28(0.0056%),2.45,0.2445,0.73,False
2025-07-28 04:00:00,Crypto.com,Gate,0.0595,0.005,0.0545,2.73,0.28(0.0056%),2.45,0.2445,0.73,False
2025-07-27 20:00:00,Hyperliquid,MEXC,0.0507,-0.001,0.0517,2.58,0.28(0.0056%),2.31,0.2305,0.69,False
2025-07-27 20:00:00,Hyperliquid,Bitunix,0.0507,0.001,0.0497,2.49,0.28(0.0056%),2.21,0.2205,0.66,False
2025-07-27 20:00:00,Hyperliquid,CoinEx,0.0507,0.0027,0.048,2.4,0.28(0.0056%),2.12,0.212,0.64,False
2025-07-27 20:00:00,Hyperliquid,Bitget,0.0507,0.005,0.0457,2.29,0.28(0.0056%),2.01,0.2005,0.6,False
2025-07-27 20:00:00,Hyperliquid,BingX,0.0507,0.005,0.0457,2.29,0.28(0.0056%),2.01,0.2005,0.6,False
2025-07-27 12:00:00,Crypto.com,MEXC,0.0417,-0.001,0.0427,2.14,0.28(0.0056%),1.86,0.1855,0.56,False
2025-07-27 12:00:00,Crypto.com,Bitunix,0.0417,0.001,0.0407,2.04,0.28(0.0056%),1.76,0.1755,0.53,False
2025-07-27 12:00:00,Crypto.com,Binance,0.0417,0.005,0.0367,1.84,0.28(0.0056%),1.56,0.1555,0.47,False
2025-07-27 12:00:00,Crypto.com,HTX,0.0417,0.005,0.0367,1.84,0.28(0.0056%),1.56,0.1555,0.47,False
2025-07-27 12:00:00,Crypto.com,OKX,0.0417,0.005,0.0367,1.84,0.28(0.0056%),1.56,0.1555,0.47,False
2025-07-27 04:00:00,Hyperliquid,Crypto.com,0.0315,-0.0168,0.0483,2.42,0.28(0.0056%),2.14,0.2135,0.64,False
2025-07-27 04:00:00,Hyperliquid,KuCoin,0.0315,-0.003,0.0345,1.73,0.28(0.0056%),1.45,0.1445,0.43,False
2025-07-27 04:00:00,Hyperliquid,MEXC,0.0315,-0.001,0.0325,1.62,0.28(0.0056%),1.34,0.1345,0.4,False
2025-07-27 04:00:00,Hyperliquid,Bitunix,0.0315,0.001,0.0305,1.52,0.28(0.0056%),1.24,0.1245,0.37,False
2025-07-27 04:00:00,Bitmex,Crypto.com,0.01,-0.0168,0.0268,1.34,0.28(0.0056%),1.06,0.106,0.32,False
2025-07-26 20:00:00,Hyperliquid,KuCoin,0.064,-0.0041,0.0681,3.41,0.28(0.0056%),3.13,0.3125,0.94,False
2025-07-26 20:00:00,Hyperliquid,MEXC,0.064,-0.001,0.065,3.25,0.28(0.0056%),2.97,0.297,0.89,False
2025-07-26 20:00:00,Hyperliquid,CoinEx,0.064,0.0,0.064,3.2,0.28(0.0056%),2.92,0.292,0.88,False
2025-07-26 20:00:00,Hyperliquid,Bitunix,0.064,0.001,0.063,3.15,0.28(0.0056%),2.87,0.287,0.86,False
2025-07-26 20:00:00,Hyperliquid,Gate,0.064,0.005,0.059,2.95,0.28(0.0056%),2.67,0.267,0.8,False
2025-07-26 12:00:00,Bitmex,KuCoin,0.01,-0.0171,0.0271,1.35,0.28(0.0056%),1.07,0.1075,0.32,False
2025-07-26 12:00:00,Hyperliquid,KuCoin,0.01,-0.0171,0.0271,1.35,0.28(0.0056%),1.07,0.1075,0.32,False
2025-07-26 12:00:00,Bybit,KuCoin,0.01,-0.0171,0.0271,1.35,0.28(0.0056%),1.07,0.1075,0.32,False
2025-07-26 12:00:00,OKX,KuCoin,0.005,-0.0171,0.0221,1.1,0.28(0.0056%),0.82,0.0825,0.25,False
2025-07-26 12:00:00,Gate,KuCoin,0.005,-0.0171,0.0221,1.1,0.28(0.0056%),0.82,0.0825,0.25,False
2025-07-26 04:00:00,Hyperliquid,KuCoin,0.0484,-0.0067,0.0551,2.75,0.28(0.0056%),2.48,0.2475,0.74,False
2025-07-26 04:00:00,Hyperliquid,MEXC,0.0484,-0.001,0.0494,2.47,0.28(0.0056%),2.19,0.219,0.66,False
2025-07-26 04:00:00,Hyperliquid,CoinEx,0.0484,0.0,0.0484,2.42,0.28(0.0056%),2.14,0.214,0.64,False
2025-07-26 04:00:00,Hyperliquid,Bitunix,0.0484,0.001,0.0474,2.37,0.28(0.0056%),2.09,0.209,0.63,False
2025-07-26 04:00:00,Hyperliquid,Gate,0.0484,0.005,0.0434,2.17,0.28(0.0056%),1.89,0.189,0.57,False
2025-07-25 20:00:00,Hyperliquid,Crypto.com,0.0372,-0.0295,0.0667,3.33,0.28(0.0056%),3.06,0.3055,0.92,False
2025-07-25 20:00:00,Bybit,Crypto.com,0.01,-0.0295,0.0395,1.98,0.28(0.0056%),1.7,0.1695,0.51,False
2025-07-25 20:00:00,Bitmex,Crypto.com,0.01,-0.0295,0.0395,1.98,0.28(0.0056%),1.7,0.1695,0.51,False
2025-07-25 20:00:00,Hyperliquid,KuCoin,0.0372,-0.0019,0.0391,1.95,0.28(0.0056%),1.67,0.1675,0.5,False
2025-07-25 20:00:00,Hyperliquid,MEXC,0.0372,-0.001,0.0382,1.91,0.28(0.0056%),1.63,0.163,0.49,False
2025-07-25 12:00:00,Hyperliquid,Crypto.com,0.0815,-0.0335,0.115,5.75,0.28(0.0056%),5.47,0.547,1.64,False
2025-07-25 12:00:00,Hyperliquid,MEXC,0.0815,-0.001,0.0825,4.12,0.28(0.0056%),3.85,0.3845,1.15,False
2025-07-25 12:00:00,Hyperliquid,CoinEx,0.0815,0.0,0.0815,4.08,0.28(0.0056%),3.8,0.3795,1.14,False
2025-07-25 12:00:00,Hyperliquid,KuCoin,0.0815,0.0007,0.0808,4.04,0.28(0.0056%),3.76,0.376,1.13,False
2025-07-25 12:00:00,Hyperliquid,Bitunix,0.0815,0.001,0.0805,4.03,0.28(0.0056%),3.75,0.3745,1.12,False
2025-07-25 04:00:00,Hyperliquid,MEXC,0.0654,-0.001,0.0664,3.32,0.28(0.0056%),3.04,0.304,0.91,False
2025-07-25 04:00:00,Hyperliquid,CoinEx,0.0654,0.0,0.0654,3.27,0.28(0.0056%),2.99,0.299,0.9,False
2025-07-25 04:00:00,Hyperliquid,Bitunix,0.0654,0.001,0.0644,3.22,0.28(0.0056%),2.94,0.294,0.88,False
2025-07-25 04:00:00,Hyperliquid,Bitget,0.0654,0.005,0.0604,3.02,0.28(0.0056%),2.74,0.274,0.82,False
2025-07-25 04:00:00,Hyperliquid,BingX,0.0654,0.005,0.0604,3.02,0.28(0.0056%),2.74,0.274,0.82,False
2025-07-24 20:00:00,Bitmex,Crypto.com,0.01,-0.011,0.021,1.05,0.28(0.0056%),0.77,0.077,0.23,False
2025-07-24 20:00:00,Hyperliquid,Crypto.com,0.01,-0.011,0.021,1.05,0.28(0.0056%),0.77,0.077,0.23,False
2025-07-24 12:00:00,KuCoin,Crypto.com,0.0154,-0.0103,0.0257,1.29,0.28(0.0056%),1.01,0.1005,0.3,False
2025-07-24 12:00:00,Bybit,Crypto.com,0.01,-0.0103,0.0203,1.01,0.28(0.0056%),0.73,0.0735,0.22,False
2025-07-24 12:00:00,Bitmex,Crypto.com,0.01,-0.0103,0.0203,1.01,0.28(0.0056%),0.73,0.0735,0.22,False
2025-07-24 12:00:00,Hyperliquid,Crypto.com,0.01,-0.0103,0.0203,1.01,0.28(0.0056%),0.73,0.0735,0.22,False
2025-07-23 20:00:00,CoinEx,Crypto.com,0.2089,-0.0288,0.2377,11.88,0.28(0.0056%),11.6,1.1605,3.48,False
2025-07-23 20:00:00,CoinEx,Bybit,0.2089,-0.0059,0.2148,10.74,0.28(0.0056%),10.46,1.046,3.14,False
2025-07-23 20:00:00,CoinEx,KuCoin,0.2089,-0.0014,0.2103,10.52,0.28(0.0056%),10.24,1.0235,3.07,False
2025-07-23 20:00:00,CoinEx,MEXC,0.2089,-0.001,0.2099,10.5,0.28(0.0056%),10.22,1.0215,3.06,False
2025-07-23 20:00:00,CoinEx,Bitunix,0.2089,0.001,0.2079,10.4,0.28(0.0056%),10.12,1.0115,3.03,False
2025-07-23 12:00:00,Bitmex,Crypto.com,0.01,-0.0401,0.0501,2.51,0.28(0.0056%),2.23,0.2225,0.67,False
2025-07-23 12:00:00,Hyperliquid,Crypto.com,0.01,-0.0401,0.0501,2.51,0.28(0.0056%),2.23,0.2225,0.67,False
2025-07-23 12:00:00,Binance,Crypto.com,0.005,-0.0401,0.0451,2.25,0.28(0.0056%),1.97,0.1975,0.59,False
2025-07-23 12:00:00,HTX,Crypto.com,0.005,-0.0401,0.0451,2.25,0.28(0.0056%),1.97,0.1975,0.59,False
2025-07-23 12:00:00,Gate,Crypto.com,0.005,-0.0401,0.0451,2.25,0.28(0.0056%),1.97,0.1975,0.59,False
2025-07-23 04:00:00,Crypto.com,MEXC,0.0356,-0.001,0.0366,1.83,0.28(0.0056%),1.55,0.155,0.46,False
2025-07-23 04:00:00,Crypto.com,Bitunix,0.0356,0.001,0.0346,1.73,0.28(0.0056%),1.45,0.145,0.43,False
2025-07-23 04:00:00,Crypto.com,Binance,0.0356,0.005,0.0306,1.53,0.28(0.0056%),1.25,0.125,0.38,False
2025-07-23 04:00:00,Crypto.com,HTX,0.0356,0.005,0.0306,1.53,0.28(0.0056%),1.25,0.125,0.38,False
2025-07-23 04:00:00,Crypto.com,Gate,0.0356,0.005,0.0306,1.53,0.28(0.0056%),1.25,0.125,0.38,False
2025-07-22 20:00:00,Hyperliquid,MEXC,0.0764,-0.001,0.0774,3.87,0.28(0.0056%),3.59,0.359,1.08,False
2025-07-22 20:00:00,Hyperliquid,CoinEx,0.0764,0.0,0.0764,3.82,0.28(0.0056%),3.54,0.354,1.06,False
2025-07-22 20:00:00,Hyperliquid,KuCoin,0.0764,0.0001,0.0763,3.81,0.28(0.0056%),3.53,0.3535,1.06,False
2025-07-22 20:00:00,Hyperliquid,Bitunix,0.0764,0.001,0.0754,3.77,0.28(0.0056%),3.49,0.349,1.05,False
2025-07-22 20:00:00,Hyperliquid,Gate,0.0764,0.005,0.0714,3.57,0.28(0.0056%),3.29,0.329,0.99,False
2025-07-22 12:00:00,CoinEx,Crypto.com,0.1006,-0.0038,0.1044,5.22,0.28(0.0056%),4.94,0.494,1.48,False
2025-07-22 12:00:00,CoinEx,MEXC,0.1006,-0.001,0.1016,5.08,0.28(0.0056%),4.8,0.48,1.44,False
2025-07-22 12:00:00,CoinEx,Bitunix,0.1006,0.001,0.0996,4.98,0.28(0.0056%),4.7,0.47,1.41,False
2025-07-22 12:00:00,CoinEx,BingX,0.1006,0.005,0.0956,4.78,0.28(0.0056%),4.5,0.45,1.35,False
2025-07-22 12:00:00,CoinEx,Gate,0.1006,0.005,0.0956,4.78,0.28(0.0056%),4.5,0.45,1.35,False
2025-07-22 04:00:00,Crypto.com,MEXC,0.1101,-0.001,0.1111,5.55,0.28(0.0056%),5.27,0.5275,1.58,False
2025-07-22 04:00:00,Crypto.com,Bitunix,0.1101,0.001,0.1091,5.46,0.28(0.0056%),5.17,0.5175,1.55,False
2025-07-22 04:00:00,Crypto.com,Binance,0.1101,0.005,0.1051,5.26,0.28(0.0056%),4.98,0.4975,1.49,False
2025-07-22 04:00:00,Crypto.com,OKX,0.1101,0.005,0.1051,5.26,0.28(0.0056%),4.98,0.4975,1.49,False
2025-07-22 04:00:00,Crypto.com,Gate,0.1101,0.0054,0.1047,5.23,0.28(0.0056%),4.95,0.4955,1.49,False
2025-07-21 20:00:00,CoinEx,MEXC,0.0674,-0.001,0.0684,3.42,0.28(0.0056%),3.14,0.314,0.94,False
2025-07-21 20:00:00,CoinEx,Bitunix,0.0674,0.001,0.0664,3.32,0.28(0.0056%),3.04,0.304,0.91,False
2025-07-21 20:00:00,CoinEx,Binance,0.0674,0.005,0.0624,3.12,0.28(0.0056%),2.84,0.284,0.85,False
2025-07-21 20:00:00,CoinEx,HTX,0.0674,0.005,0.0624,3.12,0.28(0.0056%),2.84,0.284,0.85,False
2025-07-21 20:00:00,CoinEx,OKX,0.0674,0.005,0.0624,3.12,0.28(0.0056%),2.84,0.284,0.85,False
2025-07-21 12:00:00,Crypto.com,CoinEx,0.0827,-0.1692,0.2519,12.6,0.28(0.0056%),12.32,1.2315,3.69,False
2025-07-21 12:00:00,Hyperliquid,CoinEx,0.0465,-0.1692,0.2157,10.79,0.28(0.0056%),10.51,1.0505,3.15,False
2025-07-21 12:00:00,Bitget,CoinEx,0.0337,-0.1692,0.2029,10.14,0.28(0.0056%),9.87,0.9865,2.96,False
2025-07-21 12:00:00,BingX,CoinEx,0.0334,-0.1692,0.2026,10.13,0.28(0.0056%),9.85,0.985,2.96,False
2025-07-21 12:00:00,KuCoin,CoinEx,0.0254,-0.1692,0.1946,9.73,0.28(0.0056%),9.45,0.945,2.84,False
2025-07-21 04:00:00,Hyperliquid,CoinEx,0.1113,-0.1547,0.266,13.3,0.28(0.0056%),13.02,1.302,3.91,False
2025-07-21 04:00:00,Bitget,CoinEx,0.0182,-0.1547,0.1729,8.64,0.28(0.0056%),8.37,0.8365,2.51,False
2025-07-21 04:00:00,BingX,CoinEx,0.0174,-0.1547,0.1721,8.61,0.28(0.0056%),8.33,0.8325,2.5,False
2025-07-21 04:00:00,KuCoin,CoinEx,0.012,-0.1547,0.1667,8.34,0.28(0.0056%),8.06,0.8055,2.42,False
2025-07-21 04:00:00,Bitmex,CoinEx,0.01,-0.1547,0.1647,8.23,0.28(0.0056%),7.95,0.7955,2.39,False
2025-07-20 20:00:00,Bitmex,CoinEx,0.01,-0.2008,0.2108,10.54,0.28(0.0056%),10.26,1.026,3.08,False
2025-07-20 20:00:00,Hyperliquid,CoinEx,0.01,-0.2008,0.2108,10.54,0.28(0.0056%),10.26,1.026,3.08,False
2025-07-20 20:00:00,Bybit,CoinEx,0.0074,-0.2008,0.2082,10.41,0.28(0.0056%),10.13,1.013,3.04,False
2025-07-20 20:00:00,OKX,CoinEx,0.005,-0.2008,0.2058,10.29,0.28(0.0056%),10.01,1.001,3.0,False
2025-07-20 20:00:00,HTX,CoinEx,0.005,-0.2008,0.2058,10.29,0.28(0.0056%),10.01,1.001,3.0,False
2025-07-20 12:00:00,Hyperliquid,CoinEx,0.0664,-0.5537,0.6201,31.0,0.28(0.0056%),30.72,3.0725,9.22,False
2025-07-20 12:00:00,Crypto.com,CoinEx,0.0378,-0.5537,0.5915,29.57,0.28(0.0056%),29.29,2.9295,8.79,False
2025-07-20 12:00:00,KuCoin,CoinEx,0.0204,-0.5537,0.5741,28.7,0.28(0.0056%),28.42,2.8425,8.53,False
2025-07-20 12:00:00,BingX,CoinEx,0.0143,-0.5537,0.568,28.4,0.28(0.0056%),28.12,2.812,8.44,False
2025-07-20 12:00:00,Binance,CoinEx,0.0141,-0.5537,0.5678,28.39,0.28(0.0056%),28.11,2.811,8.43,False
2025-07-20 04:00:00,Hyperliquid,Crypto.com,0.0604,-0.0067,0.0671,3.36,0.28(0.0056%),3.08,0.3075,0.92,False
2025-07-20 04:00:00,Hyperliquid,MEXC,0.0604,-0.001,0.0614,3.07,0.28(0.0056%),2.79,0.279,0.84,False
2025-07-20 04:00:00,Hyperliquid,Bitunix,0.0604,0.001,0.0594,2.97,0.28(0.0056%),2.69,0.269,0.81,False
2025-07-20 04:00:00,Hyperliquid,HTX,0.0604,0.005,0.0554,2.77,0.28(0.0056%),2.49,0.249,0.75,False
2025-07-20 04:00:00,Hyperliquid,Binance,0.0604,0.005,0.0554,2.77,0.28(0.0056%),2.49,0.249,0.75,False
2025-07-19 20:00:00,Bitmex,Crypto.com,0.01,-0.0178,0.0278,1.39,0.28(0.0056%),1.11,0.111,0.33,False
2025-07-19 20:00:00,Hyperliquid,Crypto.com,0.01,-0.0178,0.0278,1.39,0.28(0.0056%),1.11,0.111,0.33,False
2025-07-19 20:00:00,Bybit,Crypto.com,0.01,-0.0178,0.0278,1.39,0.28(0.0056%),1.11,0.111,0.33,False
2025-07-19 20:00:00,CoinEx,Crypto.com,0.0057,-0.0178,0.0235,1.18,0.28(0.0056%),0.9,0.0895,0.27,False
2025-07-19 20:00:00,HTX,Crypto.com,0.005,-0.0178,0.0228,1.14,0.28(0.0056%),0.86,0.086,0.26,False
2025-07-19 12:00:00,CoinEx,Crypto.com,0.0302,-0.0074,0.0376,1.88,0.28(0.0056%),1.6,0.16,0.48,False
2025-07-19 12:00:00,Hyperliquid,Crypto.com,0.0274,-0.0074,0.0348,1.74,0.28(0.0056%),1.46,0.146,0.44,False
2025-07-19 12:00:00,CoinEx,MEXC,0.0302,-0.001,0.0312,1.56,0.28(0.0056%),1.28,0.128,0.38,False
2025-07-19 12:00:00,CoinEx,Bitunix,0.0302,0.001,0.0292,1.46,0.28(0.0056%),1.18,0.118,0.35,False
2025-07-19 12:00:00,Hyperliquid,MEXC,0.0274,-0.001,0.0284,1.42,0.28(0.0056%),1.14,0.114,0.34,False
