Time,Short@,Long@,Short(%),Long(%),AbsSpread(%),GrossPnL,BorrowCost(0.0055%/h),NetPnL,ROI(%),ROI_day(%),BelowMin
2025-08-20 11:47:00,Crypto.com,Bitmex,0.0812,-0.007,0.0882,4.41,2.2(0.044%),2.21,0.221,0.66,False
2025-08-20 11:47:00,Crypto.com,OKX,0.0812,-0.003,0.0842,4.21,2.2(0.044%),2.01,0.201,0.6,False
2025-08-20 11:47:00,Crypto.com,BingX,0.0812,-0.0017,0.0829,4.14,2.2(0.044%),1.94,0.1945,0.58,False
2025-08-20 11:47:00,Crypto.com,CoinEx,0.0812,0.0,0.0812,4.06,2.2(0.044%),1.86,0.186,0.56,False
2025-08-20 11:47:00,Crypto.com,Gate,0.0812,0.0012,0.08,4.0,2.2(0.044%),1.8,0.18,0.54,False
2025-08-20 04:00:00,Crypto.com,Bitmex,0.0445,-0.0285,0.073,3.65,2.2(0.044%),1.45,0.145,0.44,False
2025-08-20 04:00:00,Crypto.com,Gate,0.0445,-0.008,0.0525,2.62,2.2(0.044%),0.43,0.0425,0.13,False
2025-08-20 04:00:00,Crypto.com,CoinEx,0.0445,0.0,0.0445,2.23,2.2(0.044%),0.03,0.0025,0.01,False
2025-08-20 04:00:00,Crypto.com,BingX,0.0445,0.0009,0.0436,2.18,2.2(0.044%),-0.02,-0.002,-0.01,False
2025-08-20 04:00:00,Crypto.com,Bybit,0.0445,0.0013,0.0432,2.16,2.2(0.044%),-0.04,-0.004,-0.01,False
2025-08-19 20:00:00,Crypto.com,Bitmex,0.0379,-0.0548,0.0927,4.64,2.2(0.044%),2.44,0.2435,0.73,False
2025-08-19 20:00:00,Crypto.com,Hyperliquid,0.0379,-0.0369,0.0748,3.74,2.2(0.044%),1.54,0.154,0.46,False
2025-08-19 20:00:00,Crypto.com,CoinEx,0.0379,-0.0219,0.0598,2.99,2.2(0.044%),0.79,0.079,0.24,False
2025-08-19 20:00:00,HTX,Bitmex,0.005,-0.0548,0.0598,2.99,2.2(0.044%),0.79,0.079,0.24,False
2025-08-19 20:00:00,Crypto.com,Binance,0.0379,-0.0214,0.0593,2.97,2.2(0.044%),0.77,0.0765,0.23,False
2025-08-19 12:00:00,Crypto.com,Bitmex,0.0195,-0.0782,0.0977,4.88,2.2(0.044%),2.69,0.2685,0.81,False
2025-08-19 12:00:00,HTX,Bitmex,0.005,-0.0782,0.0832,4.16,2.2(0.044%),1.96,0.196,0.59,False
2025-08-19 12:00:00,Bybit,Bitmex,0.0013,-0.0782,0.0795,3.98,2.2(0.044%),1.78,0.1775,0.53,False
2025-08-19 12:00:00,Gate,Bitmex,0.0012,-0.0782,0.0794,3.97,2.2(0.044%),1.77,0.177,0.53,False
2025-08-19 12:00:00,Bitunix,Bitmex,-0.0015,-0.0782,0.0767,3.83,2.2(0.044%),1.64,0.1635,0.49,False
2025-08-19 04:00:00,KuCoin,Hyperliquid,0.0057,-0.1082,0.1139,5.7,2.2(0.044%),3.5,0.3495,1.05,False
2025-08-19 04:00:00,HTX,Hyperliquid,0.005,-0.1082,0.1132,5.66,2.2(0.044%),3.46,0.346,1.04,False
2025-08-19 04:00:00,Bybit,Hyperliquid,-0.0032,-0.1082,0.105,5.25,2.2(0.044%),3.05,0.305,0.92,False
2025-08-19 04:00:00,OKX,Hyperliquid,-0.0184,-0.1082,0.0898,4.49,2.2(0.044%),2.29,0.229,0.69,False
2025-08-19 04:00:00,KuCoin,Bitmex,0.0057,-0.0806,0.0863,4.32,2.2(0.044%),2.12,0.2115,0.63,False
2025-08-18 20:00:00,HTX,Bitmex,0.0022,-0.1039,0.1061,5.31,2.2(0.044%),3.11,0.3105,0.93,False
2025-08-18 20:00:00,OKX,Bitmex,0.0004,-0.1039,0.1043,5.22,2.2(0.044%),3.02,0.3015,0.9,False
2025-08-18 20:00:00,Hyperliquid,Bitmex,-0.0028,-0.1039,0.1011,5.06,2.2(0.044%),2.86,0.2855,0.86,False
2025-08-18 20:00:00,Bybit,Bitmex,-0.004,-0.1039,0.0999,5.0,2.2(0.044%),2.8,0.2795,0.84,False
2025-08-18 20:00:00,Binance,Bitmex,-0.0061,-0.1039,0.0978,4.89,2.2(0.044%),2.69,0.269,0.81,False
2025-08-18 12:00:00,HTX,Crypto.com,0.005,-0.2137,0.2187,10.94,2.2(0.044%),8.74,0.8735,2.62,False
2025-08-18 12:00:00,Binance,Crypto.com,0.005,-0.2137,0.2187,10.94,2.2(0.044%),8.74,0.8735,2.62,False
2025-08-18 12:00:00,MEXC,Crypto.com,0.0047,-0.2137,0.2184,10.92,2.2(0.044%),8.72,0.872,2.62,False
2025-08-18 12:00:00,Bitunix,Crypto.com,0.0047,-0.2137,0.2184,10.92,2.2(0.044%),8.72,0.872,2.62,False
2025-08-18 12:00:00,Hyperliquid,Crypto.com,0.0032,-0.2137,0.2169,10.84,2.2(0.044%),8.64,0.8645,2.59,False
2025-08-18 04:00:00,KuCoin,Bitmex,0.0167,-0.1109,0.1276,6.38,2.2(0.044%),4.18,0.418,1.25,False
2025-08-18 04:00:00,Gate,Bitmex,0.0012,-0.1109,0.1121,5.61,2.2(0.044%),3.41,0.3405,1.02,False
2025-08-18 04:00:00,Bitunix,Bitmex,-0.0018,-0.1109,0.1091,5.46,2.2(0.044%),3.26,0.3255,0.98,False
2025-08-18 04:00:00,Bybit,Bitmex,-0.0033,-0.1109,0.1076,5.38,2.2(0.044%),3.18,0.318,0.95,False
2025-08-18 04:00:00,MEXC,Bitmex,-0.0053,-0.1109,0.1056,5.28,2.2(0.044%),3.08,0.308,0.92,False
2025-08-17 20:00:00,Bybit,Hyperliquid,0.0012,-0.0811,0.0823,4.12,2.2(0.044%),1.92,0.1915,0.57,False
2025-08-17 20:00:00,Crypto.com,Hyperliquid,-0.0096,-0.0811,0.0715,3.58,2.2(0.044%),1.38,0.1375,0.41,False
2025-08-17 20:00:00,Bybit,CoinEx,0.0012,-0.0687,0.0699,3.5,2.2(0.044%),1.3,0.1295,0.39,False
2025-08-17 20:00:00,Bybit,Bitmex,0.0012,-0.0628,0.064,3.2,2.2(0.044%),1.0,0.1,0.3,False
2025-08-17 20:00:00,Crypto.com,CoinEx,-0.0096,-0.0687,0.0591,2.95,2.2(0.044%),0.75,0.0755,0.23,False
2025-08-17 12:00:00,OKX,Bitmex,0.0025,-0.068,0.0705,3.53,2.2(0.044%),1.33,0.1325,0.4,False
2025-08-17 12:00:00,BingX,Bitmex,0.0016,-0.068,0.0696,3.48,2.2(0.044%),1.28,0.128,0.38,False
2025-08-17 12:00:00,Bybit,Bitmex,0.0013,-0.068,0.0693,3.47,2.2(0.044%),1.27,0.1265,0.38,False
2025-08-17 12:00:00,Gate,Bitmex,0.0012,-0.068,0.0692,3.46,2.2(0.044%),1.26,0.126,0.38,False
2025-08-17 12:00:00,Binance,Bitmex,-0.0014,-0.068,0.0666,3.33,2.2(0.044%),1.13,0.113,0.34,False
2025-08-17 04:00:00,HTX,Hyperliquid,-0.0227,-0.0965,0.0738,3.69,2.2(0.044%),1.49,0.149,0.45,False
2025-08-17 04:00:00,Binance,Hyperliquid,-0.033,-0.0965,0.0635,3.18,2.2(0.044%),0.98,0.0975,0.29,False
2025-08-17 04:00:00,MEXC,Hyperliquid,-0.0332,-0.0965,0.0633,3.17,2.2(0.044%),0.97,0.0965,0.29,False
2025-08-17 04:00:00,Bitunix,Hyperliquid,-0.0333,-0.0965,0.0632,3.16,2.2(0.044%),0.96,0.096,0.29,False
2025-08-17 04:00:00,Gate,Hyperliquid,-0.0351,-0.0965,0.0614,3.07,2.2(0.044%),0.87,0.087,0.26,False
2025-08-16 20:00:00,Bitmex,CoinEx,0.01,-0.0275,0.0375,1.88,2.2(0.044%),-0.32,-0.0325,-0.1,False
2025-08-16 20:00:00,HTX,CoinEx,0.0049,-0.0275,0.0324,1.62,2.2(0.044%),-0.58,-0.058,-0.17,False
2025-08-16 20:00:00,Bitunix,CoinEx,0.0037,-0.0275,0.0312,1.56,2.2(0.044%),-0.64,-0.064,-0.19,False
2025-08-16 20:00:00,MEXC,CoinEx,0.0037,-0.0275,0.0312,1.56,2.2(0.044%),-0.64,-0.064,-0.19,False
2025-08-16 20:00:00,Bitmex,Hyperliquid,0.01,-0.0212,0.0312,1.56,2.2(0.044%),-0.64,-0.064,-0.19,False
2025-08-16 12:00:00,Bitmex,CoinEx,0.01,-0.027,0.037,1.85,2.2(0.044%),-0.35,-0.035,-0.1,False
2025-08-16 12:00:00,Crypto.com,CoinEx,0.0082,-0.027,0.0352,1.76,2.2(0.044%),-0.44,-0.044,-0.13,False
2025-08-16 12:00:00,MEXC,CoinEx,0.005,-0.027,0.032,1.6,2.2(0.044%),-0.6,-0.06,-0.18,False
2025-08-16 12:00:00,Bitunix,CoinEx,0.005,-0.027,0.032,1.6,2.2(0.044%),-0.6,-0.06,-0.18,False
2025-08-16 12:00:00,Binance,CoinEx,0.005,-0.027,0.032,1.6,2.2(0.044%),-0.6,-0.06,-0.18,False
2025-08-16 04:00:00,Crypto.com,CoinEx,0.0189,-0.028,0.0469,2.34,2.2(0.044%),0.15,0.0145,0.04,False
2025-08-16 04:00:00,Crypto.com,KuCoin,0.0189,-0.0233,0.0422,2.11,2.2(0.044%),-0.09,-0.009,-0.03,False
2025-08-16 04:00:00,Crypto.com,OKX,0.0189,-0.0176,0.0365,1.83,2.2(0.044%),-0.37,-0.0375,-0.11,False
2025-08-16 04:00:00,Bitmex,CoinEx,0.0083,-0.028,0.0363,1.81,2.2(0.044%),-0.38,-0.0385,-0.12,False
2025-08-16 04:00:00,Crypto.com,BingX,0.0189,-0.017,0.0359,1.79,2.2(0.044%),-0.4,-0.0405,-0.12,False
2025-08-15 20:00:00,Crypto.com,CoinEx,0.0322,-0.0403,0.0725,3.63,2.2(0.044%),1.43,0.1425,0.43,False
2025-08-15 20:00:00,Crypto.com,Hyperliquid,0.0322,-0.0362,0.0684,3.42,2.2(0.044%),1.22,0.122,0.37,False
2025-08-15 20:00:00,Crypto.com,KuCoin,0.0322,-0.0321,0.0643,3.21,2.2(0.044%),1.01,0.1015,0.3,False
2025-08-15 20:00:00,Crypto.com,Bybit,0.0322,-0.0241,0.0563,2.81,2.2(0.044%),0.62,0.0615,0.18,False
2025-08-15 20:00:00,Crypto.com,BingX,0.0322,-0.0237,0.0559,2.8,2.2(0.044%),0.6,0.0595,0.18,False
2025-08-15 12:00:00,Bitmex,CoinEx,0.0053,-0.0384,0.0437,2.18,2.2(0.044%),-0.02,-0.0015,-0.0,False
2025-08-15 12:00:00,KuCoin,CoinEx,0.0046,-0.0384,0.043,2.15,2.2(0.044%),-0.05,-0.005,-0.01,False
2025-08-15 12:00:00,Gate,CoinEx,0.0012,-0.0384,0.0396,1.98,2.2(0.044%),-0.22,-0.022,-0.07,False
2025-08-15 12:00:00,OKX,CoinEx,0.0002,-0.0384,0.0386,1.93,2.2(0.044%),-0.27,-0.027,-0.08,False
2025-08-15 12:00:00,Hyperliquid,CoinEx,-0.003,-0.0384,0.0354,1.77,2.2(0.044%),-0.43,-0.043,-0.13,False
2025-08-15 04:00:00,Bybit,Crypto.com,0.0013,-0.0979,0.0992,4.96,2.2(0.044%),2.76,0.276,0.83,False
2025-08-15 04:00:00,Binance,Crypto.com,-0.0075,-0.0979,0.0904,4.52,2.2(0.044%),2.32,0.232,0.7,False
2025-08-15 04:00:00,MEXC,Crypto.com,-0.0087,-0.0979,0.0892,4.46,2.2(0.044%),2.26,0.226,0.68,False
2025-08-15 04:00:00,Bitunix,Crypto.com,-0.0093,-0.0979,0.0886,4.43,2.2(0.044%),2.23,0.223,0.67,False
2025-08-15 04:00:00,HTX,Crypto.com,-0.0121,-0.0979,0.0858,4.29,2.2(0.044%),2.09,0.209,0.63,False
2025-08-14 20:00:00,HTX,Crypto.com,-0.0101,-0.0995,0.0894,4.47,2.2(0.044%),2.27,0.227,0.68,False
2025-08-14 20:00:00,HTX,Hyperliquid,-0.0101,-0.0993,0.0892,4.46,2.2(0.044%),2.26,0.226,0.68,False
2025-08-14 20:00:00,Bybit,Crypto.com,-0.0142,-0.0995,0.0853,4.27,2.2(0.044%),2.07,0.2065,0.62,False
2025-08-14 20:00:00,Bybit,Hyperliquid,-0.0142,-0.0993,0.0851,4.25,2.2(0.044%),2.06,0.2055,0.62,False
2025-08-14 20:00:00,Bitunix,Crypto.com,-0.0235,-0.0995,0.076,3.8,2.2(0.044%),1.6,0.16,0.48,False
2025-08-14 12:00:00,Bitunix,CoinEx,0.0494,-0.2978,0.3472,17.36,2.2(0.044%),15.16,1.516,4.55,False
2025-08-14 12:00:00,Bitmex,CoinEx,0.01,-0.2978,0.3078,15.39,2.2(0.044%),13.19,1.319,3.96,False
2025-08-14 12:00:00,Gate,CoinEx,-0.025,-0.2978,0.2728,13.64,2.2(0.044%),11.44,1.144,3.43,False
2025-08-14 12:00:00,HTX,CoinEx,-0.026,-0.2978,0.2718,13.59,2.2(0.044%),11.39,1.139,3.42,False
2025-08-14 12:00:00,Bybit,CoinEx,-0.0288,-0.2978,0.269,13.45,2.2(0.044%),11.25,1.125,3.38,False
2025-08-14 04:00:00,Crypto.com,CoinEx,0.0446,-0.2929,0.3375,16.88,2.2(0.044%),14.68,1.4675,4.4,False
2025-08-14 04:00:00,Bitmex,CoinEx,0.01,-0.2929,0.3029,15.14,2.2(0.044%),12.95,1.2945,3.88,False
2025-08-14 04:00:00,HTX,CoinEx,0.005,-0.2929,0.2979,14.89,2.2(0.044%),12.7,1.2695,3.81,False
2025-08-14 04:00:00,MEXC,CoinEx,0.005,-0.2929,0.2979,14.89,2.2(0.044%),12.7,1.2695,3.81,False
2025-08-14 04:00:00,Binance,CoinEx,0.005,-0.2929,0.2979,14.89,2.2(0.044%),12.7,1.2695,3.81,False
2025-08-13 20:00:00,Bitmex,KuCoin,0.01,-0.0225,0.0325,1.62,2.2(0.044%),-0.57,-0.0575,-0.17,False
2025-08-13 20:00:00,Hyperliquid,KuCoin,0.01,-0.0225,0.0325,1.62,2.2(0.044%),-0.57,-0.0575,-0.17,False
2025-08-13 20:00:00,Crypto.com,KuCoin,0.007,-0.0225,0.0295,1.47,2.2(0.044%),-0.72,-0.0725,-0.22,False
2025-08-13 20:00:00,Binance,KuCoin,0.005,-0.0225,0.0275,1.38,2.2(0.044%),-0.82,-0.0825,-0.25,False
2025-08-13 20:00:00,HTX,KuCoin,0.005,-0.0225,0.0275,1.38,2.2(0.044%),-0.82,-0.0825,-0.25,False
2025-08-13 12:00:00,Crypto.com,CoinEx,0.0206,-0.0304,0.051,2.55,2.2(0.044%),0.35,0.035,0.11,False
2025-08-13 12:00:00,Hyperliquid,CoinEx,0.01,-0.0304,0.0404,2.02,2.2(0.044%),-0.18,-0.018,-0.05,False
2025-08-13 12:00:00,Bitmex,CoinEx,0.0093,-0.0304,0.0397,1.99,2.2(0.044%),-0.21,-0.0215,-0.06,False
2025-08-13 12:00:00,Crypto.com,KuCoin,0.0206,-0.0166,0.0372,1.86,2.2(0.044%),-0.34,-0.034,-0.1,False
2025-08-13 12:00:00,HTX,CoinEx,0.005,-0.0304,0.0354,1.77,2.2(0.044%),-0.43,-0.043,-0.13,False
2025-08-13 04:00:00,Bitunix,KuCoin,0.0102,-0.0381,0.0483,2.42,2.2(0.044%),0.22,0.0215,0.06,False
2025-08-13 04:00:00,Bitunix,Hyperliquid,0.0102,-0.0301,0.0403,2.02,2.2(0.044%),-0.18,-0.0185,-0.06,False
2025-08-13 04:00:00,BingX,KuCoin,0.0013,-0.0381,0.0394,1.97,2.2(0.044%),-0.23,-0.023,-0.07,False
2025-08-13 04:00:00,Bybit,KuCoin,0.0013,-0.0381,0.0394,1.97,2.2(0.044%),-0.23,-0.023,-0.07,False
2025-08-13 04:00:00,Gate,KuCoin,0.0012,-0.0381,0.0393,1.97,2.2(0.044%),-0.23,-0.0235,-0.07,False
2025-08-12 20:00:00,Bitunix,Hyperliquid,0.1006,-0.155,0.2556,12.78,2.2(0.044%),10.58,1.058,3.17,False
2025-08-12 20:00:00,Bitunix,KuCoin,0.1006,-0.1107,0.2113,10.56,2.2(0.044%),8.37,0.8365,2.51,False
2025-08-12 20:00:00,Bitunix,Binance,0.1006,-0.1019,0.2025,10.13,2.2(0.044%),7.93,0.7925,2.38,False
2025-08-12 20:00:00,Bitunix,MEXC,0.1006,-0.1006,0.2012,10.06,2.2(0.044%),7.86,0.786,2.36,False
2025-08-12 20:00:00,Bitunix,Crypto.com,0.1006,-0.0963,0.1969,9.84,2.2(0.044%),7.64,0.7645,2.29,False
2025-08-12 12:00:00,Bitunix,Crypto.com,0.0498,-0.1328,0.1826,9.13,2.2(0.044%),6.93,0.693,2.08,False
2025-08-12 12:00:00,Bitunix,Hyperliquid,0.0498,-0.1115,0.1613,8.06,2.2(0.044%),5.87,0.5865,1.76,False
2025-08-12 12:00:00,Bitunix,KuCoin,0.0498,-0.096,0.1458,7.29,2.2(0.044%),5.09,0.509,1.53,False
2025-08-12 12:00:00,Bitunix,CoinEx,0.0498,-0.0836,0.1334,6.67,2.2(0.044%),4.47,0.447,1.34,False
2025-08-12 12:00:00,Bitunix,OKX,0.0498,-0.0652,0.115,5.75,2.2(0.044%),3.55,0.355,1.07,False
2025-08-12 04:00:00,Bitunix,Crypto.com,0.043,-0.1602,0.2032,10.16,2.2(0.044%),7.96,0.796,2.39,False
2025-08-12 04:00:00,Gate,Crypto.com,-0.0019,-0.1602,0.1583,7.92,2.2(0.044%),5.71,0.5715,1.71,False
2025-08-12 04:00:00,BingX,Crypto.com,-0.0033,-0.1602,0.1569,7.85,2.2(0.044%),5.65,0.5645,1.69,False
2025-08-12 04:00:00,OKX,Crypto.com,-0.0057,-0.1602,0.1545,7.72,2.2(0.044%),5.53,0.5525,1.66,False
2025-08-12 04:00:00,HTX,Crypto.com,-0.0064,-0.1602,0.1538,7.69,2.2(0.044%),5.49,0.549,1.65,False
2025-08-11 20:00:00,Bitunix,Hyperliquid,0.1284,-0.2623,0.3907,19.53,2.2(0.044%),17.33,1.7335,5.2,False
2025-08-11 20:00:00,Bitmex,Hyperliquid,0.01,-0.2623,0.2723,13.61,2.2(0.044%),11.41,1.1415,3.42,False
2025-08-11 20:00:00,Bitunix,Binance,0.1284,-0.1288,0.2572,12.86,2.2(0.044%),10.66,1.066,3.2,False
2025-08-11 20:00:00,Bitunix,MEXC,0.1284,-0.1284,0.2568,12.84,2.2(0.044%),10.64,1.064,3.19,False
2025-08-11 20:00:00,Bitunix,OKX,0.1284,-0.1225,0.2509,12.54,2.2(0.044%),10.35,1.0345,3.1,False
2025-08-11 12:00:00,Crypto.com,Hyperliquid,0.0172,-0.0176,0.0348,1.74,2.2(0.044%),-0.46,-0.046,-0.14,False
2025-08-11 12:00:00,Bitmex,Hyperliquid,0.01,-0.0176,0.0276,1.38,2.2(0.044%),-0.82,-0.082,-0.25,False
2025-08-11 12:00:00,BingX,Hyperliquid,0.005,-0.0176,0.0226,1.13,2.2(0.044%),-1.07,-0.107,-0.32,False
2025-08-11 12:00:00,MEXC,Hyperliquid,0.005,-0.0176,0.0226,1.13,2.2(0.044%),-1.07,-0.107,-0.32,False
2025-08-11 12:00:00,Binance,Hyperliquid,0.005,-0.0176,0.0226,1.13,2.2(0.044%),-1.07,-0.107,-0.32,False
2025-08-11 04:00:00,Crypto.com,CoinEx,0.0441,0.0,0.0441,2.21,2.2(0.044%),0.01,0.0005,0.0,False
2025-08-11 04:00:00,Crypto.com,Gate,0.0441,0.0012,0.0429,2.15,2.2(0.044%),-0.05,-0.0055,-0.02,False
2025-08-11 04:00:00,Crypto.com,Bybit,0.0441,0.0013,0.0428,2.14,2.2(0.044%),-0.06,-0.006,-0.02,False
2025-08-11 04:00:00,Crypto.com,OKX,0.0441,0.0025,0.0416,2.08,2.2(0.044%),-0.12,-0.012,-0.04,False
2025-08-11 04:00:00,Crypto.com,MEXC,0.0441,0.005,0.0391,1.96,2.2(0.044%),-0.24,-0.0245,-0.07,False
2025-08-10 20:00:00,Crypto.com,Hyperliquid,0.0286,-0.0239,0.0525,2.63,2.2(0.044%),0.43,0.0425,0.13,False
2025-08-10 20:00:00,Crypto.com,KuCoin,0.0286,-0.0072,0.0358,1.79,2.2(0.044%),-0.41,-0.041,-0.12,False
2025-08-10 20:00:00,Bitmex,Hyperliquid,0.01,-0.0239,0.0339,1.7,2.2(0.044%),-0.5,-0.0505,-0.15,False
2025-08-10 20:00:00,Binance,Hyperliquid,0.005,-0.0239,0.0289,1.45,2.2(0.044%),-0.75,-0.0755,-0.23,False
2025-08-10 20:00:00,HTX,Hyperliquid,0.005,-0.0239,0.0289,1.45,2.2(0.044%),-0.75,-0.0755,-0.23,False
2025-08-10 12:00:00,Crypto.com,KuCoin,0.0139,-0.0141,0.028,1.4,2.2(0.044%),-0.8,-0.08,-0.24,False
2025-08-10 12:00:00,Bitmex,KuCoin,0.01,-0.0141,0.0241,1.21,2.2(0.044%),-0.99,-0.0995,-0.3,False
2025-08-10 12:00:00,Hyperliquid,KuCoin,0.01,-0.0141,0.0241,1.21,2.2(0.044%),-0.99,-0.0995,-0.3,False
2025-08-10 04:00:00,Crypto.com,HTX,0.0652,-0.0117,0.0769,3.84,2.2(0.044%),1.65,0.1645,0.49,False
2025-08-10 04:00:00,Crypto.com,KuCoin,0.0652,-0.0064,0.0716,3.58,2.2(0.044%),1.38,0.138,0.41,False
2025-08-10 04:00:00,Crypto.com,OKX,0.0652,-0.0056,0.0708,3.54,2.2(0.044%),1.34,0.134,0.4,False
2025-08-10 04:00:00,Crypto.com,CoinEx,0.0652,0.0,0.0652,3.26,2.2(0.044%),1.06,0.106,0.32,False
2025-08-10 04:00:00,Crypto.com,Gate,0.0652,0.0012,0.064,3.2,2.2(0.044%),1.0,0.1,0.3,False
2025-08-09 20:00:00,Bitunix,OKX,0.0132,-0.0412,0.0544,2.72,2.2(0.044%),0.52,0.052,0.16,False
2025-08-09 20:00:00,Bitunix,Crypto.com,0.0132,-0.0398,0.053,2.65,2.2(0.044%),0.45,0.045,0.14,False
2025-08-09 20:00:00,Bitmex,OKX,0.01,-0.0412,0.0512,2.56,2.2(0.044%),0.36,0.036,0.11,False
2025-08-09 20:00:00,Bitmex,Crypto.com,0.01,-0.0398,0.0498,2.49,2.2(0.044%),0.29,0.029,0.09,False
2025-08-09 20:00:00,Bitunix,Bybit,0.0132,-0.0252,0.0384,1.92,2.2(0.044%),-0.28,-0.028,-0.08,False
2025-08-09 12:00:00,Bitmex,OKX,0.01,-0.0545,0.0645,3.23,2.2(0.044%),1.03,0.1025,0.31,False
2025-08-09 12:00:00,Bitunix,OKX,0.0077,-0.0545,0.0622,3.11,2.2(0.044%),0.91,0.091,0.27,False
2025-08-09 12:00:00,Crypto.com,OKX,0.0015,-0.0545,0.056,2.8,2.2(0.044%),0.6,0.06,0.18,False
2025-08-09 12:00:00,Bybit,OKX,0.0013,-0.0545,0.0558,2.79,2.2(0.044%),0.59,0.059,0.18,False
2025-08-09 12:00:00,BingX,OKX,0.0013,-0.0545,0.0558,2.79,2.2(0.044%),0.59,0.059,0.18,False
2025-08-09 04:00:00,Crypto.com,KuCoin,0.0256,-0.0178,0.0434,2.17,2.2(0.044%),-0.03,-0.003,-0.01,False
2025-08-09 04:00:00,Bitmex,KuCoin,0.01,-0.0178,0.0278,1.39,2.2(0.044%),-0.81,-0.081,-0.24,False
2025-08-09 04:00:00,Hyperliquid,KuCoin,0.01,-0.0178,0.0278,1.39,2.2(0.044%),-0.81,-0.081,-0.24,False
2025-08-09 04:00:00,Crypto.com,CoinEx,0.0256,0.0,0.0256,1.28,2.2(0.044%),-0.92,-0.092,-0.28,False
2025-08-09 04:00:00,Crypto.com,Gate,0.0256,0.0012,0.0244,1.22,2.2(0.044%),-0.98,-0.098,-0.29,False
2025-08-08 20:00:00,Crypto.com,CoinEx,0.0643,-0.0172,0.0815,4.07,2.2(0.044%),1.87,0.1875,0.56,False
2025-08-08 20:00:00,Crypto.com,KuCoin,0.0643,-0.0068,0.0711,3.55,2.2(0.044%),1.35,0.1355,0.41,False
2025-08-08 20:00:00,Crypto.com,OKX,0.0643,0.0006,0.0637,3.19,2.2(0.044%),0.99,0.0985,0.3,False
2025-08-08 20:00:00,Crypto.com,Gate,0.0643,0.0012,0.0631,3.15,2.2(0.044%),0.96,0.0955,0.29,False
2025-08-08 20:00:00,Crypto.com,Bybit,0.0643,0.0013,0.063,3.15,2.2(0.044%),0.95,0.095,0.29,False
2025-08-08 12:00:00,Crypto.com,KuCoin,0.0589,-0.0112,0.0701,3.5,2.2(0.044%),1.3,0.1305,0.39,False
2025-08-08 12:00:00,Crypto.com,OKX,0.0589,-0.0063,0.0652,3.26,2.2(0.044%),1.06,0.106,0.32,False
2025-08-08 12:00:00,Crypto.com,CoinEx,0.0589,-0.002,0.0609,3.05,2.2(0.044%),0.85,0.0845,0.25,False
2025-08-08 12:00:00,Crypto.com,Gate,0.0589,0.0012,0.0577,2.89,2.2(0.044%),0.69,0.0685,0.21,False
2025-08-08 12:00:00,Crypto.com,Bybit,0.0589,0.0013,0.0576,2.88,2.2(0.044%),0.68,0.068,0.2,False
2025-08-08 04:00:00,Bitunix,Hyperliquid,0.0213,-0.0813,0.1026,5.13,2.2(0.044%),2.93,0.293,0.88,False
2025-08-08 04:00:00,Crypto.com,Hyperliquid,0.0083,-0.0813,0.0896,4.48,2.2(0.044%),2.28,0.228,0.68,False
2025-08-08 04:00:00,Bitmex,Hyperliquid,0.0082,-0.0813,0.0895,4.47,2.2(0.044%),2.27,0.2275,0.68,False
2025-08-08 04:00:00,HTX,Hyperliquid,0.005,-0.0813,0.0863,4.32,2.2(0.044%),2.12,0.2115,0.63,False
2025-08-08 04:00:00,Bybit,Hyperliquid,0.0013,-0.0813,0.0826,4.13,2.2(0.044%),1.93,0.193,0.58,False
2025-08-07 20:00:00,Crypto.com,KuCoin,0.0438,-0.0499,0.0937,4.68,2.2(0.044%),2.48,0.2485,0.75,False
2025-08-07 20:00:00,Crypto.com,Hyperliquid,0.0438,-0.0349,0.0787,3.93,2.2(0.044%),1.73,0.1735,0.52,False
2025-08-07 20:00:00,Crypto.com,CoinEx,0.0438,-0.0212,0.065,3.25,2.2(0.044%),1.05,0.105,0.32,False
2025-08-07 20:00:00,Bitunix,KuCoin,0.0131,-0.0499,0.063,3.15,2.2(0.044%),0.95,0.095,0.29,False
2025-08-07 20:00:00,Bitmex,KuCoin,0.01,-0.0499,0.0599,3.0,2.2(0.044%),0.8,0.0795,0.24,False
2025-08-07 12:00:00,Crypto.com,KuCoin,0.1022,-0.0138,0.116,5.8,2.2(0.044%),3.6,0.36,1.08,False
2025-08-07 12:00:00,Crypto.com,CoinEx,0.1022,-0.0066,0.1088,5.44,2.2(0.044%),3.24,0.324,0.97,False
2025-08-07 12:00:00,Crypto.com,Bitmex,0.1022,-0.0058,0.108,5.4,2.2(0.044%),3.2,0.32,0.96,False
2025-08-07 12:00:00,Crypto.com,HTX,0.1022,-0.0046,0.1068,5.34,2.2(0.044%),3.14,0.314,0.94,False
2025-08-07 12:00:00,Crypto.com,Gate,0.1022,0.0012,0.101,5.05,2.2(0.044%),2.85,0.285,0.85,False
2025-08-07 04:00:00,Bitunix,Hyperliquid,0.0292,-0.0739,0.1031,5.16,2.2(0.044%),2.96,0.2955,0.89,False
2025-08-07 04:00:00,Bitunix,KuCoin,0.0292,-0.0607,0.0899,4.5,2.2(0.044%),2.3,0.2295,0.69,False
2025-08-07 04:00:00,HTX,Hyperliquid,0.005,-0.0739,0.0789,3.94,2.2(0.044%),1.75,0.1745,0.52,False
2025-08-07 04:00:00,Bybit,Hyperliquid,-0.0023,-0.0739,0.0716,3.58,2.2(0.044%),1.38,0.138,0.41,False
2025-08-07 04:00:00,BingX,Hyperliquid,-0.0026,-0.0739,0.0713,3.56,2.2(0.044%),1.36,0.1365,0.41,False
2025-08-06 20:00:00,Bitunix,Hyperliquid,0.0116,-0.0982,0.1098,5.49,2.2(0.044%),3.29,0.329,0.99,False
2025-08-06 20:00:00,Bitmex,Hyperliquid,0.0067,-0.0982,0.1049,5.25,2.2(0.044%),3.05,0.3045,0.91,False
2025-08-06 20:00:00,HTX,Hyperliquid,-0.0013,-0.0982,0.0969,4.84,2.2(0.044%),2.65,0.2645,0.79,False
2025-08-06 20:00:00,BingX,Hyperliquid,-0.0119,-0.0982,0.0863,4.31,2.2(0.044%),2.11,0.2115,0.63,False
2025-08-06 20:00:00,OKX,Hyperliquid,-0.0168,-0.0982,0.0814,4.07,2.2(0.044%),1.87,0.187,0.56,False
2025-08-06 12:00:00,Crypto.com,CoinEx,0.0275,-0.0322,0.0597,2.98,2.2(0.044%),0.79,0.0785,0.24,False
2025-08-06 12:00:00,Crypto.com,Hyperliquid,0.0275,-0.0254,0.0529,2.65,2.2(0.044%),0.45,0.0445,0.13,False
2025-08-06 12:00:00,Bitmex,CoinEx,0.01,-0.0322,0.0422,2.11,2.2(0.044%),-0.09,-0.009,-0.03,False
2025-08-06 12:00:00,Crypto.com,KuCoin,0.0275,-0.0141,0.0416,2.08,2.2(0.044%),-0.12,-0.012,-0.04,False
2025-08-06 12:00:00,HTX,CoinEx,0.005,-0.0322,0.0372,1.86,2.2(0.044%),-0.34,-0.034,-0.1,False
2025-08-06 04:00:00,Bitmex,KuCoin,0.01,-0.0401,0.0501,2.51,2.2(0.044%),0.31,0.0305,0.09,False
2025-08-06 04:00:00,Hyperliquid,KuCoin,0.005,-0.0401,0.0451,2.25,2.2(0.044%),0.06,0.0055,0.02,False
2025-08-06 04:00:00,HTX,KuCoin,0.005,-0.0401,0.0451,2.25,2.2(0.044%),0.06,0.0055,0.02,False
2025-08-06 04:00:00,Bitunix,KuCoin,0.0042,-0.0401,0.0443,2.21,2.2(0.044%),0.02,0.0015,0.0,False
2025-08-06 04:00:00,OKX,KuCoin,0.0025,-0.0401,0.0426,2.13,2.2(0.044%),-0.07,-0.007,-0.02,False
2025-08-05 20:00:00,Bitmex,Crypto.com,0.01,-0.0751,0.0851,4.25,2.2(0.044%),2.06,0.2055,0.62,False
2025-08-05 20:00:00,HTX,Crypto.com,0.005,-0.0751,0.0801,4.0,2.2(0.044%),1.81,0.1805,0.54,False
2025-08-05 20:00:00,Bybit,Crypto.com,0.0013,-0.0751,0.0764,3.82,2.2(0.044%),1.62,0.162,0.49,False
2025-08-05 20:00:00,BingX,Crypto.com,0.0013,-0.0751,0.0764,3.82,2.2(0.044%),1.62,0.162,0.49,False
2025-08-05 20:00:00,Gate,Crypto.com,0.0012,-0.0751,0.0763,3.82,2.2(0.044%),1.62,0.1615,0.48,False
2025-08-05 12:00:00,Bitmex,KuCoin,0.01,-0.057,0.067,3.35,2.2(0.044%),1.15,0.115,0.35,False
2025-08-05 12:00:00,Bybit,KuCoin,0.0013,-0.057,0.0583,2.92,2.2(0.044%),0.72,0.0715,0.21,False
2025-08-05 12:00:00,Gate,KuCoin,0.0012,-0.057,0.0582,2.91,2.2(0.044%),0.71,0.071,0.21,False
2025-08-05 12:00:00,BingX,KuCoin,0.0003,-0.057,0.0573,2.87,2.2(0.044%),0.67,0.0665,0.2,False
2025-08-05 12:00:00,Bitmex,Crypto.com,0.01,-0.0448,0.0548,2.74,2.2(0.044%),0.54,0.054,0.16,False
2025-08-05 04:00:00,Bitunix,Hyperliquid,0.0138,-0.053,0.0668,3.34,2.2(0.044%),1.14,0.114,0.34,False
2025-08-05 04:00:00,Bitmex,Hyperliquid,0.01,-0.053,0.063,3.15,2.2(0.044%),0.95,0.095,0.29,False
2025-08-05 04:00:00,Bitunix,Crypto.com,0.0138,-0.0454,0.0592,2.96,2.2(0.044%),0.76,0.076,0.23,False
2025-08-05 04:00:00,Bitunix,CoinEx,0.0138,-0.0437,0.0575,2.88,2.2(0.044%),0.68,0.0675,0.2,False
2025-08-05 04:00:00,Bitmex,Crypto.com,0.01,-0.0454,0.0554,2.77,2.2(0.044%),0.57,0.057,0.17,False
2025-08-04 20:00:00,Crypto.com,Hyperliquid,0.0919,-0.0567,0.1486,7.43,2.2(0.044%),5.23,0.523,1.57,False
2025-08-04 20:00:00,Crypto.com,CoinEx,0.0919,-0.0258,0.1177,5.89,2.2(0.044%),3.69,0.3685,1.11,False
2025-08-04 20:00:00,Crypto.com,KuCoin,0.0919,-0.022,0.1139,5.7,2.2(0.044%),3.5,0.3495,1.05,False
2025-08-04 20:00:00,Crypto.com,OKX,0.0919,-0.0036,0.0955,4.78,2.2(0.044%),2.58,0.2575,0.77,False
2025-08-04 20:00:00,Crypto.com,Gate,0.0919,0.0012,0.0907,4.53,2.2(0.044%),2.33,0.2335,0.7,False
2025-08-04 12:00:00,Bitunix,Crypto.com,0.0289,-0.049,0.0779,3.9,2.2(0.044%),1.7,0.1695,0.51,False
2025-08-04 12:00:00,Bitunix,CoinEx,0.0289,-0.048,0.0769,3.84,2.2(0.044%),1.65,0.1645,0.49,False
2025-08-04 12:00:00,Bitunix,Hyperliquid,0.0289,-0.0292,0.0581,2.91,2.2(0.044%),0.71,0.0705,0.21,False
2025-08-04 12:00:00,Bitunix,Binance,0.0289,-0.0289,0.0578,2.89,2.2(0.044%),0.69,0.069,0.21,False
2025-08-04 12:00:00,Bitunix,MEXC,0.0289,-0.0289,0.0578,2.89,2.2(0.044%),0.69,0.069,0.21,False
2025-08-04 04:00:00,Bitunix,Hyperliquid,0.0765,-0.1427,0.2192,10.96,2.2(0.044%),8.76,0.876,2.63,False
2025-08-04 04:00:00,Bitunix,KuCoin,0.0765,-0.1161,0.1926,9.63,2.2(0.044%),7.43,0.743,2.23,False
2025-08-04 04:00:00,Bitunix,CoinEx,0.0765,-0.0868,0.1633,8.16,2.2(0.044%),5.96,0.5965,1.79,False
2025-08-04 04:00:00,Bitunix,MEXC,0.0765,-0.0765,0.153,7.65,2.2(0.044%),5.45,0.545,1.63,False
2025-08-04 04:00:00,Bitmex,Hyperliquid,0.01,-0.1427,0.1527,7.63,2.2(0.044%),5.44,0.5435,1.63,False
2025-08-03 20:00:00,Bitmex,Crypto.com,0.01,-0.0426,0.0526,2.63,2.2(0.044%),0.43,0.043,0.13,False
2025-08-03 20:00:00,OKX,Crypto.com,0.0025,-0.0426,0.0451,2.25,2.2(0.044%),0.06,0.0055,0.02,False
2025-08-03 20:00:00,Bybit,Crypto.com,0.0013,-0.0426,0.0439,2.19,2.2(0.044%),-0.0,-0.0005,-0.0,False
2025-08-03 20:00:00,Gate,Crypto.com,0.0012,-0.0426,0.0438,2.19,2.2(0.044%),-0.01,-0.001,-0.0,False
2025-08-03 20:00:00,BingX,Crypto.com,0.0005,-0.0426,0.0431,2.16,2.2(0.044%),-0.04,-0.0045,-0.01,False
2025-08-03 12:00:00,Bitunix,Hyperliquid,0.027,-0.1098,0.1368,6.84,2.2(0.044%),4.64,0.464,1.39,False
2025-08-03 12:00:00,Bitmex,Hyperliquid,0.01,-0.1098,0.1198,5.99,2.2(0.044%),3.79,0.379,1.14,False
2025-08-03 12:00:00,Gate,Hyperliquid,0.0012,-0.1098,0.111,5.55,2.2(0.044%),3.35,0.335,1.01,False
2025-08-03 12:00:00,Crypto.com,Hyperliquid,-0.0059,-0.1098,0.1039,5.2,2.2(0.044%),3.0,0.2995,0.9,False
2025-08-03 12:00:00,KuCoin,Hyperliquid,-0.0143,-0.1098,0.0955,4.78,2.2(0.044%),2.58,0.2575,0.77,False
2025-08-03 04:00:00,Bitmex,Crypto.com,0.0037,-0.2415,0.2452,12.26,2.2(0.044%),10.06,1.006,3.02,False
2025-08-03 04:00:00,Bybit,Crypto.com,0.0013,-0.2415,0.2428,12.14,2.2(0.044%),9.94,0.994,2.98,False
2025-08-03 04:00:00,Gate,Crypto.com,0.0012,-0.2415,0.2427,12.13,2.2(0.044%),9.94,0.9935,2.98,False
2025-08-03 04:00:00,OKX,Crypto.com,-0.0004,-0.2415,0.2411,12.05,2.2(0.044%),9.86,0.9855,2.96,False
2025-08-03 04:00:00,HTX,Crypto.com,-0.0238,-0.2415,0.2177,10.88,2.2(0.044%),8.69,0.8685,2.61,False
2025-08-02 20:00:00,Bitunix,Hyperliquid,0.0398,-0.1094,0.1492,7.46,2.2(0.044%),5.26,0.526,1.58,False
2025-08-02 20:00:00,Bitmex,Hyperliquid,0.01,-0.1094,0.1194,5.97,2.2(0.044%),3.77,0.377,1.13,False
2025-08-02 20:00:00,HTX,Hyperliquid,-0.0181,-0.1094,0.0913,4.56,2.2(0.044%),2.36,0.2365,0.71,False
2025-08-02 20:00:00,Bitunix,Crypto.com,0.0398,-0.0509,0.0907,4.54,2.2(0.044%),2.34,0.2335,0.7,False
2025-08-02 20:00:00,CoinEx,Hyperliquid,-0.0227,-0.1094,0.0867,4.33,2.2(0.044%),2.14,0.2135,0.64,False
2025-08-02 12:00:00,Bitunix,Hyperliquid,0.0294,-0.0796,0.109,5.45,2.2(0.044%),3.25,0.325,0.98,False
2025-08-02 12:00:00,Bitunix,Crypto.com,0.0294,-0.0707,0.1001,5.0,2.2(0.044%),2.81,0.2805,0.84,False
2025-08-02 12:00:00,Bitunix,CoinEx,0.0294,-0.0667,0.0961,4.8,2.2(0.044%),2.6,0.2605,0.78,False
2025-08-02 12:00:00,Bitmex,Hyperliquid,0.01,-0.0796,0.0896,4.48,2.2(0.044%),2.28,0.228,0.68,False
2025-08-02 12:00:00,Bitmex,Crypto.com,0.01,-0.0707,0.0807,4.04,2.2(0.044%),1.84,0.1835,0.55,False
2025-08-02 04:00:00,Bitmex,CoinEx,0.01,-0.0604,0.0704,3.52,2.2(0.044%),1.32,0.132,0.4,False
2025-08-02 04:00:00,MEXC,CoinEx,0.004,-0.0604,0.0644,3.22,2.2(0.044%),1.02,0.102,0.31,False
2025-08-02 04:00:00,Bitunix,CoinEx,0.004,-0.0604,0.0644,3.22,2.2(0.044%),1.02,0.102,0.31,False
2025-08-02 04:00:00,Binance,CoinEx,0.0039,-0.0604,0.0643,3.21,2.2(0.044%),1.01,0.1015,0.3,False
2025-08-02 04:00:00,HTX,CoinEx,0.0023,-0.0604,0.0627,3.14,2.2(0.044%),0.94,0.0935,0.28,False
2025-08-01 20:00:00,Crypto.com,Hyperliquid,0.0121,-0.0357,0.0478,2.39,2.2(0.044%),0.19,0.019,0.06,False
2025-08-01 20:00:00,Bitmex,Hyperliquid,0.01,-0.0357,0.0457,2.29,2.2(0.044%),0.09,0.0085,0.03,False
2025-08-01 20:00:00,Bitunix,Hyperliquid,0.0055,-0.0357,0.0412,2.06,2.2(0.044%),-0.14,-0.014,-0.04,False
2025-08-01 20:00:00,HTX,Hyperliquid,0.005,-0.0357,0.0407,2.04,2.2(0.044%),-0.16,-0.0165,-0.05,False
2025-08-01 20:00:00,OKX,Hyperliquid,0.0025,-0.0357,0.0382,1.91,2.2(0.044%),-0.29,-0.029,-0.09,False
2025-08-01 12:00:00,Crypto.com,CoinEx,0.0223,-0.0231,0.0454,2.27,2.2(0.044%),0.07,0.007,0.02,False
2025-08-01 12:00:00,Crypto.com,KuCoin,0.0223,-0.017,0.0393,1.97,2.2(0.044%),-0.23,-0.0235,-0.07,False
2025-08-01 12:00:00,Bitmex,CoinEx,0.01,-0.0231,0.0331,1.65,2.2(0.044%),-0.54,-0.0545,-0.16,False
2025-08-01 12:00:00,Hyperliquid,CoinEx,0.0069,-0.0231,0.03,1.5,2.2(0.044%),-0.7,-0.07,-0.21,False
2025-08-01 12:00:00,HTX,CoinEx,0.005,-0.0231,0.0281,1.41,2.2(0.044%),-0.79,-0.0795,-0.24,False
2025-08-01 04:00:00,Bitmex,CoinEx,0.0085,-0.0427,0.0512,2.56,2.2(0.044%),0.36,0.036,0.11,False
2025-08-01 04:00:00,OKX,CoinEx,0.0025,-0.0427,0.0452,2.26,2.2(0.044%),0.06,0.006,0.02,False
2025-08-01 04:00:00,Bybit,CoinEx,0.0013,-0.0427,0.044,2.2,2.2(0.044%),0.0,0.0,0.0,False
2025-08-01 04:00:00,Gate,CoinEx,0.0003,-0.0427,0.043,2.15,2.2(0.044%),-0.05,-0.005,-0.01,False
2025-08-01 04:00:00,Binance,CoinEx,-0.0005,-0.0427,0.0422,2.11,2.2(0.044%),-0.09,-0.009,-0.03,False
2025-07-31 20:00:00,Bitunix,Crypto.com,0.0095,-0.1285,0.138,6.9,2.2(0.044%),4.7,0.47,1.41,False
2025-07-31 20:00:00,Bybit,Crypto.com,0.0013,-0.1285,0.1298,6.49,2.2(0.044%),4.29,0.429,1.29,False
2025-07-31 20:00:00,Gate,Crypto.com,0.0012,-0.1285,0.1297,6.49,2.2(0.044%),4.29,0.4285,1.29,False
2025-07-31 20:00:00,OKX,Crypto.com,-0.0077,-0.1285,0.1208,6.04,2.2(0.044%),3.84,0.384,1.15,False
2025-07-31 20:00:00,BingX,Crypto.com,-0.009,-0.1285,0.1195,5.98,2.2(0.044%),3.78,0.3775,1.13,False
2025-07-31 12:00:00,Bitunix,Crypto.com,0.063,-0.5354,0.5984,29.92,2.2(0.044%),27.72,2.772,8.32,False
2025-07-31 12:00:00,Bybit,Crypto.com,0.0013,-0.5354,0.5367,26.83,2.2(0.044%),24.63,2.4635,7.39,False
2025-07-31 12:00:00,Gate,Crypto.com,0.0012,-0.5354,0.5366,26.83,2.2(0.044%),24.63,2.463,7.39,False
2025-07-31 12:00:00,OKX,Crypto.com,-0.0088,-0.5354,0.5266,26.33,2.2(0.044%),24.13,2.413,7.24,False
2025-07-31 12:00:00,HTX,Crypto.com,-0.0261,-0.5354,0.5093,25.46,2.2(0.044%),23.26,2.3265,6.98,False
2025-07-31 04:00:00,Bitunix,Hyperliquid,0.0198,-0.0782,0.098,4.9,2.2(0.044%),2.7,0.27,0.81,False
2025-07-31 04:00:00,Bitmex,Hyperliquid,0.01,-0.0782,0.0882,4.41,2.2(0.044%),2.21,0.221,0.66,False
2025-07-31 04:00:00,Bitunix,Bybit,0.0198,-0.06,0.0798,3.99,2.2(0.044%),1.79,0.179,0.54,False
2025-07-31 04:00:00,Bitunix,BingX,0.0198,-0.0558,0.0756,3.78,2.2(0.044%),1.58,0.158,0.47,False
2025-07-31 04:00:00,HTX,Hyperliquid,-0.0044,-0.0782,0.0738,3.69,2.2(0.044%),1.49,0.149,0.45,False
2025-07-30 20:00:00,Bitmex,Hyperliquid,0.01,-0.0643,0.0743,3.71,2.2(0.044%),1.52,0.1515,0.45,False
2025-07-30 20:00:00,HTX,Hyperliquid,0.005,-0.0643,0.0693,3.47,2.2(0.044%),1.27,0.1265,0.38,False
2025-07-30 20:00:00,Bybit,Hyperliquid,0.0013,-0.0643,0.0656,3.28,2.2(0.044%),1.08,0.108,0.32,False
2025-07-30 20:00:00,Gate,Hyperliquid,0.0012,-0.0643,0.0655,3.27,2.2(0.044%),1.08,0.1075,0.32,False
2025-07-30 20:00:00,Bitunix,Hyperliquid,0.0005,-0.0643,0.0648,3.24,2.2(0.044%),1.04,0.104,0.31,False
2025-07-30 12:00:00,Bitunix,CoinEx,0.0303,-0.092,0.1223,6.11,2.2(0.044%),3.91,0.3915,1.17,False
2025-07-30 12:00:00,Bitunix,Hyperliquid,0.0303,-0.0866,0.1169,5.85,2.2(0.044%),3.65,0.3645,1.09,False
2025-07-30 12:00:00,Bitmex,CoinEx,0.0099,-0.092,0.1019,5.09,2.2(0.044%),2.9,0.2895,0.87,False
2025-07-30 12:00:00,Bitunix,KuCoin,0.0303,-0.068,0.0983,4.92,2.2(0.044%),2.72,0.2715,0.81,False
2025-07-30 12:00:00,Bitunix,Crypto.com,0.0303,-0.0669,0.0972,4.86,2.2(0.044%),2.66,0.266,0.8,False
2025-07-30 04:00:00,BingX,Crypto.com,-0.0087,-0.1088,0.1001,5.0,2.2(0.044%),2.81,0.2805,0.84,False
2025-07-30 04:00:00,Bybit,Crypto.com,-0.0122,-0.1088,0.0966,4.83,2.2(0.044%),2.63,0.263,0.79,False
2025-07-30 04:00:00,Gate,Crypto.com,-0.0184,-0.1088,0.0904,4.52,2.2(0.044%),2.32,0.232,0.7,False
2025-07-30 04:00:00,BingX,Hyperliquid,-0.0087,-0.0955,0.0868,4.34,2.2(0.044%),2.14,0.214,0.64,False
2025-07-30 04:00:00,Bybit,Hyperliquid,-0.0122,-0.0955,0.0833,4.17,2.2(0.044%),1.97,0.1965,0.59,False
2025-07-29 20:00:00,Bitunix,Hyperliquid,0.0513,-0.1565,0.2078,10.39,2.2(0.044%),8.19,0.819,2.46,False
2025-07-29 20:00:00,Bitunix,Crypto.com,0.0513,-0.1539,0.2052,10.26,2.2(0.044%),8.06,0.806,2.42,False
2025-07-29 20:00:00,Gate,Hyperliquid,-0.0142,-0.1565,0.1423,7.12,2.2(0.044%),4.92,0.4915,1.47,False
2025-07-29 20:00:00,Gate,Crypto.com,-0.0142,-0.1539,0.1397,6.99,2.2(0.044%),4.79,0.4785,1.44,False
2025-07-29 20:00:00,Bitunix,CoinEx,0.0513,-0.0876,0.1389,6.95,2.2(0.044%),4.75,0.4745,1.42,False
2025-07-29 12:00:00,Bitunix,Crypto.com,0.0309,-0.3462,0.3771,18.86,2.2(0.044%),16.66,1.6655,5.0,False
2025-07-29 12:00:00,HTX,Crypto.com,0.005,-0.3462,0.3512,17.56,2.2(0.044%),15.36,1.536,4.61,False
2025-07-29 12:00:00,Bybit,Crypto.com,0.0013,-0.3462,0.3475,17.38,2.2(0.044%),15.18,1.5175,4.55,False
2025-07-29 12:00:00,Gate,Crypto.com,-0.0012,-0.3462,0.345,17.25,2.2(0.044%),15.05,1.505,4.52,False
2025-07-29 12:00:00,OKX,Crypto.com,-0.0239,-0.3462,0.3223,16.12,2.2(0.044%),13.92,1.3915,4.17,False
2025-07-29 04:00:00,BingX,Hyperliquid,-0.0485,-0.3011,0.2526,12.63,2.2(0.044%),10.43,1.043,3.13,False
2025-07-29 04:00:00,BingX,Crypto.com,-0.0485,-0.2911,0.2426,12.13,2.2(0.044%),9.93,0.993,2.98,False
2025-07-29 04:00:00,HTX,Hyperliquid,-0.0631,-0.3011,0.238,11.9,2.2(0.044%),9.7,0.97,2.91,False
2025-07-29 04:00:00,Bybit,Hyperliquid,-0.0641,-0.3011,0.237,11.85,2.2(0.044%),9.65,0.965,2.89,False
2025-07-29 04:00:00,Gate,Hyperliquid,-0.0658,-0.3011,0.2353,11.76,2.2(0.044%),9.56,0.9565,2.87,False
2025-07-28 20:00:00,Bitunix,CoinEx,0.0493,-0.1131,0.1624,8.12,2.2(0.044%),5.92,0.592,1.78,False
2025-07-28 20:00:00,Bitunix,Bitmex,0.0493,-0.1068,0.1561,7.81,2.2(0.044%),5.61,0.5605,1.68,False
2025-07-28 20:00:00,Bitunix,Hyperliquid,0.0493,-0.0998,0.1491,7.46,2.2(0.044%),5.26,0.5255,1.58,False
2025-07-28 20:00:00,Bitunix,HTX,0.0493,-0.0612,0.1105,5.52,2.2(0.044%),3.32,0.3325,1.0,False
2025-07-28 20:00:00,Bitunix,Crypto.com,0.0493,-0.0587,0.108,5.4,2.2(0.044%),3.2,0.32,0.96,False
2025-07-28 12:00:00,Bitunix,Bitmex,0.027,-0.1542,0.1812,9.06,2.2(0.044%),6.86,0.686,2.06,False
2025-07-28 12:00:00,KuCoin,Bitmex,0.0043,-0.1542,0.1585,7.92,2.2(0.044%),5.72,0.5725,1.72,False
2025-07-28 12:00:00,Bybit,Bitmex,0.0013,-0.1542,0.1555,7.77,2.2(0.044%),5.57,0.5575,1.67,False
2025-07-28 12:00:00,BingX,Bitmex,0.0013,-0.1542,0.1555,7.77,2.2(0.044%),5.57,0.5575,1.67,False
2025-07-28 12:00:00,Gate,Bitmex,0.0012,-0.1542,0.1554,7.77,2.2(0.044%),5.57,0.557,1.67,False
2025-07-28 04:00:00,Bybit,Bitmex,0.0013,-0.2043,0.2056,10.28,2.2(0.044%),8.08,0.808,2.42,False
2025-07-28 04:00:00,Gate,Bitmex,0.0011,-0.2043,0.2054,10.27,2.2(0.044%),8.07,0.807,2.42,False
2025-07-28 04:00:00,Bybit,Crypto.com,0.0013,-0.1966,0.1979,9.89,2.2(0.044%),7.7,0.7695,2.31,False
2025-07-28 04:00:00,Gate,Crypto.com,0.0011,-0.1966,0.1977,9.88,2.2(0.044%),7.69,0.7685,2.31,False
2025-07-28 04:00:00,Binance,Bitmex,-0.0202,-0.2043,0.1841,9.21,2.2(0.044%),7.01,0.7005,2.1,False
2025-07-27 20:00:00,BingX,Bitmex,-0.0101,-0.2543,0.2442,12.21,2.2(0.044%),10.01,1.001,3.0,False
2025-07-27 20:00:00,Bybit,Bitmex,-0.0114,-0.2543,0.2429,12.15,2.2(0.044%),9.95,0.9945,2.98,False
2025-07-27 20:00:00,KuCoin,Bitmex,-0.0306,-0.2543,0.2237,11.19,2.2(0.044%),8.99,0.8985,2.7,False
2025-07-27 20:00:00,MEXC,Bitmex,-0.0312,-0.2543,0.2231,11.16,2.2(0.044%),8.96,0.8955,2.69,False
2025-07-27 20:00:00,Bitunix,Bitmex,-0.0312,-0.2543,0.2231,11.16,2.2(0.044%),8.96,0.8955,2.69,False
2025-07-27 12:00:00,Gate,Bitmex,-0.0134,-0.3043,0.2909,14.54,2.2(0.044%),12.35,1.2345,3.7,False
2025-07-27 12:00:00,Bybit,Bitmex,-0.0222,-0.3043,0.2821,14.11,2.2(0.044%),11.91,1.1905,3.57,False
2025-07-27 12:00:00,OKX,Bitmex,-0.0556,-0.3043,0.2487,12.44,2.2(0.044%),10.24,1.0235,3.07,False
2025-07-27 12:00:00,HTX,Bitmex,-0.0654,-0.3043,0.2389,11.95,2.2(0.044%),9.75,0.9745,2.92,False
2025-07-27 12:00:00,BingX,Bitmex,-0.0811,-0.3043,0.2232,11.16,2.2(0.044%),8.96,0.896,2.69,False
2025-07-27 04:00:00,Bybit,Bitmex,0.0013,-0.3544,0.3557,17.79,2.2(0.044%),15.59,1.5585,4.68,False
2025-07-27 04:00:00,BingX,Bitmex,0.0013,-0.3544,0.3557,17.79,2.2(0.044%),15.59,1.5585,4.68,False
2025-07-27 04:00:00,Gate,Bitmex,-0.0037,-0.3544,0.3507,17.54,2.2(0.044%),15.34,1.5335,4.6,False
2025-07-27 04:00:00,HTX,Bitmex,-0.0084,-0.3544,0.346,17.3,2.2(0.044%),15.1,1.51,4.53,False
2025-07-27 04:00:00,OKX,Bitmex,-0.0196,-0.3544,0.3348,16.74,2.2(0.044%),14.54,1.454,4.36,False
2025-07-26 20:00:00,BingX,Bitmex,-0.0232,-0.4044,0.3812,19.06,2.2(0.044%),16.86,1.686,5.06,False
2025-07-26 20:00:00,Gate,Bitmex,-0.0259,-0.4044,0.3785,18.93,2.2(0.044%),16.73,1.6725,5.02,False
2025-07-26 20:00:00,Bybit,Bitmex,-0.0265,-0.4044,0.3779,18.89,2.2(0.044%),16.69,1.6695,5.01,False
2025-07-26 20:00:00,OKX,Bitmex,-0.0456,-0.4044,0.3588,17.94,2.2(0.044%),15.74,1.574,4.72,False
2025-07-26 20:00:00,Binance,Bitmex,-0.0837,-0.4044,0.3207,16.04,2.2(0.044%),13.84,1.3835,4.15,False
2025-07-26 12:00:00,Bitunix,Bitmex,-0.0052,-0.4545,0.4493,22.47,2.2(0.044%),20.27,2.0265,6.08,False
2025-07-26 12:00:00,BingX,Bitmex,-0.0144,-0.4545,0.4401,22.0,2.2(0.044%),19.8,1.9805,5.94,False
2025-07-26 12:00:00,Gate,Bitmex,-0.0172,-0.4545,0.4373,21.87,2.2(0.044%),19.67,1.9665,5.9,False
2025-07-26 12:00:00,Bybit,Bitmex,-0.0232,-0.4545,0.4313,21.57,2.2(0.044%),19.37,1.9365,5.81,False
2025-07-26 12:00:00,OKX,Bitmex,-0.0461,-0.4545,0.4084,20.42,2.2(0.044%),18.22,1.822,5.47,False
2025-07-26 04:00:00,Bitunix,Bitmex,0.1255,-0.5045,0.63,31.5,2.2(0.044%),29.3,2.93,8.79,False
2025-07-26 04:00:00,Bitunix,Crypto.com,0.1255,-0.3938,0.5193,25.96,2.2(0.044%),23.77,2.3765,7.13,False
2025-07-26 04:00:00,BingX,Bitmex,-0.0004,-0.5045,0.5041,25.21,2.2(0.044%),23.01,2.3005,6.9,False
2025-07-26 04:00:00,Bybit,Bitmex,-0.0035,-0.5045,0.501,25.05,2.2(0.044%),22.85,2.285,6.85,False
2025-07-26 04:00:00,Gate,Bitmex,-0.0373,-0.5045,0.4672,23.36,2.2(0.044%),21.16,2.116,6.35,False
2025-07-25 20:00:00,Bitunix,Crypto.com,0.2481,-0.5753,0.8234,41.17,2.2(0.044%),38.97,3.897,11.69,False
2025-07-25 20:00:00,Bitunix,Bitmex,0.2481,-0.5545,0.8026,40.13,2.2(0.044%),37.93,3.793,11.38,False
2025-07-25 20:00:00,Bitunix,Hyperliquid,0.2481,-0.4948,0.7429,37.14,2.2(0.044%),34.94,3.4945,10.48,False
2025-07-25 20:00:00,Bitunix,CoinEx,0.2481,-0.3206,0.5687,28.44,2.2(0.044%),26.24,2.6235,7.87,False
2025-07-25 20:00:00,Bitunix,HTX,0.2481,-0.2785,0.5266,26.33,2.2(0.044%),24.13,2.413,7.24,False
2025-07-25 12:00:00,Bitunix,Crypto.com,0.0778,-0.8428,0.9206,46.03,2.2(0.044%),43.83,4.383,13.15,False
2025-07-25 12:00:00,Bybit,Crypto.com,-0.0337,-0.8428,0.8091,40.46,2.2(0.044%),38.26,3.8255,11.48,False
2025-07-25 12:00:00,Gate,Crypto.com,-0.0448,-0.8428,0.798,39.9,2.2(0.044%),37.7,3.77,11.31,False
2025-07-25 12:00:00,OKX,Crypto.com,-0.1589,-0.8428,0.6839,34.2,2.2(0.044%),32.0,3.1995,9.6,False
2025-07-25 12:00:00,Bitunix,Bitmex,0.0778,-0.6045,0.6823,34.12,2.2(0.044%),31.92,3.1915,9.57,False
2025-07-25 04:00:00,Bybit,Crypto.com,-0.0952,-2.1151,2.0199,100.99,2.2(0.044%),98.79,9.8795,29.64,False
2025-07-25 04:00:00,Gate,Crypto.com,-0.1379,-2.1151,1.9772,98.86,2.2(0.044%),96.66,9.666,29.0,False
2025-07-25 04:00:00,OKX,Crypto.com,-0.3355,-2.1151,1.7796,88.98,2.2(0.044%),86.78,8.678,26.03,False
2025-07-25 04:00:00,KuCoin,Crypto.com,-0.4945,-2.1151,1.6206,81.03,2.2(0.044%),78.83,7.883,23.65,False
2025-07-25 04:00:00,Binance,Crypto.com,-0.5193,-2.1151,1.5958,79.79,2.2(0.044%),77.59,7.759,23.28,False
2025-07-24 20:00:00,BingX,Hyperliquid,-0.2635,-1.8117,1.5482,77.41,2.2(0.044%),75.21,7.521,22.56,False
2025-07-24 20:00:00,MEXC,Hyperliquid,-0.288,-1.8117,1.5237,76.19,2.2(0.044%),73.98,7.3985,22.2,False
2025-07-24 20:00:00,Gate,Hyperliquid,-0.3691,-1.8117,1.4426,72.13,2.2(0.044%),69.93,6.993,20.98,False
2025-07-24 20:00:00,Bybit,Hyperliquid,-0.3765,-1.8117,1.4352,71.76,2.2(0.044%),69.56,6.956,20.87,False
2025-07-24 20:00:00,KuCoin,Hyperliquid,-0.6,-1.8117,1.2117,60.58,2.2(0.044%),58.38,5.8385,17.52,False
2025-07-24 12:00:00,BingX,Crypto.com,-0.0623,-1.7144,1.6521,82.6,2.2(0.044%),80.4,8.0405,24.12,False
2025-07-24 12:00:00,Bybit,Crypto.com,-0.0937,-1.7144,1.6207,81.03,2.2(0.044%),78.83,7.8835,23.65,False
2025-07-24 12:00:00,Gate,Crypto.com,-0.1145,-1.7144,1.5999,79.99,2.2(0.044%),77.79,7.7795,23.34,False
2025-07-24 12:00:00,OKX,Crypto.com,-0.1785,-1.7144,1.5359,76.79,2.2(0.044%),74.59,7.4595,22.38,False
2025-07-24 12:00:00,Bitunix,Crypto.com,-0.2195,-1.7144,1.4949,74.74,2.2(0.044%),72.54,7.2545,21.76,False
2025-07-24 04:00:00,Bitunix,Hyperliquid,-0.1511,-2.214,2.0629,103.14,2.2(0.044%),100.94,10.0945,30.28,False
2025-07-24 04:00:00,MEXC,Hyperliquid,-0.288,-2.214,1.926,96.3,2.2(0.044%),94.1,9.41,28.23,False
2025-07-24 04:00:00,Gate,Hyperliquid,-0.556,-2.214,1.658,82.9,2.2(0.044%),80.7,8.07,24.21,False
2025-07-24 04:00:00,BingX,Hyperliquid,-0.56,-2.214,1.654,82.7,2.2(0.044%),80.5,8.05,24.15,False
2025-07-24 04:00:00,KuCoin,Hyperliquid,-0.6,-2.214,1.614,80.7,2.2(0.044%),78.5,7.85,23.55,False
2025-07-23 20:00:00,BingX,Crypto.com,-0.0242,-0.7575,0.7333,36.66,2.2(0.044%),34.46,3.4465,10.34,False
2025-07-23 20:00:00,Bybit,Crypto.com,-0.0367,-0.7575,0.7208,36.04,2.2(0.044%),33.84,3.384,10.15,False
2025-07-23 20:00:00,Gate,Crypto.com,-0.0414,-0.7575,0.7161,35.8,2.2(0.044%),33.6,3.3605,10.08,False
2025-07-23 20:00:00,BingX,Bitmex,-0.0242,-0.6599,0.6357,31.79,2.2(0.044%),29.59,2.9585,8.88,False
2025-07-23 20:00:00,BingX,CoinEx,-0.0242,-0.6572,0.633,31.65,2.2(0.044%),29.45,2.945,8.83,False
2025-07-23 12:00:00,Bitmex,Hyperliquid,0.01,-1.2827,1.2927,64.63,2.2(0.044%),62.43,6.2435,18.73,False
2025-07-23 12:00:00,Crypto.com,Hyperliquid,-0.2753,-1.2827,1.0074,50.37,2.2(0.044%),48.17,4.817,14.45,False
2025-07-23 12:00:00,Bitmex,Bitunix,0.01,-0.9666,0.9766,48.83,2.2(0.044%),46.63,4.663,13.99,False
2025-07-23 12:00:00,Bitmex,MEXC,0.01,-0.9666,0.9766,48.83,2.2(0.044%),46.63,4.663,13.99,False
2025-07-23 12:00:00,Bitmex,Binance,0.01,-0.9598,0.9698,48.49,2.2(0.044%),46.29,4.629,13.89,False
2025-07-23 04:00:00,Bitunix,Crypto.com,0.0527,-0.2279,0.2806,14.03,2.2(0.044%),11.83,1.183,3.55,False
2025-07-23 04:00:00,Bitmex,Crypto.com,0.01,-0.2279,0.2379,11.89,2.2(0.044%),9.7,0.9695,2.91,False
2025-07-23 04:00:00,BingX,Crypto.com,-0.0134,-0.2279,0.2145,10.72,2.2(0.044%),8.53,0.8525,2.56,False
2025-07-23 04:00:00,HTX,Crypto.com,-0.0242,-0.2279,0.2037,10.18,2.2(0.044%),7.98,0.7985,2.4,False
2025-07-23 04:00:00,Bybit,Crypto.com,-0.0255,-0.2279,0.2024,10.12,2.2(0.044%),7.92,0.792,2.38,False
2025-07-22 20:00:00,KuCoin,Hyperliquid,0.0078,-0.0273,0.0351,1.75,2.2(0.044%),-0.44,-0.0445,-0.13,False
2025-07-22 20:00:00,Binance,Hyperliquid,0.005,-0.0273,0.0323,1.62,2.2(0.044%),-0.58,-0.0585,-0.18,False
2025-07-22 20:00:00,BingX,Hyperliquid,0.005,-0.0273,0.0323,1.62,2.2(0.044%),-0.58,-0.0585,-0.18,False
2025-07-22 20:00:00,MEXC,Hyperliquid,0.005,-0.0273,0.0323,1.62,2.2(0.044%),-0.58,-0.0585,-0.18,False
2025-07-22 20:00:00,Bitunix,Hyperliquid,0.005,-0.0273,0.0323,1.62,2.2(0.044%),-0.58,-0.0585,-0.18,False
2025-07-22 12:00:00,Bitunix,Crypto.com,0.0452,-0.1256,0.1708,8.54,2.2(0.044%),6.34,0.634,1.9,False
2025-07-22 12:00:00,Bybit,Crypto.com,-0.0025,-0.1256,0.1231,6.15,2.2(0.044%),3.95,0.3955,1.19,False
2025-07-22 12:00:00,BingX,Crypto.com,-0.0031,-0.1256,0.1225,6.12,2.2(0.044%),3.92,0.3925,1.18,False
2025-07-22 12:00:00,Bitunix,Hyperliquid,0.0452,-0.0704,0.1156,5.78,2.2(0.044%),3.58,0.358,1.07,False
2025-07-22 12:00:00,HTX,Crypto.com,-0.0118,-0.1256,0.1138,5.69,2.2(0.044%),3.49,0.349,1.05,False
2025-07-22 04:00:00,Crypto.com,Hyperliquid,0.0451,-0.1758,0.2209,11.04,2.2(0.044%),8.85,0.8845,2.65,False
2025-07-22 04:00:00,KuCoin,Hyperliquid,0.0173,-0.1758,0.1931,9.66,2.2(0.044%),7.46,0.7455,2.24,False
2025-07-22 04:00:00,OKX,Hyperliquid,0.005,-0.1758,0.1808,9.04,2.2(0.044%),6.84,0.684,2.05,False
2025-07-22 04:00:00,Binance,Hyperliquid,0.005,-0.1758,0.1808,9.04,2.2(0.044%),6.84,0.684,2.05,False
2025-07-22 04:00:00,HTX,Hyperliquid,0.005,-0.1758,0.1808,9.04,2.2(0.044%),6.84,0.684,2.05,False
2025-07-21 20:00:00,Bitunix,Bitmex,0.0215,-0.1442,0.1657,8.28,2.2(0.044%),6.08,0.6085,1.83,False
2025-07-21 20:00:00,OKX,Bitmex,0.0024,-0.1442,0.1466,7.33,2.2(0.044%),5.13,0.513,1.54,False
2025-07-21 20:00:00,HTX,Bitmex,0.0013,-0.1442,0.1455,7.27,2.2(0.044%),5.07,0.5075,1.52,False
2025-07-21 20:00:00,Bybit,Bitmex,0.0013,-0.1442,0.1455,7.27,2.2(0.044%),5.07,0.5075,1.52,False
2025-07-21 20:00:00,BingX,Bitmex,0.0013,-0.1442,0.1455,7.27,2.2(0.044%),5.07,0.5075,1.52,False
2025-07-21 12:00:00,Bitunix,Bitmex,0.0517,-0.187,0.2387,11.93,2.2(0.044%),9.73,0.9735,2.92,False
2025-07-21 12:00:00,Bitunix,Crypto.com,0.0517,-0.1839,0.2356,11.78,2.2(0.044%),9.58,0.958,2.87,False
2025-07-21 12:00:00,Bitunix,CoinEx,0.0517,-0.1563,0.208,10.4,2.2(0.044%),8.2,0.82,2.46,False
2025-07-21 12:00:00,HTX,Bitmex,0.0013,-0.187,0.1883,9.41,2.2(0.044%),7.21,0.7215,2.16,False
2025-07-21 12:00:00,BingX,Bitmex,0.0013,-0.187,0.1883,9.41,2.2(0.044%),7.21,0.7215,2.16,False
2025-07-21 04:00:00,BingX,Crypto.com,0.0013,-0.4514,0.4527,22.64,2.2(0.044%),20.44,2.0435,6.13,False
2025-07-21 04:00:00,Bybit,Crypto.com,0.0013,-0.4514,0.4527,22.64,2.2(0.044%),20.44,2.0435,6.13,False
2025-07-21 04:00:00,Gate,Crypto.com,-0.0133,-0.4514,0.4381,21.91,2.2(0.044%),19.71,1.9705,5.91,False
2025-07-21 04:00:00,MEXC,Crypto.com,-0.0175,-0.4514,0.4339,21.7,2.2(0.044%),19.5,1.9495,5.85,False
2025-07-21 04:00:00,Bitunix,Crypto.com,-0.0175,-0.4514,0.4339,21.7,2.2(0.044%),19.5,1.9495,5.85,False
2025-07-20 20:00:00,Bitunix,Crypto.com,0.0291,-0.09,0.1191,5.96,2.2(0.044%),3.76,0.3755,1.13,False
2025-07-20 20:00:00,Bitunix,Bitmex,0.0291,-0.074,0.1031,5.16,2.2(0.044%),2.96,0.2955,0.89,False
2025-07-20 20:00:00,KuCoin,Crypto.com,0.0055,-0.09,0.0955,4.78,2.2(0.044%),2.58,0.2575,0.77,False
2025-07-20 20:00:00,Bybit,Crypto.com,0.0013,-0.09,0.0913,4.56,2.2(0.044%),2.36,0.2365,0.71,False
2025-07-20 20:00:00,HTX,Crypto.com,0.0013,-0.09,0.0913,4.56,2.2(0.044%),2.36,0.2365,0.71,False
2025-07-20 12:00:00,Bitunix,Crypto.com,0.014,-0.1643,0.1783,8.92,2.2(0.044%),6.72,0.6715,2.01,False
2025-07-20 12:00:00,Bybit,Crypto.com,0.0013,-0.1643,0.1656,8.28,2.2(0.044%),6.08,0.608,1.82,False
2025-07-20 12:00:00,BingX,Crypto.com,0.0013,-0.1643,0.1656,8.28,2.2(0.044%),6.08,0.608,1.82,False
2025-07-20 12:00:00,Gate,Crypto.com,0.0012,-0.1643,0.1655,8.28,2.2(0.044%),6.08,0.6075,1.82,False
2025-07-20 12:00:00,HTX,Crypto.com,-0.0062,-0.1643,0.1581,7.9,2.2(0.044%),5.71,0.5705,1.71,False
2025-07-20 04:00:00,Bitunix,Bitmex,0.0187,-0.1165,0.1352,6.76,2.2(0.044%),4.56,0.456,1.37,False
2025-07-20 04:00:00,Bybit,Bitmex,0.0013,-0.1165,0.1178,5.89,2.2(0.044%),3.69,0.369,1.11,False
2025-07-20 04:00:00,BingX,Bitmex,0.0013,-0.1165,0.1178,5.89,2.2(0.044%),3.69,0.369,1.11,False
2025-07-20 04:00:00,HTX,Bitmex,0.0013,-0.1165,0.1178,5.89,2.2(0.044%),3.69,0.369,1.11,False
2025-07-20 04:00:00,Gate,Bitmex,-0.0046,-0.1165,0.1119,5.59,2.2(0.044%),3.4,0.3395,1.02,False
2025-07-19 20:00:00,Bitunix,Hyperliquid,0.0668,-0.1517,0.2185,10.92,2.2(0.044%),8.72,0.8725,2.62,False
2025-07-19 20:00:00,Bitunix,CoinEx,0.0668,-0.1234,0.1902,9.51,2.2(0.044%),7.31,0.731,2.19,False
2025-07-19 20:00:00,Bitunix,Bitmex,0.0668,-0.1182,0.185,9.25,2.2(0.044%),7.05,0.705,2.12,False
2025-07-19 20:00:00,Bitunix,Crypto.com,0.0668,-0.0914,0.1582,7.91,2.2(0.044%),5.71,0.571,1.71,False
2025-07-19 20:00:00,Bybit,Hyperliquid,0.0013,-0.1517,0.153,7.65,2.2(0.044%),5.45,0.545,1.63,False
2025-07-19 12:00:00,Bitunix,Hyperliquid,0.0535,-0.1382,0.1917,9.58,2.2(0.044%),7.38,0.7385,2.22,False
2025-07-19 12:00:00,Crypto.com,Hyperliquid,0.0321,-0.1382,0.1703,8.51,2.2(0.044%),6.31,0.6315,1.89,False
2025-07-19 12:00:00,KuCoin,Hyperliquid,0.0118,-0.1382,0.15,7.5,2.2(0.044%),5.3,0.53,1.59,False
2025-07-19 12:00:00,Bybit,Hyperliquid,0.0013,-0.1382,0.1395,6.97,2.2(0.044%),4.77,0.4775,1.43,False
2025-07-19 12:00:00,BingX,Hyperliquid,0.0013,-0.1382,0.1395,6.97,2.2(0.044%),4.77,0.4775,1.43,False
2025-07-19 04:00:00,KuCoin,Hyperliquid,0.0392,-0.0429,0.0821,4.11,2.2(0.044%),1.91,0.1905,0.57,False
2025-07-19 04:00:00,KuCoin,Bitmex,0.0392,-0.0418,0.081,4.05,2.2(0.044%),1.85,0.185,0.55,False
2025-07-19 04:00:00,KuCoin,CoinEx,0.0392,-0.0328,0.072,3.6,2.2(0.044%),1.4,0.14,0.42,False
2025-07-19 04:00:00,Crypto.com,Hyperliquid,0.0225,-0.0429,0.0654,3.27,2.2(0.044%),1.07,0.107,0.32,False
2025-07-19 04:00:00,Crypto.com,Bitmex,0.0225,-0.0418,0.0643,3.21,2.2(0.044%),1.01,0.1015,0.3,False
2025-07-18 20:00:00,Bitunix,Hyperliquid,0.0151,-0.0722,0.0873,4.37,2.2(0.044%),2.17,0.2165,0.65,False
2025-07-18 20:00:00,Crypto.com,Hyperliquid,0.0081,-0.0722,0.0803,4.01,2.2(0.044%),1.81,0.1815,0.54,False
2025-07-18 20:00:00,HTX,Hyperliquid,0.0013,-0.0722,0.0735,3.67,2.2(0.044%),1.48,0.1475,0.44,False
2025-07-18 20:00:00,Bybit,Hyperliquid,0.0013,-0.0722,0.0735,3.67,2.2(0.044%),1.48,0.1475,0.44,False
2025-07-18 20:00:00,BingX,Hyperliquid,0.0013,-0.0722,0.0735,3.67,2.2(0.044%),1.48,0.1475,0.44,False
2025-07-18 12:00:00,Crypto.com,Bitmex,0.3277,-0.0142,0.3419,17.09,2.2(0.044%),14.89,1.4895,4.47,False
2025-07-18 12:00:00,Crypto.com,Bitunix,0.3277,0.0012,0.3265,16.32,2.2(0.044%),14.12,1.4125,4.24,False
2025-07-18 12:00:00,Crypto.com,MEXC,0.3277,0.0012,0.3265,16.32,2.2(0.044%),14.12,1.4125,4.24,False
2025-07-18 12:00:00,Crypto.com,Gate,0.3277,0.0012,0.3265,16.32,2.2(0.044%),14.12,1.4125,4.24,False
2025-07-18 12:00:00,Crypto.com,Binance,0.3277,0.0013,0.3264,16.32,2.2(0.044%),14.12,1.412,4.24,False
