Time,Short@,Long@,Short(%),Long(%),AbsSpread(%),GrossPnL,BorrowCost(0.0067%/h),NetPnL,ROI(%),ROI_day(%),BelowMin
2025-08-21 07:05:00,Gate,Hyperliquid,0.0045,-0.1431,0.1476,7.38,2.68(0.0536%),4.7,0.47,1.41,False
2025-08-21 07:05:00,BingX,Hyperliquid,-0.011,-0.1431,0.1321,6.6,2.68(0.0536%),3.92,0.3925,1.18,False
2025-08-21 07:05:00,OKX,Hyperliquid,-0.0192,-0.1431,0.1239,6.2,2.68(0.0536%),3.52,0.3515,1.05,False
2025-08-21 07:05:00,KuCoin,Hyperliquid,-0.0332,-0.1431,0.1099,5.5,2.68(0.0536%),2.81,0.2815,0.84,False
2025-08-21 07:05:00,Bitget,Hyperliquid,-0.0358,-0.1431,0.1073,5.37,2.68(0.0536%),2.69,0.2685,0.81,False
2025-08-21 04:00:00,OKX,CoinEx,0.005,-0.0658,0.0708,3.54,2.68(0.0536%),0.86,0.086,0.26,False
2025-08-21 04:00:00,Bitget,CoinEx,0.005,-0.0658,0.0708,3.54,2.68(0.0536%),0.86,0.086,0.26,False
2025-08-21 04:00:00,Gate,CoinEx,0.005,-0.0658,0.0708,3.54,2.68(0.0536%),0.86,0.086,0.26,False
2025-08-21 04:00:00,BingX,CoinEx,0.005,-0.0658,0.0708,3.54,2.68(0.0536%),0.86,0.086,0.26,False
2025-08-21 04:00:00,Bybit,CoinEx,0.0025,-0.0658,0.0683,3.42,2.68(0.0536%),0.73,0.0735,0.22,False
2025-08-20 20:00:00,Bitget,Hyperliquid,0.005,-0.0351,0.0401,2.0,2.68(0.0536%),-0.68,-0.0675,-0.2,False
2025-08-20 20:00:00,Gate,Hyperliquid,0.005,-0.0351,0.0401,2.0,2.68(0.0536%),-0.68,-0.0675,-0.2,False
2025-08-20 20:00:00,OKX,Hyperliquid,0.005,-0.0351,0.0401,2.0,2.68(0.0536%),-0.68,-0.0675,-0.2,False
2025-08-20 20:00:00,BingX,Hyperliquid,0.005,-0.0351,0.0401,2.0,2.68(0.0536%),-0.68,-0.0675,-0.2,False
2025-08-20 20:00:00,Binance,Hyperliquid,0.0032,-0.0351,0.0383,1.92,2.68(0.0536%),-0.77,-0.0765,-0.23,False
2025-08-20 12:00:00,BingX,KuCoin,0.005,-0.0485,0.0535,2.67,2.68(0.0536%),-0.01,-0.0005,-0.0,False
2025-08-20 12:00:00,Gate,KuCoin,0.005,-0.0485,0.0535,2.67,2.68(0.0536%),-0.01,-0.0005,-0.0,False
2025-08-20 12:00:00,OKX,KuCoin,0.005,-0.0485,0.0535,2.67,2.68(0.0536%),-0.01,-0.0005,-0.0,False
2025-08-20 12:00:00,Hyperliquid,KuCoin,0.004,-0.0485,0.0525,2.63,2.68(0.0536%),-0.05,-0.0055,-0.02,False
2025-08-20 12:00:00,Bybit,KuCoin,0.0025,-0.0485,0.051,2.55,2.68(0.0536%),-0.13,-0.013,-0.04,False
2025-08-20 04:00:00,Gate,CoinEx,0.005,-0.0306,0.0356,1.78,2.68(0.0536%),-0.9,-0.09,-0.27,False
2025-08-20 04:00:00,BingX,CoinEx,0.0025,-0.0306,0.0331,1.65,2.68(0.0536%),-1.03,-0.1025,-0.31,False
2025-08-20 04:00:00,Bybit,CoinEx,0.0025,-0.0306,0.0331,1.65,2.68(0.0536%),-1.03,-0.1025,-0.31,False
2025-08-20 04:00:00,Gate,OKX,0.005,-0.0239,0.0289,1.45,2.68(0.0536%),-1.24,-0.1235,-0.37,False
2025-08-20 04:00:00,BingX,OKX,0.0025,-0.0239,0.0264,1.32,2.68(0.0536%),-1.36,-0.136,-0.41,False
2025-08-19 20:00:00,BingX,CoinEx,-0.0089,-0.0943,0.0854,4.27,2.68(0.0536%),1.59,0.159,0.48,False
2025-08-19 20:00:00,Bybit,CoinEx,-0.018,-0.0943,0.0763,3.81,2.68(0.0536%),1.13,0.1135,0.34,False
2025-08-19 20:00:00,BingX,Hyperliquid,-0.0089,-0.0807,0.0718,3.59,2.68(0.0536%),0.91,0.091,0.27,False
2025-08-19 20:00:00,BingX,KuCoin,-0.0089,-0.0747,0.0658,3.29,2.68(0.0536%),0.61,0.061,0.18,False
2025-08-19 20:00:00,Gate,CoinEx,-0.0314,-0.0943,0.0629,3.15,2.68(0.0536%),0.46,0.0465,0.14,False
2025-08-19 12:00:00,Gate,Hyperliquid,-0.0049,-0.0963,0.0914,4.57,2.68(0.0536%),1.89,0.189,0.57,False
2025-08-19 12:00:00,BingX,Hyperliquid,-0.005,-0.0963,0.0913,4.56,2.68(0.0536%),1.88,0.1885,0.57,False
2025-08-19 12:00:00,Bitget,Hyperliquid,-0.0093,-0.0963,0.087,4.35,2.68(0.0536%),1.67,0.167,0.5,False
2025-08-19 12:00:00,Bybit,Hyperliquid,-0.0172,-0.0963,0.0791,3.96,2.68(0.0536%),1.27,0.1275,0.38,False
2025-08-19 12:00:00,Gate,CoinEx,-0.0049,-0.0694,0.0645,3.23,2.68(0.0536%),0.55,0.0545,0.16,False
2025-08-19 04:00:00,BingX,CoinEx,0.005,-0.1451,0.1501,7.51,2.68(0.0536%),4.83,0.4825,1.45,False
2025-08-19 04:00:00,Bitget,CoinEx,0.005,-0.1451,0.1501,7.51,2.68(0.0536%),4.83,0.4825,1.45,False
2025-08-19 04:00:00,Gate,CoinEx,0.005,-0.1451,0.1501,7.51,2.68(0.0536%),4.83,0.4825,1.45,False
2025-08-19 04:00:00,Bybit,CoinEx,-0.0092,-0.1451,0.1359,6.8,2.68(0.0536%),4.12,0.4115,1.23,False
2025-08-19 04:00:00,OKX,CoinEx,-0.0255,-0.1451,0.1196,5.98,2.68(0.0536%),3.3,0.33,0.99,False
2025-08-18 20:00:00,Hyperliquid,CoinEx,0.0089,-0.0387,0.0476,2.38,2.68(0.0536%),-0.3,-0.03,-0.09,False
2025-08-18 20:00:00,Gate,CoinEx,0.005,-0.0387,0.0437,2.18,2.68(0.0536%),-0.5,-0.0495,-0.15,False
2025-08-18 20:00:00,BingX,CoinEx,0.005,-0.0387,0.0437,2.18,2.68(0.0536%),-0.5,-0.0495,-0.15,False
2025-08-18 20:00:00,Bitget,CoinEx,0.005,-0.0387,0.0437,2.18,2.68(0.0536%),-0.5,-0.0495,-0.15,False
2025-08-18 20:00:00,Bybit,CoinEx,0.0025,-0.0387,0.0412,2.06,2.68(0.0536%),-0.62,-0.062,-0.19,False
2025-08-18 12:00:00,Hyperliquid,CoinEx,0.0068,-0.0285,0.0353,1.76,2.68(0.0536%),-0.92,-0.0915,-0.27,False
2025-08-18 12:00:00,Gate,CoinEx,0.005,-0.0285,0.0335,1.68,2.68(0.0536%),-1.01,-0.1005,-0.3,False
2025-08-18 12:00:00,BingX,CoinEx,0.005,-0.0285,0.0335,1.68,2.68(0.0536%),-1.01,-0.1005,-0.3,False
2025-08-18 12:00:00,Bitget,CoinEx,0.005,-0.0285,0.0335,1.68,2.68(0.0536%),-1.01,-0.1005,-0.3,False
2025-08-18 12:00:00,Bybit,CoinEx,0.0025,-0.0285,0.031,1.55,2.68(0.0536%),-1.13,-0.113,-0.34,False
2025-08-18 04:00:00,Hyperliquid,Binance,0.01,-0.0246,0.0346,1.73,2.68(0.0536%),-0.95,-0.095,-0.29,False
2025-08-18 04:00:00,Hyperliquid,Bitunix,0.01,-0.0245,0.0345,1.73,2.68(0.0536%),-0.96,-0.0955,-0.29,False
2025-08-18 04:00:00,Hyperliquid,CoinEx,0.01,-0.0244,0.0344,1.72,2.68(0.0536%),-0.96,-0.096,-0.29,False
2025-08-18 04:00:00,Hyperliquid,MEXC,0.01,-0.0243,0.0343,1.71,2.68(0.0536%),-0.97,-0.0965,-0.29,False
2025-08-18 04:00:00,Bitget,Binance,0.005,-0.0246,0.0296,1.48,2.68(0.0536%),-1.2,-0.12,-0.36,False
2025-08-17 20:00:00,Hyperliquid,KuCoin,0.01,-0.0115,0.0215,1.07,2.68(0.0536%),-1.61,-0.1605,-0.48,False
2025-08-17 12:00:00,Hyperliquid,KuCoin,0.01,-0.0173,0.0273,1.36,2.68(0.0536%),-1.32,-0.1315,-0.39,False
2025-08-17 12:00:00,BingX,KuCoin,0.005,-0.0173,0.0223,1.11,2.68(0.0536%),-1.57,-0.1565,-0.47,False
2025-08-17 12:00:00,Binance,KuCoin,0.005,-0.0173,0.0223,1.11,2.68(0.0536%),-1.57,-0.1565,-0.47,False
2025-08-17 12:00:00,Gate,KuCoin,0.005,-0.0173,0.0223,1.11,2.68(0.0536%),-1.57,-0.1565,-0.47,False
2025-08-17 12:00:00,Bitget,KuCoin,0.005,-0.0173,0.0223,1.11,2.68(0.0536%),-1.57,-0.1565,-0.47,False
2025-08-17 04:00:00,Hyperliquid,KuCoin,0.01,-0.0164,0.0264,1.32,2.68(0.0536%),-1.36,-0.136,-0.41,False
2025-08-17 04:00:00,Gate,KuCoin,0.005,-0.0164,0.0214,1.07,2.68(0.0536%),-1.61,-0.161,-0.48,False
2025-08-17 04:00:00,Bitget,KuCoin,0.005,-0.0164,0.0214,1.07,2.68(0.0536%),-1.61,-0.161,-0.48,False
2025-08-17 04:00:00,BingX,KuCoin,0.005,-0.0164,0.0214,1.07,2.68(0.0536%),-1.61,-0.161,-0.48,False
2025-08-16 20:00:00,Bitget,Hyperliquid,0.005,-0.0719,0.0769,3.85,2.68(0.0536%),1.17,0.1165,0.35,False
2025-08-16 20:00:00,BingX,Hyperliquid,0.005,-0.0719,0.0769,3.85,2.68(0.0536%),1.17,0.1165,0.35,False
2025-08-16 20:00:00,BingX,CoinEx,0.005,-0.0655,0.0705,3.53,2.68(0.0536%),0.85,0.0845,0.25,False
2025-08-16 20:00:00,Bitget,CoinEx,0.005,-0.0655,0.0705,3.53,2.68(0.0536%),0.85,0.0845,0.25,False
2025-08-16 20:00:00,Bybit,Hyperliquid,-0.0048,-0.0719,0.0671,3.36,2.68(0.0536%),0.68,0.0675,0.2,False
2025-08-16 12:00:00,BingX,KuCoin,0.005,-0.0531,0.0581,2.91,2.68(0.0536%),0.23,0.0225,0.07,False
2025-08-16 12:00:00,Bitget,KuCoin,0.005,-0.0531,0.0581,2.91,2.68(0.0536%),0.23,0.0225,0.07,False
2025-08-16 12:00:00,Gate,KuCoin,0.005,-0.0531,0.0581,2.91,2.68(0.0536%),0.23,0.0225,0.07,False
2025-08-16 12:00:00,Bybit,KuCoin,0.0025,-0.0531,0.0556,2.78,2.68(0.0536%),0.1,0.01,0.03,False
2025-08-16 12:00:00,Gate,Hyperliquid,0.005,-0.0482,0.0532,2.66,2.68(0.0536%),-0.02,-0.002,-0.01,False
2025-08-16 04:00:00,BingX,CoinEx,0.0002,-0.1519,0.1521,7.61,2.68(0.0536%),4.93,0.4925,1.48,False
2025-08-16 04:00:00,Bybit,CoinEx,-0.0009,-0.1519,0.151,7.55,2.68(0.0536%),4.87,0.487,1.46,False
2025-08-16 04:00:00,Bitget,CoinEx,-0.0216,-0.1519,0.1303,6.51,2.68(0.0536%),3.83,0.3835,1.15,False
2025-08-16 04:00:00,OKX,CoinEx,-0.0286,-0.1519,0.1233,6.17,2.68(0.0536%),3.49,0.3485,1.05,False
2025-08-16 04:00:00,Hyperliquid,CoinEx,-0.035,-0.1519,0.1169,5.85,2.68(0.0536%),3.17,0.3165,0.95,False
2025-08-15 20:00:00,Hyperliquid,KuCoin,0.01,-0.0145,0.0245,1.22,2.68(0.0536%),-1.46,-0.1455,-0.44,False
2025-08-15 12:00:00,Hyperliquid,KuCoin,0.01,-0.0239,0.0339,1.7,2.68(0.0536%),-0.99,-0.0985,-0.3,False
2025-08-15 12:00:00,Gate,KuCoin,0.005,-0.0239,0.0289,1.45,2.68(0.0536%),-1.24,-0.1235,-0.37,False
2025-08-15 12:00:00,Bitget,KuCoin,0.005,-0.0239,0.0289,1.45,2.68(0.0536%),-1.24,-0.1235,-0.37,False
2025-08-15 12:00:00,BingX,KuCoin,0.005,-0.0239,0.0289,1.45,2.68(0.0536%),-1.24,-0.1235,-0.37,False
2025-08-15 12:00:00,Hyperliquid,Binance,0.01,-0.0165,0.0265,1.33,2.68(0.0536%),-1.35,-0.1355,-0.41,False
2025-08-15 04:00:00,Bitunix,KuCoin,0.0121,-0.0167,0.0288,1.44,2.68(0.0536%),-1.24,-0.124,-0.37,False
2025-08-15 04:00:00,Bitunix,CoinEx,0.0121,-0.0148,0.0269,1.34,2.68(0.0536%),-1.34,-0.1335,-0.4,False
2025-08-15 04:00:00,Hyperliquid,KuCoin,0.01,-0.0167,0.0267,1.34,2.68(0.0536%),-1.34,-0.1345,-0.4,False
2025-08-15 04:00:00,Hyperliquid,CoinEx,0.01,-0.0148,0.0248,1.24,2.68(0.0536%),-1.44,-0.144,-0.43,False
2025-08-15 04:00:00,Bitunix,MEXC,0.0121,-0.0116,0.0237,1.18,2.68(0.0536%),-1.5,-0.1495,-0.45,False
2025-08-14 20:00:00,Hyperliquid,KuCoin,0.01,-0.0155,0.0255,1.28,2.68(0.0536%),-1.41,-0.1405,-0.42,False
2025-08-14 20:00:00,BingX,KuCoin,0.005,-0.0155,0.0205,1.02,2.68(0.0536%),-1.66,-0.1655,-0.5,False
2025-08-14 20:00:00,Binance,KuCoin,0.005,-0.0155,0.0205,1.02,2.68(0.0536%),-1.66,-0.1655,-0.5,False
2025-08-14 20:00:00,Gate,KuCoin,0.005,-0.0155,0.0205,1.02,2.68(0.0536%),-1.66,-0.1655,-0.5,False
2025-08-14 20:00:00,Bitget,KuCoin,0.005,-0.0155,0.0205,1.02,2.68(0.0536%),-1.66,-0.1655,-0.5,False
2025-08-14 12:00:00,Hyperliquid,CoinEx,0.01,-0.4754,0.4854,24.27,2.68(0.0536%),21.59,2.159,6.48,False
2025-08-14 12:00:00,Gate,CoinEx,0.005,-0.4754,0.4804,24.02,2.68(0.0536%),21.34,2.134,6.4,False
2025-08-14 12:00:00,OKX,CoinEx,0.005,-0.4754,0.4804,24.02,2.68(0.0536%),21.34,2.134,6.4,False
2025-08-14 12:00:00,Bitget,CoinEx,0.005,-0.4754,0.4804,24.02,2.68(0.0536%),21.34,2.134,6.4,False
2025-08-14 12:00:00,BingX,CoinEx,0.005,-0.4754,0.4804,24.02,2.68(0.0536%),21.34,2.134,6.4,False
2025-08-14 04:00:00,Hyperliquid,CoinEx,0.01,-0.1676,0.1776,8.88,2.68(0.0536%),6.2,0.62,1.86,False
2025-08-14 04:00:00,OKX,CoinEx,0.005,-0.1676,0.1726,8.63,2.68(0.0536%),5.95,0.595,1.79,False
2025-08-14 04:00:00,Binance,CoinEx,0.005,-0.1676,0.1726,8.63,2.68(0.0536%),5.95,0.595,1.79,False
2025-08-14 04:00:00,Bitget,CoinEx,0.005,-0.1676,0.1726,8.63,2.68(0.0536%),5.95,0.595,1.79,False
2025-08-14 04:00:00,BingX,CoinEx,0.005,-0.1676,0.1726,8.63,2.68(0.0536%),5.95,0.595,1.79,False
2025-08-13 20:00:00,Hyperliquid,CoinEx,0.01,-0.0277,0.0377,1.88,2.68(0.0536%),-0.8,-0.0795,-0.24,False
2025-08-13 20:00:00,KuCoin,CoinEx,0.008,-0.0277,0.0357,1.78,2.68(0.0536%),-0.9,-0.0895,-0.27,False
2025-08-13 20:00:00,Binance,CoinEx,0.005,-0.0277,0.0327,1.63,2.68(0.0536%),-1.05,-0.1045,-0.31,False
2025-08-13 20:00:00,Bitget,CoinEx,0.005,-0.0277,0.0327,1.63,2.68(0.0536%),-1.05,-0.1045,-0.31,False
2025-08-13 20:00:00,Gate,CoinEx,0.005,-0.0277,0.0327,1.63,2.68(0.0536%),-1.05,-0.1045,-0.31,False
2025-08-13 12:00:00,KuCoin,CoinEx,0.0405,0.0,0.0405,2.03,2.68(0.0536%),-0.65,-0.0655,-0.2,False
2025-08-13 12:00:00,KuCoin,Bybit,0.0405,0.0025,0.038,1.9,2.68(0.0536%),-0.78,-0.078,-0.23,False
2025-08-13 12:00:00,KuCoin,Binance,0.0405,0.005,0.0355,1.78,2.68(0.0536%),-0.9,-0.0905,-0.27,False
2025-08-13 12:00:00,KuCoin,Gate,0.0405,0.005,0.0355,1.78,2.68(0.0536%),-0.9,-0.0905,-0.27,False
2025-08-13 12:00:00,KuCoin,Bitget,0.0405,0.005,0.0355,1.78,2.68(0.0536%),-0.9,-0.0905,-0.27,False
2025-08-13 04:00:00,KuCoin,CoinEx,0.0228,-0.005,0.0278,1.39,2.68(0.0536%),-1.29,-0.129,-0.39,False
2025-08-12 20:00:00,Hyperliquid,CoinEx,0.01,-0.0101,0.0201,1.01,2.68(0.0536%),-1.68,-0.1675,-0.5,False
2025-08-12 12:00:00,Hyperliquid,CoinEx,0.01,-0.0293,0.0393,1.97,2.68(0.0536%),-0.72,-0.0715,-0.21,False
2025-08-12 12:00:00,OKX,CoinEx,0.005,-0.0293,0.0343,1.71,2.68(0.0536%),-0.97,-0.0965,-0.29,False
2025-08-12 12:00:00,Binance,CoinEx,0.005,-0.0293,0.0343,1.71,2.68(0.0536%),-0.97,-0.0965,-0.29,False
2025-08-12 12:00:00,Bitget,CoinEx,0.005,-0.0293,0.0343,1.71,2.68(0.0536%),-0.97,-0.0965,-0.29,False
2025-08-12 12:00:00,BingX,CoinEx,0.005,-0.0293,0.0343,1.71,2.68(0.0536%),-0.97,-0.0965,-0.29,False
2025-08-12 04:00:00,Hyperliquid,CoinEx,0.01,-0.0257,0.0357,1.78,2.68(0.0536%),-0.9,-0.0895,-0.27,False
2025-08-12 04:00:00,KuCoin,CoinEx,0.0056,-0.0257,0.0313,1.57,2.68(0.0536%),-1.11,-0.1115,-0.33,False
2025-08-12 04:00:00,Binance,CoinEx,0.005,-0.0257,0.0307,1.54,2.68(0.0536%),-1.15,-0.1145,-0.34,False
2025-08-12 04:00:00,Bitget,CoinEx,0.005,-0.0257,0.0307,1.54,2.68(0.0536%),-1.15,-0.1145,-0.34,False
2025-08-12 04:00:00,Gate,CoinEx,0.005,-0.0257,0.0307,1.54,2.68(0.0536%),-1.15,-0.1145,-0.34,False
2025-08-11 20:00:00,Hyperliquid,CoinEx,0.01,-0.0204,0.0304,1.52,2.68(0.0536%),-1.16,-0.116,-0.35,False
2025-08-11 20:00:00,KuCoin,CoinEx,0.0055,-0.0204,0.0259,1.29,2.68(0.0536%),-1.39,-0.1385,-0.42,False
2025-08-11 20:00:00,Binance,CoinEx,0.005,-0.0204,0.0254,1.27,2.68(0.0536%),-1.41,-0.141,-0.42,False
2025-08-11 20:00:00,Bitget,CoinEx,0.005,-0.0204,0.0254,1.27,2.68(0.0536%),-1.41,-0.141,-0.42,False
2025-08-11 20:00:00,Gate,CoinEx,0.005,-0.0204,0.0254,1.27,2.68(0.0536%),-1.41,-0.141,-0.42,False
2025-08-11 12:00:00,Hyperliquid,CoinEx,0.01,-0.0117,0.0217,1.09,2.68(0.0536%),-1.59,-0.1595,-0.48,False
2025-08-10 20:00:00,KuCoin,CoinEx,0.0306,0.0,0.0306,1.53,2.68(0.0536%),-1.15,-0.115,-0.35,False
2025-08-10 20:00:00,KuCoin,Bybit,0.0306,0.0025,0.0281,1.41,2.68(0.0536%),-1.28,-0.1275,-0.38,False
2025-08-10 20:00:00,KuCoin,Binance,0.0306,0.005,0.0256,1.28,2.68(0.0536%),-1.4,-0.14,-0.42,False
2025-08-10 20:00:00,KuCoin,Gate,0.0306,0.005,0.0256,1.28,2.68(0.0536%),-1.4,-0.14,-0.42,False
2025-08-10 20:00:00,KuCoin,Bitget,0.0306,0.005,0.0256,1.28,2.68(0.0536%),-1.4,-0.14,-0.42,False
2025-08-10 12:00:00,KuCoin,CoinEx,0.0203,0.0,0.0203,1.01,2.68(0.0536%),-1.67,-0.1665,-0.5,False
2025-08-09 20:00:00,KuCoin,CoinEx,0.0231,0.0,0.0231,1.15,2.68(0.0536%),-1.53,-0.1525,-0.46,False
2025-08-09 20:00:00,KuCoin,Bybit,0.0231,0.0025,0.0206,1.03,2.68(0.0536%),-1.65,-0.165,-0.49,False
2025-08-09 04:00:00,Hyperliquid,KuCoin,0.01,-0.0322,0.0422,2.11,2.68(0.0536%),-0.57,-0.057,-0.17,False
2025-08-09 04:00:00,OKX,KuCoin,0.005,-0.0322,0.0372,1.86,2.68(0.0536%),-0.82,-0.082,-0.25,False
2025-08-09 04:00:00,Bitget,KuCoin,0.005,-0.0322,0.0372,1.86,2.68(0.0536%),-0.82,-0.082,-0.25,False
2025-08-09 04:00:00,Gate,KuCoin,0.005,-0.0322,0.0372,1.86,2.68(0.0536%),-0.82,-0.082,-0.25,False
2025-08-09 04:00:00,BingX,KuCoin,0.005,-0.0322,0.0372,1.86,2.68(0.0536%),-0.82,-0.082,-0.25,False
2025-08-08 20:00:00,Hyperliquid,KuCoin,0.01,-0.0313,0.0413,2.06,2.68(0.0536%),-0.62,-0.0615,-0.18,False
2025-08-08 20:00:00,OKX,KuCoin,0.005,-0.0313,0.0363,1.81,2.68(0.0536%),-0.87,-0.0865,-0.26,False
2025-08-08 20:00:00,Binance,KuCoin,0.005,-0.0313,0.0363,1.81,2.68(0.0536%),-0.87,-0.0865,-0.26,False
2025-08-08 20:00:00,Bitunix,KuCoin,0.005,-0.0313,0.0363,1.81,2.68(0.0536%),-0.87,-0.0865,-0.26,False
2025-08-08 20:00:00,Bitget,KuCoin,0.005,-0.0313,0.0363,1.81,2.68(0.0536%),-0.87,-0.0865,-0.26,False
2025-08-08 12:00:00,BingX,Hyperliquid,0.005,-0.0375,0.0425,2.12,2.68(0.0536%),-0.56,-0.0555,-0.17,False
2025-08-08 12:00:00,Gate,Hyperliquid,0.005,-0.0375,0.0425,2.12,2.68(0.0536%),-0.56,-0.0555,-0.17,False
2025-08-08 12:00:00,OKX,Hyperliquid,0.005,-0.0375,0.0425,2.12,2.68(0.0536%),-0.56,-0.0555,-0.17,False
2025-08-08 12:00:00,Bitunix,Hyperliquid,0.0046,-0.0375,0.0421,2.1,2.68(0.0536%),-0.58,-0.0575,-0.17,False
2025-08-08 12:00:00,Bybit,Hyperliquid,0.0025,-0.0375,0.04,2.0,2.68(0.0536%),-0.68,-0.068,-0.2,False
2025-08-08 04:00:00,BingX,CoinEx,0.005,-0.0513,0.0563,2.81,2.68(0.0536%),0.13,0.0135,0.04,False
2025-08-08 04:00:00,Bitget,CoinEx,0.005,-0.0513,0.0563,2.81,2.68(0.0536%),0.13,0.0135,0.04,False
2025-08-08 04:00:00,Gate,CoinEx,0.005,-0.0513,0.0563,2.81,2.68(0.0536%),0.13,0.0135,0.04,False
2025-08-08 04:00:00,Bybit,CoinEx,0.0025,-0.0513,0.0538,2.69,2.68(0.0536%),0.01,0.001,0.0,False
2025-08-08 04:00:00,Binance,CoinEx,0.0004,-0.0513,0.0517,2.58,2.68(0.0536%),-0.1,-0.0095,-0.03,False
2025-08-07 20:00:00,BingX,CoinEx,-0.0095,-0.0823,0.0728,3.64,2.68(0.0536%),0.96,0.096,0.29,False
2025-08-07 20:00:00,OKX,CoinEx,-0.0127,-0.0823,0.0696,3.48,2.68(0.0536%),0.8,0.08,0.24,False
2025-08-07 20:00:00,Bitget,CoinEx,-0.015,-0.0823,0.0673,3.36,2.68(0.0536%),0.68,0.0685,0.21,False
2025-08-07 20:00:00,MEXC,CoinEx,-0.0177,-0.0823,0.0646,3.23,2.68(0.0536%),0.55,0.055,0.16,False
2025-08-07 20:00:00,Bitunix,CoinEx,-0.0177,-0.0823,0.0646,3.23,2.68(0.0536%),0.55,0.055,0.16,False
2025-08-07 12:00:00,Bitunix,Hyperliquid,0.0496,-0.1129,0.1625,8.12,2.68(0.0536%),5.45,0.5445,1.63,False
2025-08-07 12:00:00,Bybit,Hyperliquid,0.0025,-0.1129,0.1154,5.77,2.68(0.0536%),3.09,0.309,0.93,False
2025-08-07 12:00:00,Bitunix,CoinEx,0.0496,-0.0626,0.1122,5.61,2.68(0.0536%),2.93,0.293,0.88,False
2025-08-07 12:00:00,Bitunix,KuCoin,0.0496,-0.0565,0.1061,5.31,2.68(0.0536%),2.63,0.2625,0.79,False
2025-08-07 12:00:00,BingX,Hyperliquid,-0.0114,-0.1129,0.1015,5.08,2.68(0.0536%),2.4,0.2395,0.72,False
2025-08-07 04:00:00,Gate,KuCoin,0.005,-0.1082,0.1132,5.66,2.68(0.0536%),2.98,0.298,0.89,False
2025-08-07 04:00:00,Bitget,KuCoin,0.0011,-0.1082,0.1093,5.46,2.68(0.0536%),2.78,0.2785,0.84,False
2025-08-07 04:00:00,BingX,KuCoin,0.0004,-0.1082,0.1086,5.43,2.68(0.0536%),2.75,0.275,0.82,False
2025-08-07 04:00:00,Bybit,KuCoin,-0.006,-0.1082,0.1022,5.11,2.68(0.0536%),2.43,0.243,0.73,False
2025-08-07 04:00:00,Gate,CoinEx,0.005,-0.0926,0.0976,4.88,2.68(0.0536%),2.2,0.22,0.66,False
2025-08-06 20:00:00,Bitunix,Hyperliquid,0.0132,-0.1294,0.1426,7.13,2.68(0.0536%),4.45,0.445,1.33,False
2025-08-06 20:00:00,Bybit,Hyperliquid,0.0025,-0.1294,0.1319,6.59,2.68(0.0536%),3.91,0.3915,1.17,False
2025-08-06 20:00:00,Bitunix,KuCoin,0.0132,-0.1099,0.1231,6.16,2.68(0.0536%),3.48,0.3475,1.04,False
2025-08-06 20:00:00,Gate,Hyperliquid,-0.0099,-0.1294,0.1195,5.97,2.68(0.0536%),3.29,0.3295,0.99,False
2025-08-06 20:00:00,Bybit,KuCoin,0.0025,-0.1099,0.1124,5.62,2.68(0.0536%),2.94,0.294,0.88,False
2025-08-06 12:00:00,Bybit,KuCoin,-0.0353,-0.1727,0.1374,6.87,2.68(0.0536%),4.19,0.419,1.26,False
2025-08-06 12:00:00,Bitget,KuCoin,-0.0381,-0.1727,0.1346,6.73,2.68(0.0536%),4.05,0.405,1.21,False
2025-08-06 12:00:00,OKX,KuCoin,-0.0398,-0.1727,0.1329,6.64,2.68(0.0536%),3.96,0.3965,1.19,False
2025-08-06 12:00:00,Binance,KuCoin,-0.0417,-0.1727,0.131,6.55,2.68(0.0536%),3.87,0.387,1.16,False
2025-08-06 12:00:00,BingX,KuCoin,-0.0421,-0.1727,0.1306,6.53,2.68(0.0536%),3.85,0.385,1.15,False
2025-08-06 04:00:00,Bybit,KuCoin,-0.0501,-0.3791,0.329,16.45,2.68(0.0536%),13.77,1.377,4.13,False
2025-08-06 04:00:00,Hyperliquid,KuCoin,-0.0821,-0.3791,0.297,14.85,2.68(0.0536%),12.17,1.217,3.65,False
2025-08-06 04:00:00,OKX,KuCoin,-0.1024,-0.3791,0.2767,13.83,2.68(0.0536%),11.15,1.1155,3.35,False
2025-08-06 04:00:00,Gate,KuCoin,-0.1098,-0.3791,0.2693,13.46,2.68(0.0536%),10.78,1.0785,3.24,False
2025-08-06 04:00:00,Bitget,KuCoin,-0.1123,-0.3791,0.2668,13.34,2.68(0.0536%),10.66,1.066,3.2,False
2025-08-05 20:00:00,Bybit,KuCoin,-0.2733,-0.6838,0.4105,20.53,2.68(0.0536%),17.85,1.7845,5.35,False
2025-08-05 20:00:00,Bybit,Hyperliquid,-0.2733,-0.6705,0.3972,19.86,2.68(0.0536%),17.18,1.718,5.15,False
2025-08-05 20:00:00,Bybit,CoinEx,-0.2733,-0.6011,0.3278,16.39,2.68(0.0536%),13.71,1.371,4.11,False
2025-08-05 20:00:00,Bitget,KuCoin,-0.4584,-0.6838,0.2254,11.27,2.68(0.0536%),8.59,0.859,2.58,False
2025-08-05 20:00:00,Bybit,MEXC,-0.2733,-0.4921,0.2188,10.94,2.68(0.0536%),8.26,0.826,2.48,False
2025-08-05 12:00:00,Bybit,KuCoin,-0.1111,-0.5481,0.437,21.85,2.68(0.0536%),19.17,1.917,5.75,False
2025-08-05 12:00:00,Binance,KuCoin,-0.1898,-0.5481,0.3583,17.92,2.68(0.0536%),15.24,1.5235,4.57,False
2025-08-05 12:00:00,MEXC,KuCoin,-0.1914,-0.5481,0.3567,17.84,2.68(0.0536%),15.16,1.5155,4.55,False
2025-08-05 12:00:00,Bitunix,KuCoin,-0.1914,-0.5481,0.3567,17.84,2.68(0.0536%),15.16,1.5155,4.55,False
2025-08-05 12:00:00,Hyperliquid,KuCoin,-0.195,-0.5481,0.3531,17.66,2.68(0.0536%),14.98,1.4975,4.49,False
2025-08-05 04:00:00,BingX,Hyperliquid,-0.2327,-0.7547,0.522,26.1,2.68(0.0536%),23.42,2.342,7.03,False
2025-08-05 04:00:00,Bybit,Hyperliquid,-0.3492,-0.7547,0.4055,20.28,2.68(0.0536%),17.6,1.7595,5.28,False
2025-08-05 04:00:00,BingX,CoinEx,-0.2327,-0.6273,0.3946,19.73,2.68(0.0536%),17.05,1.705,5.11,False
2025-08-05 04:00:00,Gate,Hyperliquid,-0.3688,-0.7547,0.3859,19.3,2.68(0.0536%),16.62,1.6615,4.98,False
2025-08-05 04:00:00,BingX,KuCoin,-0.2327,-0.6163,0.3836,19.18,2.68(0.0536%),16.5,1.65,4.95,False
2025-08-04 20:00:00,Hyperliquid,KuCoin,0.01,-0.0236,0.0336,1.68,2.68(0.0536%),-1.0,-0.1,-0.3,False
2025-08-04 20:00:00,BingX,KuCoin,0.005,-0.0236,0.0286,1.43,2.68(0.0536%),-1.25,-0.125,-0.38,False
2025-08-04 20:00:00,Binance,KuCoin,0.005,-0.0236,0.0286,1.43,2.68(0.0536%),-1.25,-0.125,-0.38,False
2025-08-04 20:00:00,Gate,KuCoin,0.005,-0.0236,0.0286,1.43,2.68(0.0536%),-1.25,-0.125,-0.38,False
2025-08-04 20:00:00,Bitget,KuCoin,0.005,-0.0236,0.0286,1.43,2.68(0.0536%),-1.25,-0.125,-0.38,False
2025-08-04 12:00:00,Hyperliquid,KuCoin,0.01,-0.0224,0.0324,1.62,2.68(0.0536%),-1.06,-0.106,-0.32,False
2025-08-04 12:00:00,Hyperliquid,CoinEx,0.01,-0.021,0.031,1.55,2.68(0.0536%),-1.13,-0.113,-0.34,False
2025-08-04 12:00:00,Binance,KuCoin,0.005,-0.0224,0.0274,1.37,2.68(0.0536%),-1.31,-0.131,-0.39,False
2025-08-04 12:00:00,BingX,KuCoin,0.005,-0.0224,0.0274,1.37,2.68(0.0536%),-1.31,-0.131,-0.39,False
2025-08-04 12:00:00,Bitget,KuCoin,0.005,-0.0224,0.0274,1.37,2.68(0.0536%),-1.31,-0.131,-0.39,False
2025-08-04 04:00:00,Hyperliquid,KuCoin,0.01,-0.0101,0.0201,1.01,2.68(0.0536%),-1.68,-0.1675,-0.5,False
2025-08-03 20:00:00,Hyperliquid,Gate,0.01,-0.024,0.034,1.7,2.68(0.0536%),-0.98,-0.098,-0.29,False
2025-08-03 20:00:00,OKX,Gate,0.005,-0.024,0.029,1.45,2.68(0.0536%),-1.23,-0.123,-0.37,False
2025-08-03 20:00:00,Binance,Gate,0.005,-0.024,0.029,1.45,2.68(0.0536%),-1.23,-0.123,-0.37,False
2025-08-03 20:00:00,Bitunix,Gate,0.005,-0.024,0.029,1.45,2.68(0.0536%),-1.23,-0.123,-0.37,False
2025-08-03 20:00:00,MEXC,Gate,0.005,-0.024,0.029,1.45,2.68(0.0536%),-1.23,-0.123,-0.37,False
2025-08-03 12:00:00,Hyperliquid,CoinEx,0.01,-0.0201,0.0301,1.5,2.68(0.0536%),-1.18,-0.1175,-0.35,False
2025-08-03 12:00:00,OKX,CoinEx,0.005,-0.0201,0.0251,1.26,2.68(0.0536%),-1.43,-0.1425,-0.43,False
2025-08-03 12:00:00,Binance,CoinEx,0.005,-0.0201,0.0251,1.26,2.68(0.0536%),-1.43,-0.1425,-0.43,False
2025-08-03 12:00:00,MEXC,CoinEx,0.005,-0.0201,0.0251,1.26,2.68(0.0536%),-1.43,-0.1425,-0.43,False
2025-08-03 12:00:00,BingX,CoinEx,0.005,-0.0201,0.0251,1.26,2.68(0.0536%),-1.43,-0.1425,-0.43,False
2025-08-03 04:00:00,Hyperliquid,CoinEx,0.01,-0.0285,0.0385,1.92,2.68(0.0536%),-0.76,-0.0755,-0.23,False
2025-08-03 04:00:00,OKX,CoinEx,0.005,-0.0285,0.0335,1.68,2.68(0.0536%),-1.01,-0.1005,-0.3,False
2025-08-03 04:00:00,Binance,CoinEx,0.005,-0.0285,0.0335,1.68,2.68(0.0536%),-1.01,-0.1005,-0.3,False
2025-08-03 04:00:00,MEXC,CoinEx,0.005,-0.0285,0.0335,1.68,2.68(0.0536%),-1.01,-0.1005,-0.3,False
2025-08-03 04:00:00,BingX,CoinEx,0.005,-0.0285,0.0335,1.68,2.68(0.0536%),-1.01,-0.1005,-0.3,False
2025-08-02 20:00:00,Hyperliquid,CoinEx,0.01,-0.0347,0.0447,2.24,2.68(0.0536%),-0.44,-0.0445,-0.13,False
2025-08-02 20:00:00,Bitget,CoinEx,0.005,-0.0347,0.0397,1.99,2.68(0.0536%),-0.7,-0.0695,-0.21,False
2025-08-02 20:00:00,Binance,CoinEx,0.005,-0.0347,0.0397,1.99,2.68(0.0536%),-0.7,-0.0695,-0.21,False
2025-08-02 20:00:00,MEXC,CoinEx,0.005,-0.0347,0.0397,1.99,2.68(0.0536%),-0.7,-0.0695,-0.21,False
2025-08-02 20:00:00,BingX,CoinEx,0.005,-0.0347,0.0397,1.99,2.68(0.0536%),-0.7,-0.0695,-0.21,False
2025-08-02 12:00:00,KuCoin,CoinEx,0.0109,-0.0423,0.0532,2.66,2.68(0.0536%),-0.02,-0.002,-0.01,False
2025-08-02 12:00:00,Hyperliquid,CoinEx,0.01,-0.0423,0.0523,2.62,2.68(0.0536%),-0.06,-0.0065,-0.02,False
2025-08-02 12:00:00,Binance,CoinEx,0.005,-0.0423,0.0473,2.36,2.68(0.0536%),-0.32,-0.0315,-0.09,False
2025-08-02 12:00:00,Bitget,CoinEx,0.005,-0.0423,0.0473,2.36,2.68(0.0536%),-0.32,-0.0315,-0.09,False
2025-08-02 12:00:00,Gate,CoinEx,0.005,-0.0423,0.0473,2.36,2.68(0.0536%),-0.32,-0.0315,-0.09,False
2025-08-01 20:00:00,Hyperliquid,CoinEx,0.01,-0.0197,0.0297,1.48,2.68(0.0536%),-1.2,-0.1195,-0.36,False
2025-08-01 20:00:00,OKX,CoinEx,0.005,-0.0197,0.0247,1.23,2.68(0.0536%),-1.45,-0.1445,-0.43,False
2025-08-01 20:00:00,Binance,CoinEx,0.005,-0.0197,0.0247,1.23,2.68(0.0536%),-1.45,-0.1445,-0.43,False
2025-08-01 20:00:00,Bitget,CoinEx,0.005,-0.0197,0.0247,1.23,2.68(0.0536%),-1.45,-0.1445,-0.43,False
2025-08-01 20:00:00,BingX,CoinEx,0.005,-0.0197,0.0247,1.23,2.68(0.0536%),-1.45,-0.1445,-0.43,False
2025-08-01 12:00:00,KuCoin,CoinEx,0.0193,-0.0238,0.0431,2.16,2.68(0.0536%),-0.52,-0.0525,-0.16,False
2025-08-01 12:00:00,KuCoin,Gate,0.0193,-0.0208,0.0401,2.0,2.68(0.0536%),-0.68,-0.0675,-0.2,False
2025-08-01 12:00:00,Hyperliquid,CoinEx,0.01,-0.0238,0.0338,1.69,2.68(0.0536%),-0.99,-0.099,-0.3,False
2025-08-01 12:00:00,Hyperliquid,Gate,0.01,-0.0208,0.0308,1.54,2.68(0.0536%),-1.14,-0.114,-0.34,False
2025-08-01 12:00:00,Binance,CoinEx,0.005,-0.0238,0.0288,1.44,2.68(0.0536%),-1.24,-0.124,-0.37,False
2025-08-01 04:00:00,Hyperliquid,CoinEx,0.01,-0.05,0.06,3.0,2.68(0.0536%),0.32,0.032,0.1,False
2025-08-01 04:00:00,Gate,CoinEx,0.005,-0.05,0.055,2.75,2.68(0.0536%),0.07,0.007,0.02,False
2025-08-01 04:00:00,Bybit,CoinEx,0.0025,-0.05,0.0525,2.63,2.68(0.0536%),-0.05,-0.0055,-0.02,False
2025-08-01 04:00:00,BingX,CoinEx,0.0025,-0.05,0.0525,2.63,2.68(0.0536%),-0.05,-0.0055,-0.02,False
2025-08-01 04:00:00,KuCoin,CoinEx,0.0014,-0.05,0.0514,2.57,2.68(0.0536%),-0.11,-0.011,-0.03,False
2025-07-31 20:00:00,KuCoin,CoinEx,0.0263,-0.0278,0.0541,2.7,2.68(0.0536%),0.02,0.0025,0.01,False
2025-07-31 20:00:00,Hyperliquid,CoinEx,0.01,-0.0278,0.0378,1.89,2.68(0.0536%),-0.79,-0.079,-0.24,False
2025-07-31 20:00:00,Gate,CoinEx,0.005,-0.0278,0.0328,1.64,2.68(0.0536%),-1.04,-0.104,-0.31,False
2025-07-31 20:00:00,Bitget,CoinEx,0.005,-0.0278,0.0328,1.64,2.68(0.0536%),-1.04,-0.104,-0.31,False
2025-07-31 20:00:00,BingX,CoinEx,0.005,-0.0278,0.0328,1.64,2.68(0.0536%),-1.04,-0.104,-0.31,False
2025-07-31 12:00:00,Hyperliquid,CoinEx,0.01,-0.0472,0.0572,2.86,2.68(0.0536%),0.18,0.018,0.05,False
2025-07-31 12:00:00,Gate,CoinEx,0.005,-0.0472,0.0522,2.61,2.68(0.0536%),-0.07,-0.007,-0.02,False
2025-07-31 12:00:00,BingX,CoinEx,0.005,-0.0472,0.0522,2.61,2.68(0.0536%),-0.07,-0.007,-0.02,False
2025-07-31 12:00:00,Bitget,CoinEx,0.005,-0.0472,0.0522,2.61,2.68(0.0536%),-0.07,-0.007,-0.02,False
2025-07-31 12:00:00,Bybit,CoinEx,0.0025,-0.0472,0.0497,2.49,2.68(0.0536%),-0.19,-0.0195,-0.06,False
2025-07-31 04:00:00,Hyperliquid,KuCoin,0.01,-0.0377,0.0477,2.38,2.68(0.0536%),-0.3,-0.0295,-0.09,False
2025-07-31 04:00:00,MEXC,KuCoin,0.005,-0.0377,0.0427,2.13,2.68(0.0536%),-0.55,-0.0545,-0.16,False
2025-07-31 04:00:00,Binance,KuCoin,0.005,-0.0377,0.0427,2.13,2.68(0.0536%),-0.55,-0.0545,-0.16,False
2025-07-31 04:00:00,BingX,KuCoin,0.005,-0.0377,0.0427,2.13,2.68(0.0536%),-0.55,-0.0545,-0.16,False
2025-07-31 04:00:00,Bitget,KuCoin,0.005,-0.0377,0.0427,2.13,2.68(0.0536%),-0.55,-0.0545,-0.16,False
2025-07-30 20:00:00,Binance,KuCoin,0.005,-0.0459,0.0509,2.54,2.68(0.0536%),-0.14,-0.0135,-0.04,False
2025-07-30 20:00:00,Bitunix,KuCoin,0.005,-0.0459,0.0509,2.54,2.68(0.0536%),-0.14,-0.0135,-0.04,False
2025-07-30 20:00:00,BingX,KuCoin,0.005,-0.0459,0.0509,2.54,2.68(0.0536%),-0.14,-0.0135,-0.04,False
2025-07-30 20:00:00,Bitget,KuCoin,0.005,-0.0459,0.0509,2.54,2.68(0.0536%),-0.14,-0.0135,-0.04,False
2025-07-30 20:00:00,MEXC,KuCoin,0.005,-0.0459,0.0509,2.54,2.68(0.0536%),-0.14,-0.0135,-0.04,False
2025-07-30 12:00:00,Hyperliquid,CoinEx,0.01,-0.0291,0.0391,1.96,2.68(0.0536%),-0.73,-0.0725,-0.22,False
2025-07-30 12:00:00,Gate,CoinEx,0.005,-0.0291,0.0341,1.71,2.68(0.0536%),-0.98,-0.0975,-0.29,False
2025-07-30 12:00:00,BingX,CoinEx,0.005,-0.0291,0.0341,1.71,2.68(0.0536%),-0.98,-0.0975,-0.29,False
2025-07-30 12:00:00,Bitget,CoinEx,0.005,-0.0291,0.0341,1.71,2.68(0.0536%),-0.98,-0.0975,-0.29,False
2025-07-30 12:00:00,KuCoin,CoinEx,0.0028,-0.0291,0.0319,1.59,2.68(0.0536%),-1.09,-0.1085,-0.33,False
2025-07-29 20:00:00,OKX,CoinEx,0.005,-0.0423,0.0473,2.36,2.68(0.0536%),-0.32,-0.0315,-0.09,False
2025-07-29 20:00:00,BingX,CoinEx,0.005,-0.0423,0.0473,2.36,2.68(0.0536%),-0.32,-0.0315,-0.09,False
2025-07-29 20:00:00,Gate,CoinEx,0.005,-0.0423,0.0473,2.36,2.68(0.0536%),-0.32,-0.0315,-0.09,False
2025-07-29 20:00:00,OKX,Hyperliquid,0.005,-0.0356,0.0406,2.03,2.68(0.0536%),-0.65,-0.065,-0.2,False
2025-07-29 20:00:00,Gate,Hyperliquid,0.005,-0.0356,0.0406,2.03,2.68(0.0536%),-0.65,-0.065,-0.2,False
2025-07-29 12:00:00,Binance,CoinEx,0.005,-0.0462,0.0512,2.56,2.68(0.0536%),-0.12,-0.012,-0.04,False
2025-07-29 12:00:00,OKX,CoinEx,0.005,-0.0462,0.0512,2.56,2.68(0.0536%),-0.12,-0.012,-0.04,False
2025-07-29 12:00:00,MEXC,CoinEx,0.005,-0.0462,0.0512,2.56,2.68(0.0536%),-0.12,-0.012,-0.04,False
2025-07-29 12:00:00,BingX,CoinEx,0.005,-0.0462,0.0512,2.56,2.68(0.0536%),-0.12,-0.012,-0.04,False
2025-07-29 12:00:00,Bitunix,CoinEx,0.005,-0.0462,0.0512,2.56,2.68(0.0536%),-0.12,-0.012,-0.04,False
2025-07-29 04:00:00,BingX,KuCoin,0.005,-0.0487,0.0537,2.68,2.68(0.0536%),0.0,0.0005,0.0,False
2025-07-29 04:00:00,Bitget,KuCoin,0.005,-0.0487,0.0537,2.68,2.68(0.0536%),0.0,0.0005,0.0,False
2025-07-29 04:00:00,OKX,KuCoin,0.005,-0.0487,0.0537,2.68,2.68(0.0536%),0.0,0.0005,0.0,False
2025-07-29 04:00:00,Bybit,KuCoin,0.0025,-0.0487,0.0512,2.56,2.68(0.0536%),-0.12,-0.012,-0.04,False
2025-07-29 04:00:00,Bitget,CoinEx,0.005,-0.0433,0.0483,2.42,2.68(0.0536%),-0.27,-0.0265,-0.08,False
2025-07-28 20:00:00,Hyperliquid,CoinEx,0.01,-0.0544,0.0644,3.22,2.68(0.0536%),0.54,0.054,0.16,False
2025-07-28 20:00:00,Bitget,CoinEx,0.005,-0.0544,0.0594,2.97,2.68(0.0536%),0.29,0.029,0.09,False
2025-07-28 20:00:00,BingX,CoinEx,0.005,-0.0544,0.0594,2.97,2.68(0.0536%),0.29,0.029,0.09,False
2025-07-28 20:00:00,Bybit,CoinEx,0.0025,-0.0544,0.0569,2.84,2.68(0.0536%),0.16,0.0165,0.05,False
2025-07-28 20:00:00,Gate,CoinEx,0.0007,-0.0544,0.0551,2.75,2.68(0.0536%),0.07,0.0075,0.02,False
2025-07-28 12:00:00,KuCoin,CoinEx,0.0119,-0.0263,0.0382,1.91,2.68(0.0536%),-0.77,-0.077,-0.23,False
2025-07-28 12:00:00,Hyperliquid,CoinEx,0.01,-0.0263,0.0363,1.81,2.68(0.0536%),-0.87,-0.0865,-0.26,False
2025-07-28 12:00:00,OKX,CoinEx,0.005,-0.0263,0.0313,1.57,2.68(0.0536%),-1.11,-0.1115,-0.33,False
2025-07-28 12:00:00,Bitget,CoinEx,0.005,-0.0263,0.0313,1.57,2.68(0.0536%),-1.11,-0.1115,-0.33,False
2025-07-28 12:00:00,Gate,CoinEx,0.005,-0.0263,0.0313,1.57,2.68(0.0536%),-1.11,-0.1115,-0.33,False
2025-07-28 04:00:00,Hyperliquid,CoinEx,0.01,-0.033,0.043,2.15,2.68(0.0536%),-0.53,-0.053,-0.16,False
2025-07-28 04:00:00,OKX,CoinEx,0.005,-0.033,0.038,1.9,2.68(0.0536%),-0.78,-0.078,-0.23,False
2025-07-28 04:00:00,Binance,CoinEx,0.005,-0.033,0.038,1.9,2.68(0.0536%),-0.78,-0.078,-0.23,False
2025-07-28 04:00:00,MEXC,CoinEx,0.005,-0.033,0.038,1.9,2.68(0.0536%),-0.78,-0.078,-0.23,False
2025-07-28 04:00:00,BingX,CoinEx,0.005,-0.033,0.038,1.9,2.68(0.0536%),-0.78,-0.078,-0.23,False
2025-07-27 20:00:00,Hyperliquid,CoinEx,0.01,-0.0128,0.0228,1.14,2.68(0.0536%),-1.54,-0.154,-0.46,False
2025-07-27 12:00:00,Hyperliquid,CoinEx,0.01,-0.0343,0.0443,2.21,2.68(0.0536%),-0.47,-0.0465,-0.14,False
2025-07-27 12:00:00,OKX,CoinEx,0.005,-0.0343,0.0393,1.96,2.68(0.0536%),-0.72,-0.0715,-0.21,False
2025-07-27 12:00:00,Binance,CoinEx,0.005,-0.0343,0.0393,1.96,2.68(0.0536%),-0.72,-0.0715,-0.21,False
2025-07-27 12:00:00,MEXC,CoinEx,0.005,-0.0343,0.0393,1.96,2.68(0.0536%),-0.72,-0.0715,-0.21,False
2025-07-27 12:00:00,BingX,CoinEx,0.005,-0.0343,0.0393,1.96,2.68(0.0536%),-0.72,-0.0715,-0.21,False
2025-07-27 04:00:00,Hyperliquid,KuCoin,0.01,-0.0529,0.0629,3.15,2.68(0.0536%),0.46,0.0465,0.14,False
2025-07-27 04:00:00,MEXC,KuCoin,0.005,-0.0529,0.0579,2.9,2.68(0.0536%),0.21,0.0215,0.06,False
2025-07-27 04:00:00,Binance,KuCoin,0.005,-0.0529,0.0579,2.9,2.68(0.0536%),0.21,0.0215,0.06,False
2025-07-27 04:00:00,BingX,KuCoin,0.005,-0.0529,0.0579,2.9,2.68(0.0536%),0.21,0.0215,0.06,False
2025-07-27 04:00:00,Bitget,KuCoin,0.005,-0.0529,0.0579,2.9,2.68(0.0536%),0.21,0.0215,0.06,False
2025-07-26 20:00:00,Hyperliquid,KuCoin,0.01,-0.0423,0.0523,2.62,2.68(0.0536%),-0.06,-0.0065,-0.02,False
2025-07-26 20:00:00,BingX,KuCoin,0.005,-0.0423,0.0473,2.36,2.68(0.0536%),-0.32,-0.0315,-0.09,False
2025-07-26 20:00:00,MEXC,KuCoin,0.005,-0.0423,0.0473,2.36,2.68(0.0536%),-0.32,-0.0315,-0.09,False
2025-07-26 20:00:00,Gate,KuCoin,0.005,-0.0423,0.0473,2.36,2.68(0.0536%),-0.32,-0.0315,-0.09,False
2025-07-26 20:00:00,Bitget,KuCoin,0.005,-0.0423,0.0473,2.36,2.68(0.0536%),-0.32,-0.0315,-0.09,False
2025-07-26 12:00:00,Hyperliquid,KuCoin,0.01,-0.0355,0.0455,2.27,2.68(0.0536%),-0.41,-0.0405,-0.12,False
2025-07-26 12:00:00,BingX,KuCoin,0.005,-0.0355,0.0405,2.02,2.68(0.0536%),-0.66,-0.0655,-0.2,False
2025-07-26 12:00:00,Binance,KuCoin,0.005,-0.0355,0.0405,2.02,2.68(0.0536%),-0.66,-0.0655,-0.2,False
2025-07-26 12:00:00,Gate,KuCoin,0.005,-0.0355,0.0405,2.02,2.68(0.0536%),-0.66,-0.0655,-0.2,False
2025-07-26 12:00:00,Bitget,KuCoin,0.005,-0.0355,0.0405,2.02,2.68(0.0536%),-0.66,-0.0655,-0.2,False
2025-07-26 04:00:00,Hyperliquid,CoinEx,0.01,-0.0302,0.0402,2.01,2.68(0.0536%),-0.67,-0.067,-0.2,False
2025-07-26 04:00:00,OKX,CoinEx,0.005,-0.0302,0.0352,1.76,2.68(0.0536%),-0.92,-0.092,-0.28,False
2025-07-26 04:00:00,Binance,CoinEx,0.005,-0.0302,0.0352,1.76,2.68(0.0536%),-0.92,-0.092,-0.28,False
2025-07-26 04:00:00,MEXC,CoinEx,0.005,-0.0302,0.0352,1.76,2.68(0.0536%),-0.92,-0.092,-0.28,False
2025-07-26 04:00:00,BingX,CoinEx,0.005,-0.0302,0.0352,1.76,2.68(0.0536%),-0.92,-0.092,-0.28,False
2025-07-25 20:00:00,Hyperliquid,CoinEx,0.01,-0.0318,0.0418,2.09,2.68(0.0536%),-0.59,-0.059,-0.18,False
2025-07-25 20:00:00,Hyperliquid,KuCoin,0.01,-0.0283,0.0383,1.92,2.68(0.0536%),-0.77,-0.0765,-0.23,False
2025-07-25 20:00:00,Binance,CoinEx,0.005,-0.0318,0.0368,1.84,2.68(0.0536%),-0.84,-0.084,-0.25,False
2025-07-25 20:00:00,MEXC,CoinEx,0.005,-0.0318,0.0368,1.84,2.68(0.0536%),-0.84,-0.084,-0.25,False
2025-07-25 20:00:00,Bitget,CoinEx,0.005,-0.0318,0.0368,1.84,2.68(0.0536%),-0.84,-0.084,-0.25,False
2025-07-25 12:00:00,Hyperliquid,CoinEx,0.01,-0.0321,0.0421,2.1,2.68(0.0536%),-0.58,-0.0575,-0.17,False
2025-07-25 12:00:00,Gate,CoinEx,0.005,-0.0321,0.0371,1.85,2.68(0.0536%),-0.83,-0.0825,-0.25,False
2025-07-25 12:00:00,OKX,CoinEx,0.005,-0.0321,0.0371,1.85,2.68(0.0536%),-0.83,-0.0825,-0.25,False
2025-07-25 12:00:00,Bitget,CoinEx,0.005,-0.0321,0.0371,1.85,2.68(0.0536%),-0.83,-0.0825,-0.25,False
2025-07-25 12:00:00,BingX,CoinEx,0.005,-0.0321,0.0371,1.85,2.68(0.0536%),-0.83,-0.0825,-0.25,False
2025-07-25 04:00:00,OKX,CoinEx,0.005,-0.0317,0.0367,1.83,2.68(0.0536%),-0.85,-0.0845,-0.25,False
2025-07-25 04:00:00,Bitget,CoinEx,0.005,-0.0317,0.0367,1.83,2.68(0.0536%),-0.85,-0.0845,-0.25,False
2025-07-25 04:00:00,Gate,CoinEx,0.005,-0.0317,0.0367,1.83,2.68(0.0536%),-0.85,-0.0845,-0.25,False
2025-07-25 04:00:00,BingX,CoinEx,0.005,-0.0317,0.0367,1.83,2.68(0.0536%),-0.85,-0.0845,-0.25,False
2025-07-25 04:00:00,Hyperliquid,CoinEx,0.0039,-0.0317,0.0356,1.78,2.68(0.0536%),-0.9,-0.09,-0.27,False
2025-07-24 20:00:00,Hyperliquid,KuCoin,0.01,-0.0388,0.0488,2.44,2.68(0.0536%),-0.24,-0.024,-0.07,False
2025-07-24 20:00:00,OKX,KuCoin,0.005,-0.0388,0.0438,2.19,2.68(0.0536%),-0.49,-0.049,-0.15,False
2025-07-24 20:00:00,Bitget,KuCoin,0.005,-0.0388,0.0438,2.19,2.68(0.0536%),-0.49,-0.049,-0.15,False
2025-07-24 20:00:00,BingX,KuCoin,0.005,-0.0388,0.0438,2.19,2.68(0.0536%),-0.49,-0.049,-0.15,False
2025-07-24 20:00:00,Hyperliquid,CoinEx,0.01,-0.032,0.042,2.1,2.68(0.0536%),-0.58,-0.058,-0.17,False
2025-07-24 12:00:00,CoinEx,KuCoin,0.0314,-0.055,0.0864,4.32,2.68(0.0536%),1.64,0.164,0.49,False
2025-07-24 12:00:00,OKX,KuCoin,0.005,-0.055,0.06,3.0,2.68(0.0536%),0.32,0.032,0.1,False
2025-07-24 12:00:00,Bitget,KuCoin,0.005,-0.055,0.06,3.0,2.68(0.0536%),0.32,0.032,0.1,False
2025-07-24 12:00:00,Gate,KuCoin,0.005,-0.055,0.06,3.0,2.68(0.0536%),0.32,0.032,0.1,False
2025-07-24 12:00:00,BingX,KuCoin,0.005,-0.055,0.06,3.0,2.68(0.0536%),0.32,0.032,0.1,False
2025-07-24 04:00:00,BingX,KuCoin,0.005,-0.0701,0.0751,3.76,2.68(0.0536%),1.08,0.1075,0.32,False
2025-07-24 04:00:00,Bitget,KuCoin,0.005,-0.0701,0.0751,3.76,2.68(0.0536%),1.08,0.1075,0.32,False
2025-07-24 04:00:00,OKX,KuCoin,0.005,-0.0701,0.0751,3.76,2.68(0.0536%),1.08,0.1075,0.32,False
2025-07-24 04:00:00,Bybit,KuCoin,0.0025,-0.0701,0.0726,3.63,2.68(0.0536%),0.95,0.095,0.28,False
2025-07-24 04:00:00,Gate,KuCoin,-0.0036,-0.0701,0.0665,3.32,2.68(0.0536%),0.64,0.0645,0.19,False
2025-07-23 20:00:00,BingX,KuCoin,0.005,-0.1042,0.1092,5.46,2.68(0.0536%),2.78,0.278,0.83,False
2025-07-23 20:00:00,Bitget,KuCoin,0.005,-0.1042,0.1092,5.46,2.68(0.0536%),2.78,0.278,0.83,False
2025-07-23 20:00:00,Bybit,KuCoin,0.0025,-0.1042,0.1067,5.33,2.68(0.0536%),2.65,0.2655,0.8,False
2025-07-23 20:00:00,OKX,KuCoin,-0.0056,-0.1042,0.0986,4.93,2.68(0.0536%),2.25,0.225,0.68,False
2025-07-23 20:00:00,Hyperliquid,KuCoin,-0.0264,-0.1042,0.0778,3.89,2.68(0.0536%),1.21,0.121,0.36,False
2025-07-23 12:00:00,BingX,KuCoin,0.005,-0.23,0.235,11.75,2.68(0.0536%),9.07,0.907,2.72,False
2025-07-23 12:00:00,Bitget,KuCoin,0.005,-0.23,0.235,11.75,2.68(0.0536%),9.07,0.907,2.72,False
2025-07-23 12:00:00,OKX,KuCoin,0.0038,-0.23,0.2338,11.69,2.68(0.0536%),9.01,0.901,2.7,False
2025-07-23 12:00:00,Gate,KuCoin,0.0022,-0.23,0.2322,11.61,2.68(0.0536%),8.93,0.893,2.68,False
2025-07-23 12:00:00,Hyperliquid,KuCoin,-0.0038,-0.23,0.2262,11.31,2.68(0.0536%),8.63,0.863,2.59,False
2025-07-22 12:00:00,KuCoin,CoinEx,0.0329,0.0,0.0329,1.64,2.68(0.0536%),-1.04,-0.1035,-0.31,False
2025-07-22 12:00:00,KuCoin,Bybit,0.0329,0.0025,0.0304,1.52,2.68(0.0536%),-1.16,-0.116,-0.35,False
2025-07-22 12:00:00,KuCoin,Binance,0.0329,0.005,0.0279,1.39,2.68(0.0536%),-1.29,-0.1285,-0.39,False
2025-07-22 12:00:00,KuCoin,Gate,0.0329,0.005,0.0279,1.39,2.68(0.0536%),-1.29,-0.1285,-0.39,False
2025-07-22 12:00:00,KuCoin,Bitget,0.0329,0.005,0.0279,1.39,2.68(0.0536%),-1.29,-0.1285,-0.39,False
2025-07-22 04:00:00,KuCoin,CoinEx,0.0434,0.0,0.0434,2.17,2.68(0.0536%),-0.51,-0.051,-0.15,False
2025-07-22 04:00:00,KuCoin,Bybit,0.0434,0.0025,0.0409,2.04,2.68(0.0536%),-0.64,-0.0635,-0.19,False
2025-07-22 04:00:00,KuCoin,Binance,0.0434,0.005,0.0384,1.92,2.68(0.0536%),-0.76,-0.076,-0.23,False
2025-07-22 04:00:00,KuCoin,Gate,0.0434,0.005,0.0384,1.92,2.68(0.0536%),-0.76,-0.076,-0.23,False
2025-07-22 04:00:00,KuCoin,Bitget,0.0434,0.005,0.0384,1.92,2.68(0.0536%),-0.76,-0.076,-0.23,False
2025-07-21 12:00:00,KuCoin,CoinEx,0.0281,0.0,0.0281,1.41,2.68(0.0536%),-1.28,-0.1275,-0.38,False
2025-07-21 12:00:00,KuCoin,Bybit,0.0281,0.0025,0.0256,1.28,2.68(0.0536%),-1.4,-0.14,-0.42,False
2025-07-21 12:00:00,KuCoin,Binance,0.0281,0.005,0.0231,1.15,2.68(0.0536%),-1.53,-0.1525,-0.46,False
2025-07-21 12:00:00,KuCoin,Gate,0.0281,0.005,0.0231,1.15,2.68(0.0536%),-1.53,-0.1525,-0.46,False
2025-07-21 12:00:00,KuCoin,Bitget,0.0281,0.005,0.0231,1.15,2.68(0.0536%),-1.53,-0.1525,-0.46,False
2025-07-20 20:00:00,Hyperliquid,KuCoin,0.01,-0.0265,0.0365,1.82,2.68(0.0536%),-0.86,-0.0855,-0.26,False
2025-07-20 20:00:00,BingX,KuCoin,0.005,-0.0265,0.0315,1.57,2.68(0.0536%),-1.11,-0.1105,-0.33,False
2025-07-20 20:00:00,Binance,KuCoin,0.005,-0.0265,0.0315,1.57,2.68(0.0536%),-1.11,-0.1105,-0.33,False
2025-07-20 20:00:00,Gate,KuCoin,0.005,-0.0265,0.0315,1.57,2.68(0.0536%),-1.11,-0.1105,-0.33,False
2025-07-20 20:00:00,Bitget,KuCoin,0.005,-0.0265,0.0315,1.57,2.68(0.0536%),-1.11,-0.1105,-0.33,False
2025-07-20 04:00:00,OKX,CoinEx,0.005,-0.0918,0.0968,4.84,2.68(0.0536%),2.16,0.216,0.65,False
2025-07-20 04:00:00,Bitget,CoinEx,0.005,-0.0918,0.0968,4.84,2.68(0.0536%),2.16,0.216,0.65,False
2025-07-20 04:00:00,Gate,CoinEx,0.005,-0.0918,0.0968,4.84,2.68(0.0536%),2.16,0.216,0.65,False
2025-07-20 04:00:00,BingX,CoinEx,0.005,-0.0918,0.0968,4.84,2.68(0.0536%),2.16,0.216,0.65,False
2025-07-20 04:00:00,Bybit,CoinEx,0.0025,-0.0918,0.0943,4.71,2.68(0.0536%),2.03,0.2035,0.61,False
2025-07-19 12:00:00,KuCoin,CoinEx,0.0257,0.0,0.0257,1.29,2.68(0.0536%),-1.4,-0.1395,-0.42,False
2025-07-19 12:00:00,KuCoin,Bybit,0.0257,0.0025,0.0232,1.16,2.68(0.0536%),-1.52,-0.152,-0.46,False
2025-07-19 12:00:00,KuCoin,Binance,0.0257,0.005,0.0207,1.03,2.68(0.0536%),-1.65,-0.1645,-0.49,False
2025-07-19 12:00:00,KuCoin,Gate,0.0257,0.005,0.0207,1.03,2.68(0.0536%),-1.65,-0.1645,-0.49,False
2025-07-19 12:00:00,KuCoin,Bitget,0.0257,0.005,0.0207,1.03,2.68(0.0536%),-1.65,-0.1645,-0.49,False
