Time,Short@,Long@,Short(%),Long(%),AbsSpread(%),GrossPnL,BorrowCost(0.0076%/h),NetPnL,ROI(%),ROI_day(%),BelowMin
2025-08-21 05:37:00,Crypto.com,Bybit,0.0652,-0.033,0.0982,4.91,3.04(0.0608%),1.87,0.187,0.56,False
2025-08-21 05:37:00,Crypto.com,Bitunix,0.0652,-0.0283,0.0935,4.67,3.04(0.0608%),1.63,0.1635,0.49,False
2025-08-21 05:37:00,Crypto.com,Binance,0.0652,-0.0278,0.093,4.65,3.04(0.0608%),1.61,0.161,0.48,False
2025-08-21 05:37:00,Crypto.com,MEXC,0.0652,-0.0275,0.0927,4.63,3.04(0.0608%),1.59,0.1595,0.48,False
2025-08-21 05:37:00,Crypto.com,KuCoin,0.0652,-0.0173,0.0825,4.12,3.04(0.0608%),1.08,0.1085,0.33,False
2025-08-21 04:00:00,KuCoin,MEXC,0.0061,-0.0207,0.0268,1.34,3.04(0.0608%),-1.7,-0.17,-0.51,False
2025-08-21 04:00:00,KuCoin,Bitunix,0.0061,-0.0205,0.0266,1.33,3.04(0.0608%),-1.71,-0.171,-0.51,False
2025-08-21 04:00:00,KuCoin,Binance,0.0061,-0.0203,0.0264,1.32,3.04(0.0608%),-1.72,-0.172,-0.52,False
2025-08-21 04:00:00,Bitget,MEXC,0.005,-0.0207,0.0257,1.29,3.04(0.0608%),-1.75,-0.1755,-0.53,False
2025-08-21 04:00:00,HTX,MEXC,0.005,-0.0207,0.0257,1.29,3.04(0.0608%),-1.75,-0.1755,-0.53,False
2025-08-20 20:00:00,Crypto.com,Binance,0.0323,-0.0057,0.038,1.9,3.04(0.0608%),-1.14,-0.114,-0.34,False
2025-08-20 20:00:00,Crypto.com,Bitunix,0.0323,-0.0052,0.0375,1.88,3.04(0.0608%),-1.16,-0.1165,-0.35,False
2025-08-20 20:00:00,Crypto.com,MEXC,0.0323,-0.0052,0.0375,1.88,3.04(0.0608%),-1.16,-0.1165,-0.35,False
2025-08-20 20:00:00,Crypto.com,OKX,0.0323,-0.0017,0.034,1.7,3.04(0.0608%),-1.34,-0.134,-0.4,False
2025-08-20 20:00:00,Crypto.com,HTX,0.0323,0.005,0.0273,1.37,3.04(0.0608%),-1.67,-0.1675,-0.5,False
2025-08-20 12:00:00,Bybit,Crypto.com,0.005,-0.0397,0.0447,2.23,3.04(0.0608%),-0.81,-0.0805,-0.24,False
2025-08-20 12:00:00,Bitget,Crypto.com,0.005,-0.0397,0.0447,2.23,3.04(0.0608%),-0.81,-0.0805,-0.24,False
2025-08-20 12:00:00,HTX,Crypto.com,0.005,-0.0397,0.0447,2.23,3.04(0.0608%),-0.81,-0.0805,-0.24,False
2025-08-20 12:00:00,BingX,Crypto.com,0.005,-0.0397,0.0447,2.23,3.04(0.0608%),-0.81,-0.0805,-0.24,False
2025-08-20 12:00:00,OKX,Crypto.com,0.0048,-0.0397,0.0445,2.23,3.04(0.0608%),-0.81,-0.0815,-0.24,False
2025-08-20 04:00:00,Crypto.com,KuCoin,0.0642,-0.0127,0.0769,3.84,3.04(0.0608%),0.8,0.0805,0.24,False
2025-08-20 04:00:00,Crypto.com,Bitunix,0.0642,0.0049,0.0593,2.96,3.04(0.0608%),-0.08,-0.0075,-0.02,False
2025-08-20 04:00:00,Crypto.com,Binance,0.0642,0.005,0.0592,2.96,3.04(0.0608%),-0.08,-0.008,-0.02,False
2025-08-20 04:00:00,Crypto.com,HTX,0.0642,0.005,0.0592,2.96,3.04(0.0608%),-0.08,-0.008,-0.02,False
2025-08-20 04:00:00,Crypto.com,OKX,0.0642,0.005,0.0592,2.96,3.04(0.0608%),-0.08,-0.008,-0.02,False
2025-08-19 20:00:00,Crypto.com,Bitunix,0.0478,0.0049,0.0429,2.15,3.04(0.0608%),-0.9,-0.0895,-0.27,False
2025-08-19 20:00:00,Crypto.com,Bybit,0.0478,0.005,0.0428,2.14,3.04(0.0608%),-0.9,-0.09,-0.27,False
2025-08-19 20:00:00,Crypto.com,Binance,0.0478,0.005,0.0428,2.14,3.04(0.0608%),-0.9,-0.09,-0.27,False
2025-08-19 20:00:00,Crypto.com,HTX,0.0478,0.005,0.0428,2.14,3.04(0.0608%),-0.9,-0.09,-0.27,False
2025-08-19 20:00:00,Crypto.com,Gate,0.0478,0.005,0.0428,2.14,3.04(0.0608%),-0.9,-0.09,-0.27,False
2025-08-19 12:00:00,Crypto.com,Bitunix,0.0515,0.0049,0.0466,2.33,3.04(0.0608%),-0.71,-0.071,-0.21,False
2025-08-19 12:00:00,Crypto.com,Bybit,0.0515,0.005,0.0465,2.32,3.04(0.0608%),-0.72,-0.0715,-0.21,False
2025-08-19 12:00:00,Crypto.com,Binance,0.0515,0.005,0.0465,2.32,3.04(0.0608%),-0.72,-0.0715,-0.21,False
2025-08-19 12:00:00,Crypto.com,HTX,0.0515,0.005,0.0465,2.32,3.04(0.0608%),-0.72,-0.0715,-0.21,False
2025-08-19 12:00:00,Crypto.com,Gate,0.0515,0.005,0.0465,2.32,3.04(0.0608%),-0.72,-0.0715,-0.21,False
2025-08-18 20:00:00,Crypto.com,Bitunix,0.0381,0.0049,0.0332,1.66,3.04(0.0608%),-1.38,-0.138,-0.41,False
2025-08-18 20:00:00,Crypto.com,Bybit,0.0381,0.005,0.0331,1.66,3.04(0.0608%),-1.39,-0.1385,-0.42,False
2025-08-18 20:00:00,Crypto.com,Binance,0.0381,0.005,0.0331,1.66,3.04(0.0608%),-1.39,-0.1385,-0.42,False
2025-08-18 20:00:00,Crypto.com,HTX,0.0381,0.005,0.0331,1.66,3.04(0.0608%),-1.39,-0.1385,-0.42,False
2025-08-18 20:00:00,Crypto.com,Gate,0.0381,0.005,0.0331,1.66,3.04(0.0608%),-1.39,-0.1385,-0.42,False
2025-08-18 12:00:00,Crypto.com,HTX,0.067,-0.0101,0.0771,3.85,3.04(0.0608%),0.81,0.0815,0.24,False
2025-08-18 12:00:00,Crypto.com,Bitunix,0.067,0.0049,0.0621,3.1,3.04(0.0608%),0.06,0.0065,0.02,False
2025-08-18 12:00:00,Crypto.com,Binance,0.067,0.005,0.062,3.1,3.04(0.0608%),0.06,0.006,0.02,False
2025-08-18 12:00:00,Crypto.com,OKX,0.067,0.005,0.062,3.1,3.04(0.0608%),0.06,0.006,0.02,False
2025-08-18 12:00:00,Crypto.com,Gate,0.067,0.005,0.062,3.1,3.04(0.0608%),0.06,0.006,0.02,False
2025-08-18 04:00:00,Crypto.com,Bitunix,0.0568,0.0042,0.0526,2.63,3.04(0.0608%),-0.41,-0.041,-0.12,False
2025-08-18 04:00:00,Crypto.com,MEXC,0.0568,0.0044,0.0524,2.62,3.04(0.0608%),-0.42,-0.042,-0.13,False
2025-08-18 04:00:00,Crypto.com,Binance,0.0568,0.0045,0.0523,2.62,3.04(0.0608%),-0.42,-0.0425,-0.13,False
2025-08-18 04:00:00,Crypto.com,HTX,0.0568,0.005,0.0518,2.59,3.04(0.0608%),-0.45,-0.045,-0.14,False
2025-08-18 04:00:00,Crypto.com,OKX,0.0568,0.005,0.0518,2.59,3.04(0.0608%),-0.45,-0.045,-0.14,False
2025-08-17 20:00:00,Crypto.com,MEXC,0.0449,-0.037,0.0819,4.09,3.04(0.0608%),1.05,0.1055,0.32,False
2025-08-17 20:00:00,Crypto.com,Binance,0.0449,-0.0369,0.0818,4.09,3.04(0.0608%),1.05,0.105,0.32,False
2025-08-17 20:00:00,Crypto.com,Bitunix,0.0449,-0.0366,0.0815,4.08,3.04(0.0608%),1.04,0.1035,0.31,False
2025-08-17 20:00:00,Crypto.com,KuCoin,0.0449,-0.0316,0.0765,3.83,3.04(0.0608%),0.79,0.0785,0.24,False
2025-08-17 20:00:00,Crypto.com,OKX,0.0449,-0.0293,0.0742,3.71,3.04(0.0608%),0.67,0.067,0.2,False
2025-08-17 12:00:00,Crypto.com,MEXC,0.0728,-0.0226,0.0954,4.77,3.04(0.0608%),1.73,0.173,0.52,False
2025-08-17 12:00:00,Crypto.com,Bitunix,0.0728,-0.0224,0.0952,4.76,3.04(0.0608%),1.72,0.172,0.52,False
2025-08-17 12:00:00,Crypto.com,Binance,0.0728,-0.0213,0.0941,4.71,3.04(0.0608%),1.67,0.1665,0.5,False
2025-08-17 12:00:00,Crypto.com,Gate,0.0728,-0.0146,0.0874,4.37,3.04(0.0608%),1.33,0.133,0.4,False
2025-08-17 12:00:00,Crypto.com,KuCoin,0.0728,-0.0136,0.0864,4.32,3.04(0.0608%),1.28,0.128,0.38,False
2025-08-17 04:00:00,Crypto.com,Binance,0.0764,-0.0115,0.0879,4.39,3.04(0.0608%),1.35,0.1355,0.41,False
2025-08-17 04:00:00,Crypto.com,MEXC,0.0764,-0.0114,0.0878,4.39,3.04(0.0608%),1.35,0.135,0.4,False
2025-08-17 04:00:00,Crypto.com,Bitunix,0.0764,-0.0108,0.0872,4.36,3.04(0.0608%),1.32,0.132,0.4,False
2025-08-17 04:00:00,Crypto.com,Bybit,0.0764,0.0019,0.0745,3.73,3.04(0.0608%),0.69,0.0685,0.21,False
2025-08-17 04:00:00,Crypto.com,Gate,0.0764,0.0049,0.0715,3.57,3.04(0.0608%),0.53,0.0535,0.16,False
2025-08-16 20:00:00,Crypto.com,KuCoin,0.0876,0.0008,0.0868,4.34,3.04(0.0608%),1.3,0.13,0.39,False
2025-08-16 20:00:00,Crypto.com,Bitunix,0.0876,0.0049,0.0827,4.13,3.04(0.0608%),1.09,0.1095,0.33,False
2025-08-16 20:00:00,Crypto.com,Binance,0.0876,0.005,0.0826,4.13,3.04(0.0608%),1.09,0.109,0.33,False
2025-08-16 20:00:00,Crypto.com,HTX,0.0876,0.005,0.0826,4.13,3.04(0.0608%),1.09,0.109,0.33,False
2025-08-16 20:00:00,Crypto.com,OKX,0.0876,0.005,0.0826,4.13,3.04(0.0608%),1.09,0.109,0.33,False
2025-08-16 12:00:00,Crypto.com,Binance,0.0554,-0.0003,0.0557,2.79,3.04(0.0608%),-0.25,-0.0255,-0.08,False
2025-08-16 12:00:00,Crypto.com,Bitunix,0.0554,-0.0003,0.0557,2.79,3.04(0.0608%),-0.25,-0.0255,-0.08,False
2025-08-16 12:00:00,Crypto.com,MEXC,0.0554,0.0,0.0554,2.77,3.04(0.0608%),-0.27,-0.027,-0.08,False
2025-08-16 12:00:00,Crypto.com,HTX,0.0554,0.005,0.0504,2.52,3.04(0.0608%),-0.52,-0.052,-0.16,False
2025-08-16 12:00:00,Crypto.com,OKX,0.0554,0.005,0.0504,2.52,3.04(0.0608%),-0.52,-0.052,-0.16,False
2025-08-16 04:00:00,Crypto.com,KuCoin,0.0792,-0.0174,0.0966,4.83,3.04(0.0608%),1.79,0.179,0.54,False
2025-08-16 04:00:00,Crypto.com,Gate,0.0792,-0.0073,0.0865,4.33,3.04(0.0608%),1.29,0.1285,0.39,False
2025-08-16 04:00:00,Crypto.com,MEXC,0.0792,0.0041,0.0751,3.76,3.04(0.0608%),0.72,0.0715,0.21,False
2025-08-16 04:00:00,Crypto.com,Bitunix,0.0792,0.0041,0.0751,3.76,3.04(0.0608%),0.72,0.0715,0.21,False
2025-08-16 04:00:00,Crypto.com,Binance,0.0792,0.0046,0.0746,3.73,3.04(0.0608%),0.69,0.069,0.21,False
2025-08-15 20:00:00,Crypto.com,KuCoin,0.0504,-0.0087,0.0591,2.95,3.04(0.0608%),-0.09,-0.0085,-0.03,False
2025-08-15 20:00:00,Crypto.com,Bitunix,0.0504,0.0038,0.0466,2.33,3.04(0.0608%),-0.71,-0.071,-0.21,False
2025-08-15 20:00:00,Crypto.com,Binance,0.0504,0.0039,0.0465,2.32,3.04(0.0608%),-0.72,-0.0715,-0.21,False
2025-08-15 20:00:00,Crypto.com,MEXC,0.0504,0.0039,0.0465,2.32,3.04(0.0608%),-0.72,-0.0715,-0.21,False
2025-08-15 20:00:00,Crypto.com,OKX,0.0504,0.005,0.0454,2.27,3.04(0.0608%),-0.77,-0.077,-0.23,False
2025-08-15 12:00:00,Crypto.com,KuCoin,0.0416,-0.0025,0.0441,2.21,3.04(0.0608%),-0.83,-0.0835,-0.25,False
2025-08-15 12:00:00,Crypto.com,Binance,0.0416,0.0012,0.0404,2.02,3.04(0.0608%),-1.02,-0.102,-0.31,False
2025-08-15 12:00:00,Crypto.com,MEXC,0.0416,0.0014,0.0402,2.01,3.04(0.0608%),-1.03,-0.103,-0.31,False
2025-08-15 12:00:00,Crypto.com,Bitunix,0.0416,0.0014,0.0402,2.01,3.04(0.0608%),-1.03,-0.103,-0.31,False
2025-08-15 12:00:00,Crypto.com,OKX,0.0416,0.005,0.0366,1.83,3.04(0.0608%),-1.21,-0.121,-0.36,False
2025-08-15 04:00:00,Crypto.com,Bitunix,0.1233,0.0049,0.1184,5.92,3.04(0.0608%),2.88,0.288,0.86,False
2025-08-15 04:00:00,Crypto.com,Bybit,0.1233,0.005,0.1183,5.92,3.04(0.0608%),2.88,0.2875,0.86,False
2025-08-15 04:00:00,Crypto.com,Binance,0.1233,0.005,0.1183,5.92,3.04(0.0608%),2.88,0.2875,0.86,False
2025-08-15 04:00:00,Crypto.com,HTX,0.1233,0.005,0.1183,5.92,3.04(0.0608%),2.88,0.2875,0.86,False
2025-08-15 04:00:00,Crypto.com,Gate,0.1233,0.005,0.1183,5.92,3.04(0.0608%),2.88,0.2875,0.86,False
2025-08-14 20:00:00,Crypto.com,KuCoin,0.0988,0.0033,0.0955,4.78,3.04(0.0608%),1.74,0.1735,0.52,False
2025-08-14 20:00:00,Crypto.com,Bitunix,0.0988,0.0049,0.0939,4.69,3.04(0.0608%),1.65,0.1655,0.5,False
2025-08-14 20:00:00,Crypto.com,Binance,0.0988,0.005,0.0938,4.69,3.04(0.0608%),1.65,0.165,0.49,False
2025-08-14 20:00:00,Crypto.com,HTX,0.0988,0.005,0.0938,4.69,3.04(0.0608%),1.65,0.165,0.49,False
2025-08-14 20:00:00,Crypto.com,OKX,0.0988,0.005,0.0938,4.69,3.04(0.0608%),1.65,0.165,0.49,False
2025-08-14 12:00:00,Crypto.com,Bitunix,0.0962,0.0049,0.0913,4.56,3.04(0.0608%),1.52,0.1525,0.46,False
2025-08-14 12:00:00,Crypto.com,Bybit,0.0962,0.005,0.0912,4.56,3.04(0.0608%),1.52,0.152,0.46,False
2025-08-14 12:00:00,Crypto.com,Binance,0.0962,0.005,0.0912,4.56,3.04(0.0608%),1.52,0.152,0.46,False
2025-08-14 12:00:00,Crypto.com,HTX,0.0962,0.005,0.0912,4.56,3.04(0.0608%),1.52,0.152,0.46,False
2025-08-14 12:00:00,Crypto.com,Gate,0.0962,0.005,0.0912,4.56,3.04(0.0608%),1.52,0.152,0.46,False
2025-08-14 04:00:00,Crypto.com,Bitunix,0.0867,0.0049,0.0818,4.09,3.04(0.0608%),1.05,0.105,0.31,False
2025-08-14 04:00:00,Crypto.com,Bybit,0.0867,0.005,0.0817,4.08,3.04(0.0608%),1.04,0.1045,0.31,False
2025-08-14 04:00:00,Crypto.com,Binance,0.0867,0.005,0.0817,4.08,3.04(0.0608%),1.04,0.1045,0.31,False
2025-08-14 04:00:00,Crypto.com,HTX,0.0867,0.005,0.0817,4.08,3.04(0.0608%),1.04,0.1045,0.31,False
2025-08-14 04:00:00,Crypto.com,Gate,0.0867,0.005,0.0817,4.08,3.04(0.0608%),1.04,0.1045,0.31,False
2025-08-13 20:00:00,Binance,Crypto.com,0.005,-0.1591,0.1641,8.21,3.04(0.0608%),5.17,0.5165,1.55,False
2025-08-13 20:00:00,Bybit,Crypto.com,0.005,-0.1591,0.1641,8.21,3.04(0.0608%),5.17,0.5165,1.55,False
2025-08-13 20:00:00,MEXC,Crypto.com,0.005,-0.1591,0.1641,8.21,3.04(0.0608%),5.17,0.5165,1.55,False
2025-08-13 20:00:00,Bitget,Crypto.com,0.005,-0.1591,0.1641,8.21,3.04(0.0608%),5.17,0.5165,1.55,False
2025-08-13 20:00:00,BingX,Crypto.com,0.005,-0.1591,0.1641,8.21,3.04(0.0608%),5.17,0.5165,1.55,False
2025-08-13 12:00:00,Bitget,OKX,0.005,-0.0576,0.0626,3.13,3.04(0.0608%),0.09,0.009,0.03,False
2025-08-13 12:00:00,HTX,OKX,0.005,-0.0576,0.0626,3.13,3.04(0.0608%),0.09,0.009,0.03,False
2025-08-13 12:00:00,BingX,OKX,0.005,-0.0576,0.0626,3.13,3.04(0.0608%),0.09,0.009,0.03,False
2025-08-13 12:00:00,Crypto.com,OKX,0.0034,-0.0576,0.061,3.05,3.04(0.0608%),0.01,0.001,0.0,False
2025-08-13 12:00:00,BingX,Binance,0.005,-0.052,0.057,2.85,3.04(0.0608%),-0.19,-0.019,-0.06,False
2025-08-13 04:00:00,Crypto.com,Gate,0.0409,-0.0077,0.0486,2.43,3.04(0.0608%),-0.61,-0.061,-0.18,False
2025-08-13 04:00:00,Crypto.com,KuCoin,0.0409,-0.0005,0.0414,2.07,3.04(0.0608%),-0.97,-0.097,-0.29,False
2025-08-13 04:00:00,Crypto.com,Bitunix,0.0409,0.0031,0.0378,1.89,3.04(0.0608%),-1.15,-0.115,-0.34,False
2025-08-13 04:00:00,Crypto.com,MEXC,0.0409,0.0032,0.0377,1.88,3.04(0.0608%),-1.16,-0.1155,-0.35,False
2025-08-13 04:00:00,Crypto.com,Binance,0.0409,0.0035,0.0374,1.87,3.04(0.0608%),-1.17,-0.117,-0.35,False
2025-08-12 20:00:00,Crypto.com,KuCoin,0.0474,-0.0263,0.0737,3.69,3.04(0.0608%),0.65,0.0645,0.19,False
2025-08-12 20:00:00,Crypto.com,OKX,0.0474,-0.0172,0.0646,3.23,3.04(0.0608%),0.19,0.019,0.06,False
2025-08-12 20:00:00,Crypto.com,Gate,0.0474,-0.0148,0.0622,3.11,3.04(0.0608%),0.07,0.007,0.02,False
2025-08-12 20:00:00,Crypto.com,Binance,0.0474,-0.0119,0.0593,2.96,3.04(0.0608%),-0.08,-0.0075,-0.02,False
2025-08-12 20:00:00,Crypto.com,MEXC,0.0474,-0.0117,0.0591,2.95,3.04(0.0608%),-0.09,-0.0085,-0.03,False
2025-08-12 12:00:00,Binance,Crypto.com,0.005,-0.0304,0.0354,1.77,3.04(0.0608%),-1.27,-0.127,-0.38,False
2025-08-12 12:00:00,MEXC,Crypto.com,0.005,-0.0304,0.0354,1.77,3.04(0.0608%),-1.27,-0.127,-0.38,False
2025-08-12 12:00:00,BingX,Crypto.com,0.005,-0.0304,0.0354,1.77,3.04(0.0608%),-1.27,-0.127,-0.38,False
2025-08-12 12:00:00,Bitget,Crypto.com,0.005,-0.0304,0.0354,1.77,3.04(0.0608%),-1.27,-0.127,-0.38,False
2025-08-12 12:00:00,Gate,Crypto.com,0.005,-0.0304,0.0354,1.77,3.04(0.0608%),-1.27,-0.127,-0.38,False
2025-08-12 04:00:00,HTX,Crypto.com,0.005,-0.0523,0.0573,2.86,3.04(0.0608%),-0.18,-0.0175,-0.05,False
2025-08-12 04:00:00,BingX,Crypto.com,-0.0036,-0.0523,0.0487,2.44,3.04(0.0608%),-0.6,-0.0605,-0.18,False
2025-08-12 04:00:00,Bitget,Crypto.com,-0.0065,-0.0523,0.0458,2.29,3.04(0.0608%),-0.75,-0.075,-0.22,False
2025-08-12 04:00:00,HTX,Bybit,0.005,-0.04,0.045,2.25,3.04(0.0608%),-0.79,-0.079,-0.24,False
2025-08-12 04:00:00,HTX,Gate,0.005,-0.0327,0.0377,1.88,3.04(0.0608%),-1.16,-0.1155,-0.35,False
2025-08-11 20:00:00,KuCoin,Crypto.com,0.028,-0.069,0.097,4.85,3.04(0.0608%),1.81,0.181,0.54,False
2025-08-11 20:00:00,Bybit,Crypto.com,0.005,-0.069,0.074,3.7,3.04(0.0608%),0.66,0.066,0.2,False
2025-08-11 20:00:00,Binance,Crypto.com,0.005,-0.069,0.074,3.7,3.04(0.0608%),0.66,0.066,0.2,False
2025-08-11 20:00:00,HTX,Crypto.com,0.005,-0.069,0.074,3.7,3.04(0.0608%),0.66,0.066,0.2,False
2025-08-11 20:00:00,Gate,Crypto.com,0.005,-0.069,0.074,3.7,3.04(0.0608%),0.66,0.066,0.2,False
2025-08-11 12:00:00,BingX,Crypto.com,0.005,-0.0644,0.0694,3.47,3.04(0.0608%),0.43,0.043,0.13,False
2025-08-11 12:00:00,Bitget,Crypto.com,0.005,-0.0644,0.0694,3.47,3.04(0.0608%),0.43,0.043,0.13,False
2025-08-11 12:00:00,OKX,Crypto.com,-0.0063,-0.0644,0.0581,2.91,3.04(0.0608%),-0.13,-0.0135,-0.04,False
2025-08-11 12:00:00,Bybit,Crypto.com,-0.01,-0.0644,0.0544,2.72,3.04(0.0608%),-0.32,-0.032,-0.1,False
2025-08-11 12:00:00,KuCoin,Crypto.com,-0.0137,-0.0644,0.0507,2.53,3.04(0.0608%),-0.51,-0.0505,-0.15,False
2025-08-11 04:00:00,Crypto.com,HTX,0.0202,-0.0702,0.0904,4.52,3.04(0.0608%),1.48,0.148,0.44,False
2025-08-11 04:00:00,KuCoin,HTX,0.0167,-0.0702,0.0869,4.35,3.04(0.0608%),1.31,0.1305,0.39,False
2025-08-11 04:00:00,BingX,HTX,0.005,-0.0702,0.0752,3.76,3.04(0.0608%),0.72,0.072,0.22,False
2025-08-11 04:00:00,Bitget,HTX,0.005,-0.0702,0.0752,3.76,3.04(0.0608%),0.72,0.072,0.22,False
2025-08-11 04:00:00,OKX,HTX,-0.008,-0.0702,0.0622,3.11,3.04(0.0608%),0.07,0.007,0.02,False
2025-08-10 20:00:00,Bybit,HTX,0.005,-0.0514,0.0564,2.82,3.04(0.0608%),-0.22,-0.022,-0.07,False
2025-08-10 20:00:00,Bitget,HTX,0.005,-0.0514,0.0564,2.82,3.04(0.0608%),-0.22,-0.022,-0.07,False
2025-08-10 20:00:00,BingX,HTX,0.005,-0.0514,0.0564,2.82,3.04(0.0608%),-0.22,-0.022,-0.07,False
2025-08-10 20:00:00,KuCoin,HTX,-0.0111,-0.0514,0.0403,2.02,3.04(0.0608%),-1.02,-0.1025,-0.31,False
2025-08-10 20:00:00,Gate,HTX,-0.0118,-0.0514,0.0396,1.98,3.04(0.0608%),-1.06,-0.106,-0.32,False
2025-08-10 12:00:00,BingX,Crypto.com,0.005,-0.0519,0.0569,2.84,3.04(0.0608%),-0.2,-0.0195,-0.06,False
2025-08-10 12:00:00,Bitget,Crypto.com,0.005,-0.0519,0.0569,2.84,3.04(0.0608%),-0.2,-0.0195,-0.06,False
2025-08-10 12:00:00,KuCoin,Crypto.com,0.0014,-0.0519,0.0533,2.67,3.04(0.0608%),-0.37,-0.0375,-0.11,False
2025-08-10 12:00:00,OKX,Crypto.com,-0.0029,-0.0519,0.049,2.45,3.04(0.0608%),-0.59,-0.059,-0.18,False
2025-08-10 12:00:00,Gate,Crypto.com,-0.0103,-0.0519,0.0416,2.08,3.04(0.0608%),-0.96,-0.096,-0.29,False
2025-08-10 04:00:00,KuCoin,Crypto.com,0.0125,-0.0577,0.0702,3.51,3.04(0.0608%),0.47,0.047,0.14,False
2025-08-10 04:00:00,Bybit,Crypto.com,0.005,-0.0577,0.0627,3.14,3.04(0.0608%),0.1,0.0095,0.03,False
2025-08-10 04:00:00,Binance,Crypto.com,0.005,-0.0577,0.0627,3.14,3.04(0.0608%),0.1,0.0095,0.03,False
2025-08-10 04:00:00,HTX,Crypto.com,0.005,-0.0577,0.0627,3.14,3.04(0.0608%),0.1,0.0095,0.03,False
2025-08-10 04:00:00,Gate,Crypto.com,0.005,-0.0577,0.0627,3.14,3.04(0.0608%),0.1,0.0095,0.03,False
2025-08-09 20:00:00,Gate,Crypto.com,0.005,-0.0843,0.0893,4.46,3.04(0.0608%),1.42,0.1425,0.43,False
2025-08-09 20:00:00,HTX,Crypto.com,0.005,-0.0843,0.0893,4.46,3.04(0.0608%),1.42,0.1425,0.43,False
2025-08-09 20:00:00,BingX,Crypto.com,0.005,-0.0843,0.0893,4.46,3.04(0.0608%),1.42,0.1425,0.43,False
2025-08-09 20:00:00,Bitget,Crypto.com,0.005,-0.0843,0.0893,4.46,3.04(0.0608%),1.42,0.1425,0.43,False
2025-08-09 20:00:00,OKX,Crypto.com,0.005,-0.0843,0.0893,4.46,3.04(0.0608%),1.42,0.1425,0.43,False
2025-08-09 12:00:00,BingX,MEXC,0.005,-0.0308,0.0358,1.79,3.04(0.0608%),-1.25,-0.125,-0.38,False
2025-08-09 12:00:00,Bitget,MEXC,0.005,-0.0308,0.0358,1.79,3.04(0.0608%),-1.25,-0.125,-0.38,False
2025-08-09 12:00:00,HTX,MEXC,0.005,-0.0308,0.0358,1.79,3.04(0.0608%),-1.25,-0.125,-0.38,False
2025-08-09 12:00:00,HTX,Bitunix,0.005,-0.0305,0.0355,1.77,3.04(0.0608%),-1.27,-0.1265,-0.38,False
2025-08-09 12:00:00,Bitget,Bitunix,0.005,-0.0305,0.0355,1.77,3.04(0.0608%),-1.27,-0.1265,-0.38,False
2025-08-08 20:00:00,Crypto.com,Gate,0.0651,-0.0099,0.075,3.75,3.04(0.0608%),0.71,0.071,0.21,False
2025-08-08 20:00:00,Crypto.com,Bybit,0.0651,-0.0092,0.0743,3.72,3.04(0.0608%),0.68,0.0675,0.2,False
2025-08-08 20:00:00,Crypto.com,KuCoin,0.0651,-0.0038,0.0689,3.45,3.04(0.0608%),0.41,0.0405,0.12,False
2025-08-08 20:00:00,Crypto.com,MEXC,0.0651,0.0036,0.0615,3.08,3.04(0.0608%),0.04,0.0035,0.01,False
2025-08-08 20:00:00,Crypto.com,Bitunix,0.0651,0.0037,0.0614,3.07,3.04(0.0608%),0.03,0.003,0.01,False
2025-08-08 12:00:00,HTX,Bybit,-0.0024,-0.0624,0.06,3.0,3.04(0.0608%),-0.04,-0.004,-0.01,False
2025-08-08 12:00:00,HTX,Binance,-0.0024,-0.061,0.0586,2.93,3.04(0.0608%),-0.11,-0.011,-0.03,False
2025-08-08 12:00:00,HTX,MEXC,-0.0024,-0.0597,0.0573,2.87,3.04(0.0608%),-0.17,-0.0175,-0.05,False
2025-08-08 12:00:00,HTX,Bitunix,-0.0024,-0.0591,0.0567,2.83,3.04(0.0608%),-0.21,-0.0205,-0.06,False
2025-08-08 12:00:00,Crypto.com,Bybit,-0.0137,-0.0624,0.0487,2.43,3.04(0.0608%),-0.61,-0.0605,-0.18,False
2025-08-08 04:00:00,Bybit,OKX,0.005,-0.0848,0.0898,4.49,3.04(0.0608%),1.45,0.145,0.44,False
2025-08-08 04:00:00,Bybit,MEXC,0.005,-0.0798,0.0848,4.24,3.04(0.0608%),1.2,0.12,0.36,False
2025-08-08 04:00:00,Bybit,Binance,0.005,-0.0798,0.0848,4.24,3.04(0.0608%),1.2,0.12,0.36,False
2025-08-08 04:00:00,Bybit,Bitunix,0.005,-0.079,0.084,4.2,3.04(0.0608%),1.16,0.116,0.35,False
2025-08-08 04:00:00,Bybit,HTX,0.005,-0.0647,0.0697,3.49,3.04(0.0608%),0.45,0.0445,0.13,False
2025-08-07 20:00:00,Crypto.com,Bybit,0.0298,-0.0292,0.059,2.95,3.04(0.0608%),-0.09,-0.009,-0.03,False
2025-08-07 20:00:00,Crypto.com,HTX,0.0298,-0.0135,0.0433,2.17,3.04(0.0608%),-0.88,-0.0875,-0.26,False
2025-08-07 20:00:00,Crypto.com,KuCoin,0.0298,-0.0081,0.0379,1.9,3.04(0.0608%),-1.14,-0.1145,-0.34,False
2025-08-07 20:00:00,Crypto.com,OKX,0.0298,-0.0067,0.0365,1.82,3.04(0.0608%),-1.22,-0.1215,-0.36,False
2025-08-07 20:00:00,Crypto.com,Gate,0.0298,-0.0048,0.0346,1.73,3.04(0.0608%),-1.31,-0.131,-0.39,False
2025-08-07 12:00:00,Bybit,OKX,0.005,-0.086,0.091,4.55,3.04(0.0608%),1.51,0.151,0.45,False
2025-08-07 12:00:00,Bybit,MEXC,0.005,-0.0778,0.0828,4.14,3.04(0.0608%),1.1,0.11,0.33,False
2025-08-07 12:00:00,Bybit,KuCoin,0.005,-0.0776,0.0826,4.13,3.04(0.0608%),1.09,0.109,0.33,False
2025-08-07 12:00:00,Bybit,Bitunix,0.005,-0.0771,0.0821,4.11,3.04(0.0608%),1.07,0.1065,0.32,False
2025-08-07 12:00:00,Bybit,Binance,0.005,-0.076,0.081,4.05,3.04(0.0608%),1.01,0.101,0.3,False
2025-08-07 04:00:00,HTX,KuCoin,-0.0128,-0.0556,0.0428,2.14,3.04(0.0608%),-0.9,-0.09,-0.27,False
2025-08-07 04:00:00,BingX,KuCoin,-0.0199,-0.0556,0.0357,1.78,3.04(0.0608%),-1.26,-0.1255,-0.38,False
2025-08-07 04:00:00,Gate,KuCoin,-0.026,-0.0556,0.0296,1.48,3.04(0.0608%),-1.56,-0.156,-0.47,False
2025-08-07 04:00:00,Binance,KuCoin,-0.0273,-0.0556,0.0283,1.41,3.04(0.0608%),-1.63,-0.1625,-0.49,False
2025-08-07 04:00:00,MEXC,KuCoin,-0.0279,-0.0556,0.0277,1.38,3.04(0.0608%),-1.66,-0.1655,-0.5,False
2025-08-06 20:00:00,OKX,Bybit,0.005,-0.0369,0.0419,2.09,3.04(0.0608%),-0.95,-0.0945,-0.28,False
2025-08-06 20:00:00,BingX,Bybit,0.005,-0.0369,0.0419,2.09,3.04(0.0608%),-0.95,-0.0945,-0.28,False
2025-08-06 20:00:00,Binance,Bybit,0.0049,-0.0369,0.0418,2.09,3.04(0.0608%),-0.95,-0.095,-0.28,False
2025-08-06 20:00:00,MEXC,Bybit,0.0033,-0.0369,0.0402,2.01,3.04(0.0608%),-1.03,-0.103,-0.31,False
2025-08-06 20:00:00,HTX,Bybit,-0.0016,-0.0369,0.0353,1.77,3.04(0.0608%),-1.27,-0.1275,-0.38,False
2025-08-06 12:00:00,Crypto.com,MEXC,0.0621,-0.0427,0.1048,5.24,3.04(0.0608%),2.2,0.22,0.66,False
2025-08-06 12:00:00,Crypto.com,Binance,0.0621,-0.0425,0.1046,5.23,3.04(0.0608%),2.19,0.219,0.66,False
2025-08-06 12:00:00,Crypto.com,Bitunix,0.0621,-0.0422,0.1043,5.22,3.04(0.0608%),2.18,0.2175,0.65,False
2025-08-06 12:00:00,Crypto.com,Bitget,0.0621,-0.0395,0.1016,5.08,3.04(0.0608%),2.04,0.204,0.61,False
2025-08-06 12:00:00,Crypto.com,Bybit,0.0621,-0.036,0.0981,4.9,3.04(0.0608%),1.86,0.1865,0.56,False
2025-08-06 04:00:00,HTX,Bybit,-0.0018,-0.0285,0.0267,1.34,3.04(0.0608%),-1.7,-0.1705,-0.51,False
2025-08-06 04:00:00,HTX,Bitget,-0.0018,-0.0283,0.0265,1.32,3.04(0.0608%),-1.72,-0.1715,-0.51,False
2025-08-06 04:00:00,BingX,Bybit,-0.0026,-0.0285,0.0259,1.29,3.04(0.0608%),-1.75,-0.1745,-0.52,False
2025-08-06 04:00:00,BingX,Bitget,-0.0026,-0.0283,0.0257,1.29,3.04(0.0608%),-1.75,-0.1755,-0.53,False
2025-08-06 04:00:00,Gate,Bybit,-0.0037,-0.0285,0.0248,1.24,3.04(0.0608%),-1.8,-0.18,-0.54,False
2025-08-05 20:00:00,OKX,BingX,-0.0118,-0.0373,0.0255,1.28,3.04(0.0608%),-1.76,-0.1765,-0.53,False
2025-08-05 20:00:00,OKX,Bybit,-0.0118,-0.0367,0.0249,1.25,3.04(0.0608%),-1.79,-0.1795,-0.54,False
2025-08-05 20:00:00,OKX,Gate,-0.0118,-0.0365,0.0247,1.23,3.04(0.0608%),-1.81,-0.1805,-0.54,False
2025-08-05 20:00:00,OKX,MEXC,-0.0118,-0.0352,0.0234,1.17,3.04(0.0608%),-1.87,-0.187,-0.56,False
2025-08-05 20:00:00,OKX,Binance,-0.0118,-0.0349,0.0231,1.16,3.04(0.0608%),-1.88,-0.1885,-0.57,False
2025-08-05 12:00:00,HTX,BingX,-0.0318,-0.0938,0.062,3.1,3.04(0.0608%),0.06,0.006,0.02,False
2025-08-05 12:00:00,HTX,OKX,-0.0318,-0.0924,0.0606,3.03,3.04(0.0608%),-0.01,-0.001,-0.0,False
2025-08-05 12:00:00,Crypto.com,BingX,-0.0355,-0.0938,0.0583,2.92,3.04(0.0608%),-0.12,-0.0125,-0.04,False
2025-08-05 12:00:00,Crypto.com,OKX,-0.0355,-0.0924,0.0569,2.84,3.04(0.0608%),-0.2,-0.0195,-0.06,False
2025-08-05 12:00:00,Bybit,BingX,-0.0462,-0.0938,0.0476,2.38,3.04(0.0608%),-0.66,-0.066,-0.2,False
2025-08-05 04:00:00,Bybit,Crypto.com,0.005,-0.086,0.091,4.55,3.04(0.0608%),1.51,0.151,0.45,False
2025-08-05 04:00:00,Bitget,Crypto.com,0.005,-0.086,0.091,4.55,3.04(0.0608%),1.51,0.151,0.45,False
2025-08-05 04:00:00,HTX,Crypto.com,0.005,-0.086,0.091,4.55,3.04(0.0608%),1.51,0.151,0.45,False
2025-08-05 04:00:00,OKX,Crypto.com,0.0001,-0.086,0.0861,4.3,3.04(0.0608%),1.26,0.1265,0.38,False
2025-08-05 04:00:00,KuCoin,Crypto.com,-0.001,-0.086,0.085,4.25,3.04(0.0608%),1.21,0.121,0.36,False
2025-08-04 20:00:00,Bybit,Crypto.com,0.005,-0.1382,0.1432,7.16,3.04(0.0608%),4.12,0.412,1.24,False
2025-08-04 20:00:00,Bitget,Crypto.com,0.005,-0.1382,0.1432,7.16,3.04(0.0608%),4.12,0.412,1.24,False
2025-08-04 20:00:00,Gate,Crypto.com,0.005,-0.1382,0.1432,7.16,3.04(0.0608%),4.12,0.412,1.24,False
2025-08-04 20:00:00,OKX,Crypto.com,-0.0057,-0.1382,0.1325,6.62,3.04(0.0608%),3.58,0.3585,1.08,False
2025-08-04 20:00:00,KuCoin,Crypto.com,-0.0093,-0.1382,0.1289,6.44,3.04(0.0608%),3.4,0.3405,1.02,False
2025-08-04 12:00:00,MEXC,Crypto.com,-0.0045,-0.226,0.2215,11.07,3.04(0.0608%),8.04,0.8035,2.41,False
2025-08-04 12:00:00,Bitunix,Crypto.com,-0.0045,-0.226,0.2215,11.07,3.04(0.0608%),8.04,0.8035,2.41,False
2025-08-04 12:00:00,Binance,Crypto.com,-0.0046,-0.226,0.2214,11.07,3.04(0.0608%),8.03,0.803,2.41,False
2025-08-04 12:00:00,OKX,Crypto.com,-0.0293,-0.226,0.1967,9.84,3.04(0.0608%),6.8,0.6795,2.04,False
2025-08-04 12:00:00,Bybit,Crypto.com,-0.0347,-0.226,0.1913,9.56,3.04(0.0608%),6.52,0.6525,1.96,False
2025-08-04 04:00:00,HTX,OKX,-0.0009,-0.0459,0.045,2.25,3.04(0.0608%),-0.79,-0.079,-0.24,False
2025-08-04 04:00:00,HTX,Gate,-0.0009,-0.0449,0.044,2.2,3.04(0.0608%),-0.84,-0.084,-0.25,False
2025-08-04 04:00:00,Bybit,OKX,-0.0034,-0.0459,0.0425,2.12,3.04(0.0608%),-0.92,-0.0915,-0.27,False
2025-08-04 04:00:00,Bybit,Gate,-0.0034,-0.0449,0.0415,2.08,3.04(0.0608%),-0.96,-0.0965,-0.29,False
2025-08-04 04:00:00,HTX,Bitget,-0.0009,-0.0403,0.0394,1.97,3.04(0.0608%),-1.07,-0.107,-0.32,False
2025-08-03 20:00:00,HTX,KuCoin,0.0004,-0.06,0.0604,3.02,3.04(0.0608%),-0.02,-0.002,-0.01,False
2025-08-03 20:00:00,Crypto.com,KuCoin,-0.0026,-0.06,0.0574,2.87,3.04(0.0608%),-0.17,-0.017,-0.05,False
2025-08-03 20:00:00,BingX,KuCoin,-0.0044,-0.06,0.0556,2.78,3.04(0.0608%),-0.26,-0.026,-0.08,False
2025-08-03 20:00:00,Bybit,KuCoin,-0.0054,-0.06,0.0546,2.73,3.04(0.0608%),-0.31,-0.031,-0.09,False
2025-08-03 20:00:00,HTX,MEXC,0.0004,-0.0539,0.0543,2.71,3.04(0.0608%),-0.33,-0.0325,-0.1,False
2025-08-03 12:00:00,OKX,KuCoin,0.005,-0.0426,0.0476,2.38,3.04(0.0608%),-0.66,-0.066,-0.2,False
2025-08-03 12:00:00,BingX,KuCoin,0.0042,-0.0426,0.0468,2.34,3.04(0.0608%),-0.7,-0.07,-0.21,False
2025-08-03 12:00:00,Crypto.com,KuCoin,-0.003,-0.0426,0.0396,1.98,3.04(0.0608%),-1.06,-0.106,-0.32,False
2025-08-03 12:00:00,HTX,KuCoin,-0.0037,-0.0426,0.0389,1.94,3.04(0.0608%),-1.1,-0.1095,-0.33,False
2025-08-03 12:00:00,Bybit,KuCoin,-0.0066,-0.0426,0.036,1.8,3.04(0.0608%),-1.24,-0.124,-0.37,False
2025-08-03 04:00:00,HTX,Crypto.com,-0.0253,-0.159,0.1337,6.69,3.04(0.0608%),3.65,0.3645,1.09,False
2025-08-03 04:00:00,BingX,Crypto.com,-0.0297,-0.159,0.1293,6.46,3.04(0.0608%),3.42,0.3425,1.03,False
2025-08-03 04:00:00,Gate,Crypto.com,-0.0322,-0.159,0.1268,6.34,3.04(0.0608%),3.3,0.33,0.99,False
2025-08-03 04:00:00,Bybit,Crypto.com,-0.0423,-0.159,0.1167,5.83,3.04(0.0608%),2.79,0.2795,0.84,False
2025-08-03 04:00:00,OKX,Crypto.com,-0.0446,-0.159,0.1144,5.72,3.04(0.0608%),2.68,0.268,0.8,False
2025-08-02 20:00:00,OKX,Crypto.com,-0.0039,-0.2898,0.2859,14.29,3.04(0.0608%),11.25,1.1255,3.38,False
2025-08-02 20:00:00,Gate,Crypto.com,-0.0211,-0.2898,0.2687,13.44,3.04(0.0608%),10.39,1.0395,3.12,False
2025-08-02 20:00:00,HTX,Crypto.com,-0.0231,-0.2898,0.2667,13.34,3.04(0.0608%),10.3,1.0295,3.09,False
2025-08-02 20:00:00,Bitunix,Crypto.com,-0.0248,-0.2898,0.265,13.25,3.04(0.0608%),10.21,1.021,3.06,False
2025-08-02 20:00:00,MEXC,Crypto.com,-0.025,-0.2898,0.2648,13.24,3.04(0.0608%),10.2,1.02,3.06,False
2025-08-02 12:00:00,BingX,Crypto.com,-0.0254,-0.2814,0.256,12.8,3.04(0.0608%),9.76,0.976,2.93,False
2025-08-02 12:00:00,Gate,Crypto.com,-0.0291,-0.2814,0.2523,12.61,3.04(0.0608%),9.57,0.9575,2.87,False
2025-08-02 12:00:00,HTX,Crypto.com,-0.0349,-0.2814,0.2465,12.33,3.04(0.0608%),9.29,0.9285,2.79,False
2025-08-02 12:00:00,OKX,Crypto.com,-0.0429,-0.2814,0.2385,11.93,3.04(0.0608%),8.89,0.8885,2.67,False
2025-08-02 12:00:00,Bitunix,Crypto.com,-0.0456,-0.2814,0.2358,11.79,3.04(0.0608%),8.75,0.875,2.63,False
2025-08-02 04:00:00,HTX,Crypto.com,-0.0086,-0.1226,0.114,5.7,3.04(0.0608%),2.66,0.266,0.8,False
2025-08-02 04:00:00,BingX,Crypto.com,-0.0108,-0.1226,0.1118,5.59,3.04(0.0608%),2.55,0.255,0.77,False
2025-08-02 04:00:00,Gate,Crypto.com,-0.015,-0.1226,0.1076,5.38,3.04(0.0608%),2.34,0.234,0.7,False
2025-08-02 04:00:00,OKX,Crypto.com,-0.0176,-0.1226,0.105,5.25,3.04(0.0608%),2.21,0.221,0.66,False
2025-08-02 04:00:00,Bitget,Crypto.com,-0.0308,-0.1226,0.0918,4.59,3.04(0.0608%),1.55,0.155,0.46,False
2025-08-01 20:00:00,HTX,Crypto.com,-0.0261,-0.1365,0.1104,5.52,3.04(0.0608%),2.48,0.248,0.74,False
2025-08-01 20:00:00,Bybit,Crypto.com,-0.0274,-0.1365,0.1091,5.46,3.04(0.0608%),2.42,0.2415,0.72,False
2025-08-01 20:00:00,Gate,Crypto.com,-0.0397,-0.1365,0.0968,4.84,3.04(0.0608%),1.8,0.18,0.54,False
2025-08-01 20:00:00,Bitunix,Crypto.com,-0.0399,-0.1365,0.0966,4.83,3.04(0.0608%),1.79,0.179,0.54,False
2025-08-01 20:00:00,Binance,Crypto.com,-0.043,-0.1365,0.0935,4.68,3.04(0.0608%),1.64,0.1635,0.49,False
2025-08-01 12:00:00,HTX,Crypto.com,-0.0143,-0.2602,0.2459,12.29,3.04(0.0608%),9.25,0.9255,2.78,False
2025-08-01 12:00:00,BingX,Crypto.com,-0.0306,-0.2602,0.2296,11.48,3.04(0.0608%),8.44,0.844,2.53,False
2025-08-01 12:00:00,OKX,Crypto.com,-0.0425,-0.2602,0.2177,10.88,3.04(0.0608%),7.84,0.7845,2.35,False
2025-08-01 12:00:00,Gate,Crypto.com,-0.0494,-0.2602,0.2108,10.54,3.04(0.0608%),7.5,0.75,2.25,False
2025-08-01 12:00:00,Bybit,Crypto.com,-0.0544,-0.2602,0.2058,10.29,3.04(0.0608%),7.25,0.725,2.17,False
2025-08-01 04:00:00,HTX,Binance,-0.1103,-0.1786,0.0683,3.42,3.04(0.0608%),0.38,0.0375,0.11,False
2025-08-01 04:00:00,HTX,MEXC,-0.1103,-0.1765,0.0662,3.31,3.04(0.0608%),0.27,0.027,0.08,False
2025-08-01 04:00:00,HTX,Bitunix,-0.1103,-0.1747,0.0644,3.22,3.04(0.0608%),0.18,0.018,0.05,False
2025-08-01 04:00:00,HTX,Bitget,-0.1103,-0.1743,0.064,3.2,3.04(0.0608%),0.16,0.016,0.05,False
2025-08-01 04:00:00,HTX,BingX,-0.1103,-0.1702,0.0599,2.99,3.04(0.0608%),-0.05,-0.0045,-0.01,False
2025-07-31 20:00:00,Bybit,Crypto.com,0.005,-0.3739,0.3789,18.95,3.04(0.0608%),15.91,1.5905,4.77,False
2025-07-31 20:00:00,HTX,Crypto.com,0.0048,-0.3739,0.3787,18.94,3.04(0.0608%),15.9,1.5895,4.77,False
2025-07-31 20:00:00,BingX,Crypto.com,-0.0239,-0.3739,0.35,17.5,3.04(0.0608%),14.46,1.446,4.34,False
2025-07-31 20:00:00,OKX,Crypto.com,-0.0557,-0.3739,0.3182,15.91,3.04(0.0608%),12.87,1.287,3.86,False
2025-07-31 20:00:00,Binance,Crypto.com,-0.059,-0.3739,0.3149,15.75,3.04(0.0608%),12.71,1.2705,3.81,False
2025-07-31 12:00:00,BingX,Crypto.com,-0.0848,-0.2352,0.1504,7.52,3.04(0.0608%),4.48,0.448,1.34,False
2025-07-31 12:00:00,Bitunix,Crypto.com,-0.1192,-0.2352,0.116,5.8,3.04(0.0608%),2.76,0.276,0.83,False
2025-07-31 12:00:00,MEXC,Crypto.com,-0.1204,-0.2352,0.1148,5.74,3.04(0.0608%),2.7,0.27,0.81,False
2025-07-31 12:00:00,Binance,Crypto.com,-0.1218,-0.2352,0.1134,5.67,3.04(0.0608%),2.63,0.263,0.79,False
2025-07-31 12:00:00,HTX,Crypto.com,-0.1228,-0.2352,0.1124,5.62,3.04(0.0608%),2.58,0.258,0.77,False
2025-07-31 04:00:00,BingX,Crypto.com,-0.0076,-0.3689,0.3613,18.06,3.04(0.0608%),15.02,1.5025,4.51,False
2025-07-31 04:00:00,Bitunix,Crypto.com,-0.0102,-0.3689,0.3587,17.94,3.04(0.0608%),14.9,1.4895,4.47,False
2025-07-31 04:00:00,Binance,Crypto.com,-0.0104,-0.3689,0.3585,17.92,3.04(0.0608%),14.88,1.4885,4.47,False
2025-07-31 04:00:00,MEXC,Crypto.com,-0.0104,-0.3689,0.3585,17.92,3.04(0.0608%),14.88,1.4885,4.47,False
2025-07-31 04:00:00,HTX,Crypto.com,-0.013,-0.3689,0.3559,17.8,3.04(0.0608%),14.76,1.4755,4.43,False
2025-07-30 20:00:00,BingX,Crypto.com,-0.0136,-0.8321,0.8185,40.92,3.04(0.0608%),37.88,3.7885,11.37,False
2025-07-30 20:00:00,Bybit,Crypto.com,-0.0279,-0.8321,0.8042,40.21,3.04(0.0608%),37.17,3.717,11.15,False
2025-07-30 20:00:00,Bitget,Crypto.com,-0.0363,-0.8321,0.7958,39.79,3.04(0.0608%),36.75,3.675,11.02,False
2025-07-30 20:00:00,Bitunix,Crypto.com,-0.0407,-0.8321,0.7914,39.57,3.04(0.0608%),36.53,3.653,10.96,False
2025-07-30 20:00:00,MEXC,Crypto.com,-0.0412,-0.8321,0.7909,39.54,3.04(0.0608%),36.5,3.6505,10.95,False
2025-07-30 12:00:00,Bitunix,Crypto.com,0.1238,-0.4059,0.5297,26.48,3.04(0.0608%),23.45,2.3445,7.03,False
2025-07-30 12:00:00,Bitunix,OKX,0.1238,-0.3484,0.4722,23.61,3.04(0.0608%),20.57,2.057,6.17,False
2025-07-30 12:00:00,Bitunix,Binance,0.1238,-0.3365,0.4603,23.02,3.04(0.0608%),19.98,1.9975,5.99,False
2025-07-30 12:00:00,Bitunix,MEXC,0.1238,-0.3365,0.4603,23.02,3.04(0.0608%),19.98,1.9975,5.99,False
2025-07-30 12:00:00,Bitunix,Bitget,0.1238,-0.3216,0.4454,22.27,3.04(0.0608%),19.23,1.923,5.77,False
2025-07-30 04:00:00,Bitunix,Crypto.com,0.0825,-0.4105,0.493,24.65,3.04(0.0608%),21.61,2.161,6.48,False
2025-07-30 04:00:00,BingX,Crypto.com,-0.032,-0.4105,0.3785,18.92,3.04(0.0608%),15.88,1.5885,4.77,False
2025-07-30 04:00:00,OKX,Crypto.com,-0.0463,-0.4105,0.3642,18.21,3.04(0.0608%),15.17,1.517,4.55,False
2025-07-30 04:00:00,HTX,Crypto.com,-0.0611,-0.4105,0.3494,17.47,3.04(0.0608%),14.43,1.443,4.33,False
2025-07-30 04:00:00,Binance,Crypto.com,-0.0818,-0.4105,0.3287,16.43,3.04(0.0608%),13.39,1.3395,4.02,False
2025-07-29 20:00:00,Crypto.com,KuCoin,0.0502,-0.0539,0.1041,5.21,3.04(0.0608%),2.17,0.2165,0.65,False
2025-07-29 20:00:00,Crypto.com,Gate,0.0502,-0.0499,0.1001,5.0,3.04(0.0608%),1.96,0.1965,0.59,False
2025-07-29 20:00:00,Bitunix,KuCoin,0.0451,-0.0539,0.099,4.95,3.04(0.0608%),1.91,0.191,0.57,False
2025-07-29 20:00:00,Crypto.com,Binance,0.0502,-0.0473,0.0975,4.88,3.04(0.0608%),1.83,0.1835,0.55,False
2025-07-29 20:00:00,Crypto.com,MEXC,0.0502,-0.0472,0.0974,4.87,3.04(0.0608%),1.83,0.183,0.55,False
2025-07-29 12:00:00,KuCoin,Binance,0.0294,0.005,0.0244,1.22,3.04(0.0608%),-1.82,-0.182,-0.55,False
2025-07-29 12:00:00,KuCoin,Bybit,0.0294,0.005,0.0244,1.22,3.04(0.0608%),-1.82,-0.182,-0.55,False
2025-07-29 12:00:00,KuCoin,BingX,0.0294,0.005,0.0244,1.22,3.04(0.0608%),-1.82,-0.182,-0.55,False
2025-07-29 12:00:00,KuCoin,Bitunix,0.0294,0.005,0.0244,1.22,3.04(0.0608%),-1.82,-0.182,-0.55,False
2025-07-29 12:00:00,KuCoin,Bitget,0.0294,0.005,0.0244,1.22,3.04(0.0608%),-1.82,-0.182,-0.55,False
2025-07-29 04:00:00,KuCoin,Crypto.com,0.019,-0.0035,0.0225,1.12,3.04(0.0608%),-1.92,-0.1915,-0.57,False
2025-07-28 20:00:00,Crypto.com,KuCoin,0.0268,-0.0005,0.0273,1.37,3.04(0.0608%),-1.67,-0.1675,-0.5,False
2025-07-28 20:00:00,Crypto.com,Bybit,0.0268,0.005,0.0218,1.09,3.04(0.0608%),-1.95,-0.195,-0.58,False
2025-07-28 20:00:00,Crypto.com,Binance,0.0268,0.005,0.0218,1.09,3.04(0.0608%),-1.95,-0.195,-0.58,False
2025-07-28 20:00:00,Crypto.com,HTX,0.0268,0.005,0.0218,1.09,3.04(0.0608%),-1.95,-0.195,-0.58,False
2025-07-28 20:00:00,Crypto.com,Gate,0.0268,0.005,0.0218,1.09,3.04(0.0608%),-1.95,-0.195,-0.58,False
2025-07-28 12:00:00,Bitunix,Crypto.com,0.0284,-0.1874,0.2158,10.79,3.04(0.0608%),7.75,0.775,2.33,False
2025-07-28 12:00:00,BingX,Crypto.com,-0.0046,-0.1874,0.1828,9.14,3.04(0.0608%),6.1,0.61,1.83,False
2025-07-28 12:00:00,Bitget,Crypto.com,-0.0067,-0.1874,0.1807,9.04,3.04(0.0608%),6.0,0.5995,1.8,False
2025-07-28 12:00:00,OKX,Crypto.com,-0.0118,-0.1874,0.1756,8.78,3.04(0.0608%),5.74,0.574,1.72,False
2025-07-28 12:00:00,MEXC,Crypto.com,-0.0284,-0.1874,0.159,7.95,3.04(0.0608%),4.91,0.491,1.47,False
2025-07-28 04:00:00,Bitunix,Crypto.com,0.0499,-0.073,0.1229,6.15,3.04(0.0608%),3.11,0.3105,0.93,False
2025-07-28 04:00:00,Bitunix,KuCoin,0.0499,-0.0541,0.104,5.2,3.04(0.0608%),2.16,0.216,0.65,False
2025-07-28 04:00:00,Bitunix,Gate,0.0499,-0.051,0.1009,5.04,3.04(0.0608%),2.0,0.2005,0.6,False
2025-07-28 04:00:00,Bitunix,MEXC,0.0499,-0.0499,0.0998,4.99,3.04(0.0608%),1.95,0.195,0.58,False
2025-07-28 04:00:00,Bitunix,Binance,0.0499,-0.0487,0.0986,4.93,3.04(0.0608%),1.89,0.189,0.57,False
2025-07-27 20:00:00,Bitunix,Crypto.com,0.056,-0.1474,0.2034,10.17,3.04(0.0608%),7.13,0.713,2.14,False
2025-07-27 20:00:00,Bitunix,HTX,0.056,-0.0971,0.1531,7.66,3.04(0.0608%),4.62,0.4615,1.38,False
2025-07-27 20:00:00,BingX,Crypto.com,-0.0232,-0.1474,0.1242,6.21,3.04(0.0608%),3.17,0.317,0.95,False
2025-07-27 20:00:00,Bitunix,Gate,0.056,-0.0677,0.1237,6.19,3.04(0.0608%),3.15,0.3145,0.94,False
2025-07-27 20:00:00,Bitunix,KuCoin,0.056,-0.0664,0.1224,6.12,3.04(0.0608%),3.08,0.308,0.92,False
2025-07-27 12:00:00,Crypto.com,Gate,0.1114,-0.0112,0.1226,6.13,3.04(0.0608%),3.09,0.309,0.93,False
2025-07-27 12:00:00,Crypto.com,Bitunix,0.1114,0.0,0.1114,5.57,3.04(0.0608%),2.53,0.253,0.76,False
2025-07-27 12:00:00,Crypto.com,BingX,0.1114,0.0002,0.1112,5.56,3.04(0.0608%),2.52,0.252,0.76,False
2025-07-27 12:00:00,Crypto.com,MEXC,0.1114,0.0006,0.1108,5.54,3.04(0.0608%),2.5,0.25,0.75,False
2025-07-27 12:00:00,Crypto.com,Binance,0.1114,0.0007,0.1107,5.53,3.04(0.0608%),2.49,0.2495,0.75,False
2025-07-26 20:00:00,Bitunix,Crypto.com,0.0134,-0.0931,0.1065,5.33,3.04(0.0608%),2.29,0.2285,0.69,False
2025-07-26 20:00:00,OKX,Crypto.com,0.005,-0.0931,0.0981,4.91,3.04(0.0608%),1.87,0.1865,0.56,False
2025-07-26 20:00:00,HTX,Crypto.com,0.005,-0.0931,0.0981,4.91,3.04(0.0608%),1.87,0.1865,0.56,False
2025-07-26 20:00:00,KuCoin,Crypto.com,0.0034,-0.0931,0.0965,4.83,3.04(0.0608%),1.79,0.1785,0.54,False
2025-07-26 20:00:00,MEXC,Crypto.com,-0.0137,-0.0931,0.0794,3.97,3.04(0.0608%),0.93,0.093,0.28,False
2025-07-26 12:00:00,Bitunix,Gate,0.0519,-0.0555,0.1074,5.37,3.04(0.0608%),2.33,0.233,0.7,False
2025-07-26 12:00:00,Bitunix,KuCoin,0.0519,-0.0525,0.1044,5.22,3.04(0.0608%),2.18,0.218,0.65,False
2025-07-26 12:00:00,Bitunix,MEXC,0.0519,-0.0519,0.1038,5.19,3.04(0.0608%),2.15,0.215,0.65,False
2025-07-26 12:00:00,Bitunix,BingX,0.0519,-0.0509,0.1028,5.14,3.04(0.0608%),2.1,0.21,0.63,False
2025-07-26 12:00:00,Bitunix,Binance,0.0519,-0.0509,0.1028,5.14,3.04(0.0608%),2.1,0.21,0.63,False
2025-07-26 04:00:00,Bitunix,Crypto.com,0.0132,-0.062,0.0752,3.76,3.04(0.0608%),0.72,0.072,0.22,False
2025-07-26 04:00:00,OKX,Crypto.com,0.005,-0.062,0.067,3.35,3.04(0.0608%),0.31,0.031,0.09,False
2025-07-26 04:00:00,Bybit,Crypto.com,0.005,-0.062,0.067,3.35,3.04(0.0608%),0.31,0.031,0.09,False
2025-07-26 04:00:00,HTX,Crypto.com,0.005,-0.062,0.067,3.35,3.04(0.0608%),0.31,0.031,0.09,False
2025-07-26 04:00:00,Bitget,Crypto.com,0.005,-0.062,0.067,3.35,3.04(0.0608%),0.31,0.031,0.09,False
2025-07-25 20:00:00,KuCoin,Crypto.com,0.012,-0.1367,0.1487,7.44,3.04(0.0608%),4.4,0.4395,1.32,False
2025-07-25 20:00:00,Bybit,Crypto.com,0.005,-0.1367,0.1417,7.08,3.04(0.0608%),4.04,0.4045,1.21,False
2025-07-25 20:00:00,Binance,Crypto.com,0.005,-0.1367,0.1417,7.08,3.04(0.0608%),4.04,0.4045,1.21,False
2025-07-25 20:00:00,HTX,Crypto.com,0.005,-0.1367,0.1417,7.08,3.04(0.0608%),4.04,0.4045,1.21,False
2025-07-25 20:00:00,Gate,Crypto.com,0.005,-0.1367,0.1417,7.08,3.04(0.0608%),4.04,0.4045,1.21,False
2025-07-25 12:00:00,Bitunix,KuCoin,0.0642,-0.0676,0.1318,6.59,3.04(0.0608%),3.55,0.355,1.06,False
2025-07-25 12:00:00,Bitunix,MEXC,0.0642,-0.0642,0.1284,6.42,3.04(0.0608%),3.38,0.338,1.01,False
2025-07-25 12:00:00,Bitunix,Binance,0.0642,-0.0627,0.1269,6.35,3.04(0.0608%),3.31,0.3305,0.99,False
2025-07-25 12:00:00,Bitunix,Gate,0.0642,-0.0329,0.0971,4.85,3.04(0.0608%),1.81,0.1815,0.54,False
2025-07-25 12:00:00,Bitunix,Crypto.com,0.0642,-0.019,0.0832,4.16,3.04(0.0608%),1.12,0.112,0.34,False
2025-07-25 04:00:00,Bitunix,Crypto.com,0.0115,-0.1519,0.1634,8.17,3.04(0.0608%),5.13,0.513,1.54,False
2025-07-25 04:00:00,HTX,Crypto.com,0.005,-0.1519,0.1569,7.85,3.04(0.0608%),4.81,0.4805,1.44,False
2025-07-25 04:00:00,Bybit,Crypto.com,-0.0007,-0.1519,0.1512,7.56,3.04(0.0608%),4.52,0.452,1.36,False
2025-07-25 04:00:00,Bitget,Crypto.com,-0.0035,-0.1519,0.1484,7.42,3.04(0.0608%),4.38,0.438,1.31,False
2025-07-25 04:00:00,Binance,Crypto.com,-0.0113,-0.1519,0.1406,7.03,3.04(0.0608%),3.99,0.399,1.2,False
2025-07-24 20:00:00,Bitunix,Crypto.com,0.0761,-0.5877,0.6638,33.19,3.04(0.0608%),30.15,3.015,9.04,False
2025-07-24 20:00:00,OKX,Crypto.com,-0.0512,-0.5877,0.5365,26.82,3.04(0.0608%),23.79,2.3785,7.14,False
2025-07-24 20:00:00,HTX,Crypto.com,-0.058,-0.5877,0.5297,26.48,3.04(0.0608%),23.45,2.3445,7.03,False
2025-07-24 20:00:00,MEXC,Crypto.com,-0.0761,-0.5877,0.5116,25.58,3.04(0.0608%),22.54,2.254,6.76,False
2025-07-24 20:00:00,Binance,Crypto.com,-0.0762,-0.5877,0.5115,25.57,3.04(0.0608%),22.54,2.2535,6.76,False
2025-07-24 12:00:00,Binance,KuCoin,0.005,-0.0413,0.0463,2.31,3.04(0.0608%),-0.73,-0.0725,-0.22,False
2025-07-24 12:00:00,Bitget,KuCoin,0.005,-0.0413,0.0463,2.31,3.04(0.0608%),-0.73,-0.0725,-0.22,False
2025-07-24 12:00:00,OKX,KuCoin,0.005,-0.0413,0.0463,2.31,3.04(0.0608%),-0.73,-0.0725,-0.22,False
2025-07-24 12:00:00,MEXC,KuCoin,0.005,-0.0413,0.0463,2.31,3.04(0.0608%),-0.73,-0.0725,-0.22,False
2025-07-24 12:00:00,HTX,KuCoin,0.0048,-0.0413,0.0461,2.31,3.04(0.0608%),-0.73,-0.0735,-0.22,False
2025-07-24 04:00:00,OKX,Crypto.com,0.0005,-0.4742,0.4747,23.74,3.04(0.0608%),20.7,2.0695,6.21,False
2025-07-24 04:00:00,KuCoin,Crypto.com,-0.0051,-0.4742,0.4691,23.45,3.04(0.0608%),20.41,2.0415,6.12,False
2025-07-24 04:00:00,Binance,Crypto.com,-0.0066,-0.4742,0.4676,23.38,3.04(0.0608%),20.34,2.034,6.1,False
2025-07-24 04:00:00,MEXC,Crypto.com,-0.0086,-0.4742,0.4656,23.28,3.04(0.0608%),20.24,2.024,6.07,False
2025-07-24 04:00:00,Bitunix,Crypto.com,-0.0098,-0.4742,0.4644,23.22,3.04(0.0608%),20.18,2.018,6.05,False
2025-07-23 20:00:00,Bitunix,Crypto.com,0.4398,-2.8446,3.2844,164.22,3.04(0.0608%),161.18,16.118,48.35,False
2025-07-23 20:00:00,OKX,Crypto.com,-0.7725,-2.8446,2.0721,103.61,3.04(0.0608%),100.56,10.0565,30.17,False
2025-07-23 20:00:00,Bybit,Crypto.com,-0.8003,-2.8446,2.0443,102.22,3.04(0.0608%),99.17,9.9175,29.75,False
2025-07-23 20:00:00,Gate,Crypto.com,-0.8218,-2.8446,2.0228,101.14,3.04(0.0608%),98.1,9.81,29.43,False
2025-07-23 20:00:00,HTX,Crypto.com,-0.8304,-2.8446,2.0142,100.71,3.04(0.0608%),97.67,9.767,29.3,False
2025-07-23 12:00:00,Bitunix,Crypto.com,0.185,-0.8628,1.0478,52.39,3.04(0.0608%),49.35,4.935,14.81,False
2025-07-23 12:00:00,BingX,Crypto.com,-0.0744,-0.8628,0.7884,39.42,3.04(0.0608%),36.38,3.638,10.91,False
2025-07-23 12:00:00,OKX,Crypto.com,-0.1162,-0.8628,0.7466,37.33,3.04(0.0608%),34.29,3.429,10.29,False
2025-07-23 12:00:00,HTX,Crypto.com,-0.1639,-0.8628,0.6989,34.95,3.04(0.0608%),31.91,3.1905,9.57,False
2025-07-23 12:00:00,Gate,Crypto.com,-0.1724,-0.8628,0.6904,34.52,3.04(0.0608%),31.48,3.148,9.44,False
2025-07-23 04:00:00,OKX,Crypto.com,-0.1419,-0.517,0.3751,18.75,3.04(0.0608%),15.71,1.5715,4.71,False
2025-07-23 04:00:00,Binance,Crypto.com,-0.1821,-0.517,0.3349,16.74,3.04(0.0608%),13.7,1.3705,4.11,False
2025-07-23 04:00:00,HTX,Crypto.com,-0.187,-0.517,0.33,16.5,3.04(0.0608%),13.46,1.346,4.04,False
2025-07-23 04:00:00,MEXC,Crypto.com,-0.1871,-0.517,0.3299,16.5,3.04(0.0608%),13.46,1.3455,4.04,False
2025-07-23 04:00:00,Bitunix,Crypto.com,-0.1897,-0.517,0.3273,16.37,3.04(0.0608%),13.33,1.3325,4.0,False
2025-07-22 20:00:00,Bitunix,Crypto.com,0.0259,-0.2259,0.2518,12.59,3.04(0.0608%),9.55,0.955,2.87,False
2025-07-22 20:00:00,HTX,Crypto.com,-0.0336,-0.2259,0.1923,9.62,3.04(0.0608%),6.58,0.6575,1.97,False
2025-07-22 20:00:00,OKX,Crypto.com,-0.057,-0.2259,0.1689,8.45,3.04(0.0608%),5.41,0.5405,1.62,False
2025-07-22 20:00:00,Binance,Crypto.com,-0.0708,-0.2259,0.1551,7.75,3.04(0.0608%),4.71,0.4715,1.41,False
2025-07-22 20:00:00,MEXC,Crypto.com,-0.073,-0.2259,0.1529,7.64,3.04(0.0608%),4.6,0.4605,1.38,False
2025-07-22 12:00:00,Binance,KuCoin,-0.2828,-0.6754,0.3926,19.63,3.04(0.0608%),16.59,1.659,4.98,False
2025-07-22 12:00:00,MEXC,KuCoin,-0.2905,-0.6754,0.3849,19.25,3.04(0.0608%),16.21,1.6205,4.86,False
2025-07-22 12:00:00,Bitunix,KuCoin,-0.2905,-0.6754,0.3849,19.25,3.04(0.0608%),16.21,1.6205,4.86,False
2025-07-22 12:00:00,Bitget,KuCoin,-0.3025,-0.6754,0.3729,18.64,3.04(0.0608%),15.61,1.5605,4.68,False
2025-07-22 12:00:00,Bybit,KuCoin,-0.3296,-0.6754,0.3458,17.29,3.04(0.0608%),14.25,1.425,4.28,False
2025-07-22 04:00:00,Bybit,Crypto.com,-0.1314,-0.207,0.0756,3.78,3.04(0.0608%),0.74,0.074,0.22,False
2025-07-22 04:00:00,Gate,Crypto.com,-0.1326,-0.207,0.0744,3.72,3.04(0.0608%),0.68,0.068,0.2,False
2025-07-22 04:00:00,Bitget,Crypto.com,-0.1425,-0.207,0.0645,3.23,3.04(0.0608%),0.19,0.0185,0.06,False
2025-07-22 04:00:00,Bybit,KuCoin,-0.1314,-0.1957,0.0643,3.22,3.04(0.0608%),0.18,0.0175,0.05,False
2025-07-22 04:00:00,Binance,Crypto.com,-0.1436,-0.207,0.0634,3.17,3.04(0.0608%),0.13,0.013,0.04,False
2025-07-21 20:00:00,Bybit,Bitunix,0.005,-0.6053,0.6103,30.52,3.04(0.0608%),27.48,2.7475,8.24,False
2025-07-21 20:00:00,Bybit,BingX,0.005,-0.578,0.583,29.15,3.04(0.0608%),26.11,2.611,7.83,False
2025-07-21 20:00:00,Bybit,Bitget,0.005,-0.5735,0.5785,28.93,3.04(0.0608%),25.89,2.5885,7.77,False
2025-07-21 20:00:00,Bybit,MEXC,0.005,-0.5727,0.5777,28.89,3.04(0.0608%),25.85,2.5845,7.75,False
2025-07-21 20:00:00,Bybit,Binance,0.005,-0.5681,0.5731,28.66,3.04(0.0608%),25.62,2.5615,7.68,False
2025-07-21 12:00:00,Bitunix,Gate,0.0981,-0.1053,0.2034,10.17,3.04(0.0608%),7.13,0.713,2.14,False
2025-07-21 12:00:00,Bitunix,OKX,0.0981,-0.1018,0.1999,10.0,3.04(0.0608%),6.96,0.6955,2.09,False
2025-07-21 12:00:00,Bitunix,KuCoin,0.0981,-0.0946,0.1927,9.63,3.04(0.0608%),6.59,0.6595,1.98,False
2025-07-21 12:00:00,Bitunix,MEXC,0.0981,-0.0921,0.1902,9.51,3.04(0.0608%),6.47,0.647,1.94,False
2025-07-21 12:00:00,Bitunix,Binance,0.0981,-0.091,0.1891,9.46,3.04(0.0608%),6.42,0.6415,1.92,False
2025-07-21 04:00:00,Bitunix,Crypto.com,0.1438,-0.3566,0.5004,25.02,3.04(0.0608%),21.98,2.198,6.59,False
2025-07-21 04:00:00,Bybit,Crypto.com,0.005,-0.3566,0.3616,18.08,3.04(0.0608%),15.04,1.504,4.51,False
2025-07-21 04:00:00,HTX,Crypto.com,-0.0385,-0.3566,0.3181,15.9,3.04(0.0608%),12.86,1.2865,3.86,False
2025-07-21 04:00:00,BingX,Crypto.com,-0.0562,-0.3566,0.3004,15.02,3.04(0.0608%),11.98,1.198,3.59,False
2025-07-21 04:00:00,Bitunix,MEXC,0.1438,-0.1438,0.2876,14.38,3.04(0.0608%),11.34,1.134,3.4,False
2025-07-20 20:00:00,Binance,Crypto.com,0.005,-0.0282,0.0332,1.66,3.04(0.0608%),-1.38,-0.138,-0.41,False
2025-07-20 20:00:00,Bybit,Crypto.com,0.005,-0.0282,0.0332,1.66,3.04(0.0608%),-1.38,-0.138,-0.41,False
2025-07-20 20:00:00,MEXC,Crypto.com,0.005,-0.0282,0.0332,1.66,3.04(0.0608%),-1.38,-0.138,-0.41,False
2025-07-20 20:00:00,Bitget,Crypto.com,0.005,-0.0282,0.0332,1.66,3.04(0.0608%),-1.38,-0.138,-0.41,False
2025-07-20 20:00:00,Gate,Crypto.com,0.005,-0.0282,0.0332,1.66,3.04(0.0608%),-1.38,-0.138,-0.41,False
2025-07-20 12:00:00,KuCoin,Crypto.com,0.0111,-0.0683,0.0794,3.97,3.04(0.0608%),0.93,0.093,0.28,False
2025-07-20 12:00:00,Bybit,Crypto.com,0.005,-0.0683,0.0733,3.67,3.04(0.0608%),0.62,0.0625,0.19,False
2025-07-20 12:00:00,Binance,Crypto.com,0.005,-0.0683,0.0733,3.67,3.04(0.0608%),0.62,0.0625,0.19,False
2025-07-20 12:00:00,HTX,Crypto.com,0.005,-0.0683,0.0733,3.67,3.04(0.0608%),0.62,0.0625,0.19,False
2025-07-20 12:00:00,BingX,Crypto.com,0.005,-0.0683,0.0733,3.67,3.04(0.0608%),0.62,0.0625,0.19,False
2025-07-20 04:00:00,KuCoin,Crypto.com,0.0124,-0.1008,0.1132,5.66,3.04(0.0608%),2.62,0.262,0.79,False
2025-07-20 04:00:00,Bybit,Crypto.com,0.005,-0.1008,0.1058,5.29,3.04(0.0608%),2.25,0.225,0.68,False
2025-07-20 04:00:00,Binance,Crypto.com,0.005,-0.1008,0.1058,5.29,3.04(0.0608%),2.25,0.225,0.68,False
2025-07-20 04:00:00,HTX,Crypto.com,0.005,-0.1008,0.1058,5.29,3.04(0.0608%),2.25,0.225,0.68,False
2025-07-20 04:00:00,Bitget,Crypto.com,0.005,-0.1008,0.1058,5.29,3.04(0.0608%),2.25,0.225,0.68,False
2025-07-19 20:00:00,Binance,Crypto.com,0.005,-0.1441,0.1491,7.46,3.04(0.0608%),4.42,0.4415,1.32,False
2025-07-19 20:00:00,Bybit,Crypto.com,0.005,-0.1441,0.1491,7.46,3.04(0.0608%),4.42,0.4415,1.32,False
2025-07-19 20:00:00,MEXC,Crypto.com,0.005,-0.1441,0.1491,7.46,3.04(0.0608%),4.42,0.4415,1.32,False
2025-07-19 20:00:00,Bitget,Crypto.com,0.005,-0.1441,0.1491,7.46,3.04(0.0608%),4.42,0.4415,1.32,False
2025-07-19 20:00:00,BingX,Crypto.com,0.005,-0.1441,0.1491,7.46,3.04(0.0608%),4.42,0.4415,1.32,False
2025-07-19 12:00:00,Bitunix,Crypto.com,0.0642,-0.1103,0.1745,8.72,3.04(0.0608%),5.68,0.5685,1.71,False
2025-07-19 12:00:00,Bitunix,Gate,0.0642,-0.0747,0.1389,6.95,3.04(0.0608%),3.91,0.3905,1.17,False
2025-07-19 12:00:00,Bitunix,KuCoin,0.0642,-0.0656,0.1298,6.49,3.04(0.0608%),3.45,0.345,1.03,False
2025-07-19 12:00:00,Bitunix,MEXC,0.0642,-0.0631,0.1273,6.37,3.04(0.0608%),3.33,0.3325,1.0,False
2025-07-19 12:00:00,Bitunix,Binance,0.0642,-0.0625,0.1267,6.33,3.04(0.0608%),3.29,0.3295,0.99,False
