Time,Short@,Long@,Short(%),Long(%),AbsSpread(%),GrossPnL,BorrowCost(0.004%/h),NetPnL,ROI(%),ROI_day(%),BelowMin
2025-08-18 13:46:00,Bybit,KuCoin,0.005,-0.0248,0.0298,1.49,1.6(0.032%),-0.11,-0.011,-0.03,False
2025-08-18 13:46:00,BingX,KuCoin,0.005,-0.0248,0.0298,1.49,1.6(0.032%),-0.11,-0.011,-0.03,False
2025-08-18 13:46:00,Bitget,KuCoin,0.005,-0.0248,0.0298,1.49,1.6(0.032%),-0.11,-0.011,-0.03,False
2025-08-18 13:46:00,Gate,KuCoin,0.005,-0.0248,0.0298,1.49,1.6(0.032%),-0.11,-0.011,-0.03,False
2025-08-18 13:46:00,OKX,KuCoin,0.0032,-0.0248,0.028,1.4,1.6(0.032%),-0.2,-0.02,-0.06,False
2025-08-18 12:00:00,Bybit,KuCoin,0.005,-0.0253,0.0303,1.51,1.6(0.032%),-0.09,-0.0085,-0.03,False
2025-08-18 12:00:00,BingX,KuCoin,0.005,-0.0253,0.0303,1.51,1.6(0.032%),-0.09,-0.0085,-0.03,False
2025-08-18 12:00:00,Bitget,KuCoin,0.005,-0.0253,0.0303,1.51,1.6(0.032%),-0.09,-0.0085,-0.03,False
2025-08-18 12:00:00,Gate,KuCoin,0.005,-0.0253,0.0303,1.51,1.6(0.032%),-0.09,-0.0085,-0.03,False
2025-08-18 12:00:00,Binance,KuCoin,0.0009,-0.0253,0.0262,1.31,1.6(0.032%),-0.29,-0.029,-0.09,False
2025-08-18 04:00:00,Binance,KuCoin,0.005,-0.0265,0.0315,1.57,1.6(0.032%),-0.03,-0.0025,-0.01,False
2025-08-18 04:00:00,Bybit,KuCoin,0.005,-0.0265,0.0315,1.57,1.6(0.032%),-0.03,-0.0025,-0.01,False
2025-08-18 04:00:00,Bitunix,KuCoin,0.005,-0.0265,0.0315,1.57,1.6(0.032%),-0.03,-0.0025,-0.01,False
2025-08-18 04:00:00,BingX,KuCoin,0.005,-0.0265,0.0315,1.57,1.6(0.032%),-0.03,-0.0025,-0.01,False
2025-08-18 04:00:00,Bitget,KuCoin,0.005,-0.0265,0.0315,1.57,1.6(0.032%),-0.03,-0.0025,-0.01,False
2025-08-17 20:00:00,Binance,KuCoin,0.005,-0.0162,0.0212,1.06,1.6(0.032%),-0.54,-0.054,-0.16,False
2025-08-17 20:00:00,Bybit,KuCoin,0.005,-0.0162,0.0212,1.06,1.6(0.032%),-0.54,-0.054,-0.16,False
2025-08-17 20:00:00,Bitunix,KuCoin,0.005,-0.0162,0.0212,1.06,1.6(0.032%),-0.54,-0.054,-0.16,False
2025-08-17 20:00:00,BingX,KuCoin,0.005,-0.0162,0.0212,1.06,1.6(0.032%),-0.54,-0.054,-0.16,False
2025-08-17 20:00:00,Bitget,KuCoin,0.005,-0.0162,0.0212,1.06,1.6(0.032%),-0.54,-0.054,-0.16,False
2025-08-16 20:00:00,Binance,KuCoin,0.005,-0.031,0.036,1.8,1.6(0.032%),0.2,0.02,0.06,False
2025-08-16 20:00:00,Bybit,KuCoin,0.005,-0.031,0.036,1.8,1.6(0.032%),0.2,0.02,0.06,False
2025-08-16 20:00:00,HTX,KuCoin,0.005,-0.031,0.036,1.8,1.6(0.032%),0.2,0.02,0.06,False
2025-08-16 20:00:00,Bitget,KuCoin,0.005,-0.031,0.036,1.8,1.6(0.032%),0.2,0.02,0.06,False
2025-08-16 20:00:00,BingX,KuCoin,0.005,-0.031,0.036,1.8,1.6(0.032%),0.2,0.02,0.06,False
2025-08-16 12:00:00,Bybit,KuCoin,0.005,-0.0548,0.0598,2.99,1.6(0.032%),1.39,0.139,0.42,False
2025-08-16 12:00:00,Bitget,KuCoin,0.005,-0.0548,0.0598,2.99,1.6(0.032%),1.39,0.139,0.42,False
2025-08-16 12:00:00,BingX,KuCoin,0.005,-0.0548,0.0598,2.99,1.6(0.032%),1.39,0.139,0.42,False
2025-08-16 12:00:00,Bitunix,KuCoin,0.0,-0.0548,0.0548,2.74,1.6(0.032%),1.14,0.114,0.34,False
2025-08-16 12:00:00,MEXC,KuCoin,-0.0015,-0.0548,0.0533,2.67,1.6(0.032%),1.07,0.1065,0.32,False
2025-08-15 20:00:00,Bybit,Gate,0.005,-0.0561,0.0611,3.06,1.6(0.032%),1.46,0.1455,0.44,False
2025-08-15 20:00:00,OKX,Gate,0.005,-0.0561,0.0611,3.06,1.6(0.032%),1.46,0.1455,0.44,False
2025-08-15 20:00:00,BingX,Gate,0.005,-0.0561,0.0611,3.06,1.6(0.032%),1.46,0.1455,0.44,False
2025-08-15 20:00:00,Bitget,Gate,0.005,-0.0561,0.0611,3.06,1.6(0.032%),1.46,0.1455,0.44,False
2025-08-15 20:00:00,HTX,Gate,0.0018,-0.0561,0.0579,2.9,1.6(0.032%),1.29,0.1295,0.39,False
2025-08-15 04:00:00,Binance,CoinEx,0.005,-0.0243,0.0293,1.47,1.6(0.032%),-0.14,-0.0135,-0.04,False
2025-08-15 04:00:00,Bybit,CoinEx,0.005,-0.0243,0.0293,1.47,1.6(0.032%),-0.14,-0.0135,-0.04,False
2025-08-15 04:00:00,MEXC,CoinEx,0.005,-0.0243,0.0293,1.47,1.6(0.032%),-0.14,-0.0135,-0.04,False
2025-08-15 04:00:00,Bitget,CoinEx,0.005,-0.0243,0.0293,1.47,1.6(0.032%),-0.14,-0.0135,-0.04,False
2025-08-15 04:00:00,Bitunix,CoinEx,0.005,-0.0243,0.0293,1.47,1.6(0.032%),-0.14,-0.0135,-0.04,False
2025-08-14 20:00:00,Bybit,CoinEx,0.005,-0.0387,0.0437,2.18,1.6(0.032%),0.58,0.0585,0.18,False
2025-08-14 20:00:00,BingX,CoinEx,0.005,-0.0387,0.0437,2.18,1.6(0.032%),0.58,0.0585,0.18,False
2025-08-14 20:00:00,Bitget,CoinEx,0.0047,-0.0387,0.0434,2.17,1.6(0.032%),0.57,0.057,0.17,False
2025-08-14 20:00:00,Bybit,KuCoin,0.005,-0.0366,0.0416,2.08,1.6(0.032%),0.48,0.048,0.14,False
2025-08-14 20:00:00,BingX,KuCoin,0.005,-0.0366,0.0416,2.08,1.6(0.032%),0.48,0.048,0.14,False
2025-08-14 12:00:00,Bybit,CoinEx,0.005,-0.071,0.076,3.8,1.6(0.032%),2.2,0.22,0.66,False
2025-08-14 12:00:00,BingX,CoinEx,0.005,-0.071,0.076,3.8,1.6(0.032%),2.2,0.22,0.66,False
2025-08-14 12:00:00,OKX,CoinEx,0.0043,-0.071,0.0753,3.76,1.6(0.032%),2.16,0.2165,0.65,False
2025-08-14 12:00:00,Binance,CoinEx,-0.0011,-0.071,0.0699,3.49,1.6(0.032%),1.89,0.1895,0.57,False
2025-08-14 12:00:00,MEXC,CoinEx,-0.0012,-0.071,0.0698,3.49,1.6(0.032%),1.89,0.189,0.57,False
2025-08-14 04:00:00,KuCoin,CoinEx,0.0319,-0.1014,0.1333,6.67,1.6(0.032%),5.06,0.5065,1.52,False
2025-08-14 04:00:00,OKX,CoinEx,0.005,-0.1014,0.1064,5.32,1.6(0.032%),3.72,0.372,1.12,False
2025-08-14 04:00:00,Binance,CoinEx,0.005,-0.1014,0.1064,5.32,1.6(0.032%),3.72,0.372,1.12,False
2025-08-14 04:00:00,Gate,CoinEx,0.005,-0.1014,0.1064,5.32,1.6(0.032%),3.72,0.372,1.12,False
2025-08-14 04:00:00,Bitget,CoinEx,0.005,-0.1014,0.1064,5.32,1.6(0.032%),3.72,0.372,1.12,False
2025-08-13 20:00:00,Bitunix,CoinEx,0.0419,-0.0852,0.1271,6.35,1.6(0.032%),4.75,0.4755,1.43,False
2025-08-13 20:00:00,Bitunix,KuCoin,0.0419,-0.0702,0.1121,5.61,1.6(0.032%),4.01,0.4005,1.2,False
2025-08-13 20:00:00,HTX,CoinEx,0.005,-0.0852,0.0902,4.51,1.6(0.032%),2.91,0.291,0.87,False
2025-08-13 20:00:00,BingX,CoinEx,-0.0001,-0.0852,0.0851,4.25,1.6(0.032%),2.65,0.2655,0.8,False
2025-08-13 20:00:00,Bitunix,Binance,0.0419,-0.0429,0.0848,4.24,1.6(0.032%),2.64,0.264,0.79,False
2025-08-13 12:00:00,Binance,CoinEx,0.005,-0.0269,0.0319,1.59,1.6(0.032%),-0.01,-0.0005,-0.0,False
2025-08-13 12:00:00,OKX,CoinEx,0.005,-0.0269,0.0319,1.59,1.6(0.032%),-0.01,-0.0005,-0.0,False
2025-08-13 12:00:00,Bybit,CoinEx,0.005,-0.0269,0.0319,1.59,1.6(0.032%),-0.01,-0.0005,-0.0,False
2025-08-13 12:00:00,Bitget,CoinEx,0.005,-0.0269,0.0319,1.59,1.6(0.032%),-0.01,-0.0005,-0.0,False
2025-08-13 12:00:00,Bitunix,CoinEx,0.005,-0.0269,0.0319,1.59,1.6(0.032%),-0.01,-0.0005,-0.0,False
2025-08-13 04:00:00,Binance,CoinEx,0.005,-0.0461,0.0511,2.55,1.6(0.032%),0.95,0.0955,0.29,False
2025-08-13 04:00:00,OKX,CoinEx,0.005,-0.0461,0.0511,2.55,1.6(0.032%),0.95,0.0955,0.29,False
2025-08-13 04:00:00,Bybit,CoinEx,0.005,-0.0461,0.0511,2.55,1.6(0.032%),0.95,0.0955,0.29,False
2025-08-13 04:00:00,Bitget,CoinEx,0.005,-0.0461,0.0511,2.55,1.6(0.032%),0.95,0.0955,0.29,False
2025-08-13 04:00:00,Bitunix,CoinEx,0.005,-0.0461,0.0511,2.55,1.6(0.032%),0.95,0.0955,0.29,False
2025-08-12 20:00:00,Binance,CoinEx,0.005,-0.0419,0.0469,2.34,1.6(0.032%),0.74,0.0745,0.22,False
2025-08-12 20:00:00,OKX,CoinEx,0.005,-0.0419,0.0469,2.34,1.6(0.032%),0.74,0.0745,0.22,False
2025-08-12 20:00:00,Bybit,CoinEx,0.005,-0.0419,0.0469,2.34,1.6(0.032%),0.74,0.0745,0.22,False
2025-08-12 20:00:00,Bitget,CoinEx,0.005,-0.0419,0.0469,2.34,1.6(0.032%),0.74,0.0745,0.22,False
2025-08-12 20:00:00,Bitunix,CoinEx,0.005,-0.0419,0.0469,2.34,1.6(0.032%),0.74,0.0745,0.22,False
2025-08-12 12:00:00,BingX,CoinEx,0.005,-0.0747,0.0797,3.99,1.6(0.032%),2.39,0.2385,0.72,False
2025-08-12 12:00:00,Bitget,CoinEx,0.005,-0.0747,0.0797,3.99,1.6(0.032%),2.39,0.2385,0.72,False
2025-08-12 12:00:00,HTX,CoinEx,0.005,-0.0747,0.0797,3.99,1.6(0.032%),2.39,0.2385,0.72,False
2025-08-12 12:00:00,OKX,CoinEx,0.0015,-0.0747,0.0762,3.81,1.6(0.032%),2.21,0.221,0.66,False
2025-08-12 12:00:00,Gate,CoinEx,-0.0014,-0.0747,0.0733,3.67,1.6(0.032%),2.06,0.2065,0.62,False
2025-08-12 04:00:00,KuCoin,CoinEx,0.0139,-0.0402,0.0541,2.7,1.6(0.032%),1.1,0.1105,0.33,False
2025-08-12 04:00:00,Bybit,CoinEx,0.005,-0.0402,0.0452,2.26,1.6(0.032%),0.66,0.066,0.2,False
2025-08-12 04:00:00,Binance,CoinEx,0.005,-0.0402,0.0452,2.26,1.6(0.032%),0.66,0.066,0.2,False
2025-08-12 04:00:00,Gate,CoinEx,0.005,-0.0402,0.0452,2.26,1.6(0.032%),0.66,0.066,0.2,False
2025-08-12 04:00:00,Bitget,CoinEx,0.005,-0.0402,0.0452,2.26,1.6(0.032%),0.66,0.066,0.2,False
2025-08-11 20:00:00,KuCoin,CoinEx,0.0108,-0.0522,0.063,3.15,1.6(0.032%),1.55,0.155,0.46,False
2025-08-11 20:00:00,OKX,CoinEx,0.005,-0.0522,0.0572,2.86,1.6(0.032%),1.26,0.126,0.38,False
2025-08-11 20:00:00,Binance,CoinEx,0.005,-0.0522,0.0572,2.86,1.6(0.032%),1.26,0.126,0.38,False
2025-08-11 20:00:00,BingX,CoinEx,0.005,-0.0522,0.0572,2.86,1.6(0.032%),1.26,0.126,0.38,False
2025-08-11 20:00:00,Bitget,CoinEx,0.005,-0.0522,0.0572,2.86,1.6(0.032%),1.26,0.126,0.38,False
2025-08-11 12:00:00,Binance,CoinEx,0.005,-0.0424,0.0474,2.37,1.6(0.032%),0.77,0.077,0.23,False
2025-08-11 12:00:00,OKX,CoinEx,0.005,-0.0424,0.0474,2.37,1.6(0.032%),0.77,0.077,0.23,False
2025-08-11 12:00:00,Bybit,CoinEx,0.005,-0.0424,0.0474,2.37,1.6(0.032%),0.77,0.077,0.23,False
2025-08-11 12:00:00,Bitget,CoinEx,0.005,-0.0424,0.0474,2.37,1.6(0.032%),0.77,0.077,0.23,False
2025-08-11 12:00:00,Bitunix,CoinEx,0.005,-0.0424,0.0474,2.37,1.6(0.032%),0.77,0.077,0.23,False
2025-08-11 04:00:00,Binance,KuCoin,0.005,-0.0215,0.0265,1.32,1.6(0.032%),-0.28,-0.0275,-0.08,False
2025-08-11 04:00:00,Bybit,KuCoin,0.005,-0.0215,0.0265,1.32,1.6(0.032%),-0.28,-0.0275,-0.08,False
2025-08-11 04:00:00,Bitunix,KuCoin,0.005,-0.0215,0.0265,1.32,1.6(0.032%),-0.28,-0.0275,-0.08,False
2025-08-11 04:00:00,BingX,KuCoin,0.005,-0.0215,0.0265,1.32,1.6(0.032%),-0.28,-0.0275,-0.08,False
2025-08-11 04:00:00,Bitget,KuCoin,0.005,-0.0215,0.0265,1.32,1.6(0.032%),-0.28,-0.0275,-0.08,False
2025-08-10 20:00:00,KuCoin,CoinEx,0.028,0.0,0.028,1.4,1.6(0.032%),-0.2,-0.02,-0.06,False
2025-08-10 20:00:00,KuCoin,Bybit,0.028,0.005,0.023,1.15,1.6(0.032%),-0.45,-0.045,-0.13,False
2025-08-10 20:00:00,KuCoin,Binance,0.028,0.005,0.023,1.15,1.6(0.032%),-0.45,-0.045,-0.13,False
2025-08-10 20:00:00,KuCoin,HTX,0.028,0.005,0.023,1.15,1.6(0.032%),-0.45,-0.045,-0.13,False
2025-08-10 20:00:00,KuCoin,Bitunix,0.028,0.005,0.023,1.15,1.6(0.032%),-0.45,-0.045,-0.13,False
2025-08-10 12:00:00,Bybit,CoinEx,0.005,-0.0432,0.0482,2.41,1.6(0.032%),0.81,0.081,0.24,False
2025-08-10 12:00:00,Bitget,CoinEx,0.005,-0.0432,0.0482,2.41,1.6(0.032%),0.81,0.081,0.24,False
2025-08-10 12:00:00,HTX,CoinEx,0.005,-0.0432,0.0482,2.41,1.6(0.032%),0.81,0.081,0.24,False
2025-08-10 12:00:00,BingX,CoinEx,0.005,-0.0432,0.0482,2.41,1.6(0.032%),0.81,0.081,0.24,False
2025-08-10 12:00:00,OKX,CoinEx,0.0027,-0.0432,0.0459,2.3,1.6(0.032%),0.7,0.0695,0.21,False
2025-08-10 04:00:00,Bybit,KuCoin,0.005,-0.0541,0.0591,2.95,1.6(0.032%),1.35,0.1355,0.41,False
2025-08-10 04:00:00,Bitget,KuCoin,0.005,-0.0541,0.0591,2.95,1.6(0.032%),1.35,0.1355,0.41,False
2025-08-10 04:00:00,BingX,KuCoin,0.005,-0.0541,0.0591,2.95,1.6(0.032%),1.35,0.1355,0.41,False
2025-08-10 04:00:00,HTX,KuCoin,0.0014,-0.0541,0.0555,2.78,1.6(0.032%),1.18,0.1175,0.35,False
2025-08-10 04:00:00,OKX,KuCoin,-0.0077,-0.0541,0.0464,2.32,1.6(0.032%),0.72,0.072,0.22,False
2025-08-09 20:00:00,BingX,KuCoin,0.005,-0.0508,0.0558,2.79,1.6(0.032%),1.19,0.119,0.36,False
2025-08-09 20:00:00,HTX,KuCoin,0.005,-0.0508,0.0558,2.79,1.6(0.032%),1.19,0.119,0.36,False
2025-08-09 20:00:00,OKX,KuCoin,0.005,-0.0508,0.0558,2.79,1.6(0.032%),1.19,0.119,0.36,False
2025-08-09 20:00:00,Bitget,KuCoin,0.005,-0.0508,0.0558,2.79,1.6(0.032%),1.19,0.119,0.36,False
2025-08-09 20:00:00,Binance,KuCoin,0.0038,-0.0508,0.0546,2.73,1.6(0.032%),1.13,0.113,0.34,False
2025-08-09 12:00:00,BingX,KuCoin,-0.0064,-0.062,0.0556,2.78,1.6(0.032%),1.18,0.118,0.35,False
2025-08-09 12:00:00,Bybit,KuCoin,-0.0111,-0.062,0.0509,2.54,1.6(0.032%),0.94,0.0945,0.28,False
2025-08-09 12:00:00,HTX,KuCoin,-0.013,-0.062,0.049,2.45,1.6(0.032%),0.85,0.085,0.25,False
2025-08-09 12:00:00,BingX,Binance,-0.0064,-0.0528,0.0464,2.32,1.6(0.032%),0.72,0.072,0.22,False
2025-08-09 12:00:00,BingX,MEXC,-0.0064,-0.0497,0.0433,2.17,1.6(0.032%),0.56,0.0565,0.17,False
2025-08-09 04:00:00,BingX,KuCoin,0.005,-0.0483,0.0533,2.67,1.6(0.032%),1.07,0.1065,0.32,False
2025-08-09 04:00:00,Bitget,KuCoin,0.005,-0.0483,0.0533,2.67,1.6(0.032%),1.07,0.1065,0.32,False
2025-08-09 04:00:00,Bybit,KuCoin,0.0023,-0.0483,0.0506,2.53,1.6(0.032%),0.93,0.093,0.28,False
2025-08-09 04:00:00,HTX,KuCoin,-0.0082,-0.0483,0.0401,2.01,1.6(0.032%),0.41,0.0405,0.12,False
2025-08-09 04:00:00,BingX,CoinEx,0.005,-0.0326,0.0376,1.88,1.6(0.032%),0.28,0.028,0.08,False
2025-08-08 20:00:00,Bybit,KuCoin,0.005,-0.0398,0.0448,2.24,1.6(0.032%),0.64,0.064,0.19,False
2025-08-08 20:00:00,BingX,KuCoin,0.005,-0.0398,0.0448,2.24,1.6(0.032%),0.64,0.064,0.19,False
2025-08-08 20:00:00,Bitget,KuCoin,0.0032,-0.0398,0.043,2.15,1.6(0.032%),0.55,0.055,0.17,False
2025-08-08 20:00:00,OKX,KuCoin,0.0012,-0.0398,0.041,2.05,1.6(0.032%),0.45,0.045,0.13,False
2025-08-08 20:00:00,Binance,KuCoin,-0.0015,-0.0398,0.0383,1.92,1.6(0.032%),0.31,0.0315,0.09,False
2025-08-08 12:00:00,Bybit,KuCoin,0.005,-0.0306,0.0356,1.78,1.6(0.032%),0.18,0.018,0.05,False
2025-08-08 12:00:00,Bitget,KuCoin,0.005,-0.0306,0.0356,1.78,1.6(0.032%),0.18,0.018,0.05,False
2025-08-08 12:00:00,HTX,KuCoin,0.005,-0.0306,0.0356,1.78,1.6(0.032%),0.18,0.018,0.05,False
2025-08-08 12:00:00,BingX,KuCoin,0.005,-0.0306,0.0356,1.78,1.6(0.032%),0.18,0.018,0.05,False
2025-08-08 12:00:00,HTX,CoinEx,0.005,-0.0291,0.0341,1.71,1.6(0.032%),0.1,0.0105,0.03,False
2025-08-08 04:00:00,BingX,KuCoin,0.005,-0.0476,0.0526,2.63,1.6(0.032%),1.03,0.103,0.31,False
2025-08-08 04:00:00,Bitget,KuCoin,0.005,-0.0476,0.0526,2.63,1.6(0.032%),1.03,0.103,0.31,False
2025-08-08 04:00:00,HTX,KuCoin,0.005,-0.0476,0.0526,2.63,1.6(0.032%),1.03,0.103,0.31,False
2025-08-08 04:00:00,Bybit,KuCoin,-0.0107,-0.0476,0.0369,1.85,1.6(0.032%),0.25,0.0245,0.07,False
2025-08-08 04:00:00,OKX,KuCoin,-0.0146,-0.0476,0.033,1.65,1.6(0.032%),0.05,0.005,0.01,False
2025-08-07 20:00:00,HTX,KuCoin,0.005,-0.0645,0.0695,3.48,1.6(0.032%),1.88,0.1875,0.56,False
2025-08-07 20:00:00,Bitget,KuCoin,0.0023,-0.0645,0.0668,3.34,1.6(0.032%),1.74,0.174,0.52,False
2025-08-07 20:00:00,BingX,KuCoin,0.0017,-0.0645,0.0662,3.31,1.6(0.032%),1.71,0.171,0.51,False
2025-08-07 20:00:00,HTX,CoinEx,0.005,-0.0457,0.0507,2.53,1.6(0.032%),0.93,0.0935,0.28,False
2025-08-07 20:00:00,Bitget,CoinEx,0.0023,-0.0457,0.048,2.4,1.6(0.032%),0.8,0.08,0.24,False
2025-08-07 12:00:00,Binance,KuCoin,0.005,-0.0562,0.0612,3.06,1.6(0.032%),1.46,0.146,0.44,False
2025-08-07 12:00:00,Bybit,KuCoin,0.005,-0.0562,0.0612,3.06,1.6(0.032%),1.46,0.146,0.44,False
2025-08-07 12:00:00,Bitunix,KuCoin,0.005,-0.0562,0.0612,3.06,1.6(0.032%),1.46,0.146,0.44,False
2025-08-07 12:00:00,Bitget,KuCoin,0.005,-0.0562,0.0612,3.06,1.6(0.032%),1.46,0.146,0.44,False
2025-08-07 12:00:00,BingX,KuCoin,0.005,-0.0562,0.0612,3.06,1.6(0.032%),1.46,0.146,0.44,False
2025-08-07 04:00:00,Binance,KuCoin,0.005,-0.0241,0.0291,1.46,1.6(0.032%),-0.15,-0.0145,-0.04,False
2025-08-07 04:00:00,Bybit,KuCoin,0.005,-0.0241,0.0291,1.46,1.6(0.032%),-0.15,-0.0145,-0.04,False
2025-08-07 04:00:00,Bitunix,KuCoin,0.005,-0.0241,0.0291,1.46,1.6(0.032%),-0.15,-0.0145,-0.04,False
2025-08-07 04:00:00,BingX,KuCoin,0.005,-0.0241,0.0291,1.46,1.6(0.032%),-0.15,-0.0145,-0.04,False
2025-08-07 04:00:00,Bitget,KuCoin,0.005,-0.0241,0.0291,1.46,1.6(0.032%),-0.15,-0.0145,-0.04,False
2025-08-06 20:00:00,Bitunix,KuCoin,0.0128,-0.0278,0.0406,2.03,1.6(0.032%),0.43,0.043,0.13,False
2025-08-06 20:00:00,Bybit,KuCoin,0.005,-0.0278,0.0328,1.64,1.6(0.032%),0.04,0.004,0.01,False
2025-08-06 20:00:00,Binance,KuCoin,0.005,-0.0278,0.0328,1.64,1.6(0.032%),0.04,0.004,0.01,False
2025-08-06 20:00:00,HTX,KuCoin,0.005,-0.0278,0.0328,1.64,1.6(0.032%),0.04,0.004,0.01,False
2025-08-06 20:00:00,Bitget,KuCoin,0.005,-0.0278,0.0328,1.64,1.6(0.032%),0.04,0.004,0.01,False
2025-08-06 12:00:00,Bitunix,KuCoin,0.0186,-0.0826,0.1012,5.06,1.6(0.032%),3.46,0.346,1.04,False
2025-08-06 12:00:00,HTX,KuCoin,0.005,-0.0826,0.0876,4.38,1.6(0.032%),2.78,0.278,0.83,False
2025-08-06 12:00:00,Bitget,KuCoin,0.005,-0.0826,0.0876,4.38,1.6(0.032%),2.78,0.278,0.83,False
2025-08-06 12:00:00,BingX,KuCoin,0.005,-0.0826,0.0876,4.38,1.6(0.032%),2.78,0.278,0.83,False
2025-08-06 12:00:00,Bitunix,CoinEx,0.0186,-0.0635,0.0821,4.11,1.6(0.032%),2.51,0.2505,0.75,False
2025-08-06 04:00:00,Bitunix,CoinEx,0.0232,-0.0826,0.1058,5.29,1.6(0.032%),3.69,0.369,1.11,False
2025-08-06 04:00:00,Bitunix,HTX,0.0232,-0.0727,0.0959,4.79,1.6(0.032%),3.19,0.3195,0.96,False
2025-08-06 04:00:00,Bitunix,KuCoin,0.0232,-0.0721,0.0953,4.76,1.6(0.032%),3.16,0.3165,0.95,False
2025-08-06 04:00:00,BingX,CoinEx,0.005,-0.0826,0.0876,4.38,1.6(0.032%),2.78,0.278,0.83,False
2025-08-06 04:00:00,Bitget,CoinEx,0.0046,-0.0826,0.0872,4.36,1.6(0.032%),2.76,0.276,0.83,False
2025-08-05 20:00:00,Bitunix,KuCoin,0.0241,-0.1035,0.1276,6.38,1.6(0.032%),4.78,0.478,1.43,False
2025-08-05 20:00:00,Bitget,KuCoin,0.005,-0.1035,0.1085,5.42,1.6(0.032%),3.82,0.3825,1.15,False
2025-08-05 20:00:00,BingX,KuCoin,0.005,-0.1035,0.1085,5.42,1.6(0.032%),3.82,0.3825,1.15,False
2025-08-05 20:00:00,HTX,KuCoin,-0.0011,-0.1035,0.1024,5.12,1.6(0.032%),3.52,0.352,1.06,False
2025-08-05 20:00:00,OKX,KuCoin,-0.0137,-0.1035,0.0898,4.49,1.6(0.032%),2.89,0.289,0.87,False
2025-08-05 12:00:00,HTX,KuCoin,0.0034,-0.1303,0.1337,6.68,1.6(0.032%),5.08,0.5085,1.53,False
2025-08-05 12:00:00,Bitget,KuCoin,0.0009,-0.1303,0.1312,6.56,1.6(0.032%),4.96,0.496,1.49,False
2025-08-05 12:00:00,Bybit,KuCoin,0.0006,-0.1303,0.1309,6.54,1.6(0.032%),4.94,0.4945,1.48,False
2025-08-05 12:00:00,HTX,CoinEx,0.0034,-0.1152,0.1186,5.93,1.6(0.032%),4.33,0.433,1.3,False
2025-08-05 12:00:00,Bitget,CoinEx,0.0009,-0.1152,0.1161,5.8,1.6(0.032%),4.21,0.4205,1.26,False
2025-08-05 04:00:00,Bybit,KuCoin,-0.0299,-0.1976,0.1677,8.38,1.6(0.032%),6.79,0.6785,2.04,False
2025-08-05 04:00:00,OKX,KuCoin,-0.0418,-0.1976,0.1558,7.79,1.6(0.032%),6.19,0.619,1.86,False
2025-08-05 04:00:00,Bybit,CoinEx,-0.0299,-0.1834,0.1535,7.67,1.6(0.032%),6.07,0.6075,1.82,False
2025-08-05 04:00:00,HTX,KuCoin,-0.0479,-0.1976,0.1497,7.49,1.6(0.032%),5.88,0.5885,1.77,False
2025-08-05 04:00:00,Bitget,KuCoin,-0.0515,-0.1976,0.1461,7.31,1.6(0.032%),5.71,0.5705,1.71,False
2025-08-04 20:00:00,Bitunix,KuCoin,-0.1071,-0.3669,0.2598,12.99,1.6(0.032%),11.39,1.139,3.42,False
2025-08-04 20:00:00,Bitunix,CoinEx,-0.1071,-0.3409,0.2338,11.69,1.6(0.032%),10.09,1.009,3.03,False
2025-08-04 20:00:00,HTX,KuCoin,-0.1775,-0.3669,0.1894,9.47,1.6(0.032%),7.87,0.787,2.36,False
2025-08-04 20:00:00,Bitget,KuCoin,-0.1813,-0.3669,0.1856,9.28,1.6(0.032%),7.68,0.768,2.3,False
2025-08-04 20:00:00,Gate,KuCoin,-0.1873,-0.3669,0.1796,8.98,1.6(0.032%),7.38,0.738,2.21,False
2025-08-04 12:00:00,Bitget,KuCoin,0.0014,-0.0651,0.0665,3.33,1.6(0.032%),1.73,0.1725,0.52,False
2025-08-04 12:00:00,BingX,KuCoin,-0.006,-0.0651,0.0591,2.96,1.6(0.032%),1.35,0.1355,0.41,False
2025-08-04 12:00:00,Bybit,KuCoin,-0.0084,-0.0651,0.0567,2.84,1.6(0.032%),1.24,0.1235,0.37,False
2025-08-04 12:00:00,HTX,KuCoin,-0.0089,-0.0651,0.0562,2.81,1.6(0.032%),1.21,0.121,0.36,False
2025-08-04 12:00:00,OKX,KuCoin,-0.0203,-0.0651,0.0448,2.24,1.6(0.032%),0.64,0.064,0.19,False
2025-08-04 04:00:00,BingX,Bitget,0.0005,-0.0678,0.0683,3.42,1.6(0.032%),1.81,0.1815,0.54,False
2025-08-04 04:00:00,Bybit,Bitget,0.0003,-0.0678,0.0681,3.4,1.6(0.032%),1.8,0.1805,0.54,False
2025-08-04 04:00:00,CoinEx,Bitget,-0.0082,-0.0678,0.0596,2.98,1.6(0.032%),1.38,0.138,0.41,False
2025-08-04 04:00:00,HTX,Bitget,-0.0137,-0.0678,0.0541,2.7,1.6(0.032%),1.1,0.1105,0.33,False
2025-08-04 04:00:00,Gate,Bitget,-0.0229,-0.0678,0.0449,2.24,1.6(0.032%),0.64,0.0645,0.19,False
2025-08-03 20:00:00,BingX,KuCoin,-0.0111,-0.0823,0.0712,3.56,1.6(0.032%),1.96,0.196,0.59,False
2025-08-03 20:00:00,OKX,KuCoin,-0.0156,-0.0823,0.0667,3.33,1.6(0.032%),1.73,0.1735,0.52,False
2025-08-03 20:00:00,Bitget,KuCoin,-0.0181,-0.0823,0.0642,3.21,1.6(0.032%),1.61,0.161,0.48,False
2025-08-03 20:00:00,HTX,KuCoin,-0.0184,-0.0823,0.0639,3.2,1.6(0.032%),1.6,0.1595,0.48,False
2025-08-03 20:00:00,MEXC,KuCoin,-0.0197,-0.0823,0.0626,3.13,1.6(0.032%),1.53,0.153,0.46,False
2025-08-03 12:00:00,Binance,KuCoin,0.005,-0.0852,0.0902,4.51,1.6(0.032%),2.91,0.291,0.87,False
2025-08-03 12:00:00,HTX,KuCoin,0.005,-0.0852,0.0902,4.51,1.6(0.032%),2.91,0.291,0.87,False
2025-08-03 12:00:00,Bitunix,KuCoin,0.005,-0.0852,0.0902,4.51,1.6(0.032%),2.91,0.291,0.87,False
2025-08-03 12:00:00,MEXC,KuCoin,0.005,-0.0852,0.0902,4.51,1.6(0.032%),2.91,0.291,0.87,False
2025-08-03 12:00:00,BingX,KuCoin,0.005,-0.0852,0.0902,4.51,1.6(0.032%),2.91,0.291,0.87,False
2025-08-03 04:00:00,BingX,KuCoin,-0.0106,-0.0881,0.0775,3.88,1.6(0.032%),2.27,0.2275,0.68,False
2025-08-03 04:00:00,Bitunix,KuCoin,-0.0151,-0.0881,0.073,3.65,1.6(0.032%),2.05,0.205,0.61,False
2025-08-03 04:00:00,MEXC,KuCoin,-0.0151,-0.0881,0.073,3.65,1.6(0.032%),2.05,0.205,0.61,False
2025-08-03 04:00:00,Binance,KuCoin,-0.016,-0.0881,0.0721,3.6,1.6(0.032%),2.0,0.2005,0.6,False
2025-08-03 04:00:00,HTX,KuCoin,-0.0165,-0.0881,0.0716,3.58,1.6(0.032%),1.98,0.198,0.59,False
2025-08-02 20:00:00,BingX,KuCoin,-0.0051,-0.0951,0.09,4.5,1.6(0.032%),2.9,0.29,0.87,False
2025-08-02 20:00:00,Bybit,KuCoin,-0.0071,-0.0951,0.088,4.4,1.6(0.032%),2.8,0.28,0.84,False
2025-08-02 20:00:00,OKX,KuCoin,-0.0153,-0.0951,0.0798,3.99,1.6(0.032%),2.39,0.239,0.72,False
2025-08-02 20:00:00,BingX,CoinEx,-0.0051,-0.084,0.0789,3.94,1.6(0.032%),2.34,0.2345,0.7,False
2025-08-02 20:00:00,Bybit,CoinEx,-0.0071,-0.084,0.0769,3.85,1.6(0.032%),2.25,0.2245,0.67,False
2025-08-02 12:00:00,HTX,CoinEx,-0.0178,-0.074,0.0562,2.81,1.6(0.032%),1.21,0.121,0.36,False
2025-08-02 12:00:00,HTX,KuCoin,-0.0178,-0.0688,0.051,2.55,1.6(0.032%),0.95,0.095,0.29,False
2025-08-02 12:00:00,Bybit,CoinEx,-0.0339,-0.074,0.0401,2.0,1.6(0.032%),0.4,0.0405,0.12,False
2025-08-02 12:00:00,HTX,Bitunix,-0.0178,-0.0544,0.0366,1.83,1.6(0.032%),0.23,0.023,0.07,False
2025-08-02 12:00:00,HTX,MEXC,-0.0178,-0.0543,0.0365,1.83,1.6(0.032%),0.23,0.0225,0.07,False
2025-08-02 04:00:00,Bybit,KuCoin,0.005,-0.0906,0.0956,4.78,1.6(0.032%),3.18,0.318,0.95,False
2025-08-02 04:00:00,HTX,KuCoin,0.005,-0.0906,0.0956,4.78,1.6(0.032%),3.18,0.318,0.95,False
2025-08-02 04:00:00,Bitget,KuCoin,0.004,-0.0906,0.0946,4.73,1.6(0.032%),3.13,0.313,0.94,False
2025-08-02 04:00:00,OKX,KuCoin,0.0037,-0.0906,0.0943,4.71,1.6(0.032%),3.11,0.3115,0.93,False
2025-08-02 04:00:00,Binance,KuCoin,-0.0102,-0.0906,0.0804,4.02,1.6(0.032%),2.42,0.242,0.73,False
2025-08-01 20:00:00,OKX,KuCoin,0.005,-0.1072,0.1122,5.61,1.6(0.032%),4.01,0.401,1.2,False
2025-08-01 20:00:00,HTX,KuCoin,-0.0089,-0.1072,0.0983,4.92,1.6(0.032%),3.31,0.3315,0.99,False
2025-08-01 20:00:00,Bybit,KuCoin,-0.0133,-0.1072,0.0939,4.7,1.6(0.032%),3.1,0.3095,0.93,False
2025-08-01 20:00:00,MEXC,KuCoin,-0.0166,-0.1072,0.0906,4.53,1.6(0.032%),2.93,0.293,0.88,False
2025-08-01 20:00:00,Bitunix,KuCoin,-0.0166,-0.1072,0.0906,4.53,1.6(0.032%),2.93,0.293,0.88,False
2025-08-01 12:00:00,Bybit,CoinEx,0.005,-0.1242,0.1292,6.46,1.6(0.032%),4.86,0.486,1.46,False
2025-08-01 12:00:00,OKX,CoinEx,0.0015,-0.1242,0.1257,6.29,1.6(0.032%),4.69,0.4685,1.41,False
2025-08-01 12:00:00,HTX,CoinEx,-0.0,-0.1242,0.1242,6.21,1.6(0.032%),4.61,0.461,1.38,False
2025-08-01 12:00:00,Bitget,CoinEx,-0.0069,-0.1242,0.1173,5.87,1.6(0.032%),4.27,0.4265,1.28,False
2025-08-01 12:00:00,Gate,CoinEx,-0.0127,-0.1242,0.1115,5.58,1.6(0.032%),3.98,0.3975,1.19,False
2025-08-01 04:00:00,Bybit,CoinEx,0.005,-0.0985,0.1035,5.18,1.6(0.032%),3.58,0.3575,1.07,False
2025-08-01 04:00:00,OKX,CoinEx,0.005,-0.0985,0.1035,5.18,1.6(0.032%),3.58,0.3575,1.07,False
2025-08-01 04:00:00,Gate,CoinEx,0.0042,-0.0985,0.1027,5.13,1.6(0.032%),3.53,0.3535,1.06,False
2025-08-01 04:00:00,HTX,CoinEx,0.0007,-0.0985,0.0992,4.96,1.6(0.032%),3.36,0.336,1.01,False
2025-08-01 04:00:00,Bitget,CoinEx,-0.0129,-0.0985,0.0856,4.28,1.6(0.032%),2.68,0.268,0.8,False
2025-07-31 20:00:00,Binance,KuCoin,0.005,-0.0619,0.0669,3.35,1.6(0.032%),1.75,0.1745,0.52,False
2025-07-31 20:00:00,Bybit,KuCoin,0.005,-0.0619,0.0669,3.35,1.6(0.032%),1.75,0.1745,0.52,False
2025-07-31 20:00:00,Bitunix,KuCoin,0.005,-0.0619,0.0669,3.35,1.6(0.032%),1.75,0.1745,0.52,False
2025-07-31 20:00:00,Gate,KuCoin,0.005,-0.0619,0.0669,3.35,1.6(0.032%),1.75,0.1745,0.52,False
2025-07-31 20:00:00,BingX,KuCoin,0.005,-0.0619,0.0669,3.35,1.6(0.032%),1.75,0.1745,0.52,False
2025-07-31 12:00:00,BingX,CoinEx,-0.0023,-0.0687,0.0664,3.32,1.6(0.032%),1.72,0.172,0.52,False
2025-07-31 12:00:00,Bybit,CoinEx,-0.0027,-0.0687,0.066,3.3,1.6(0.032%),1.7,0.17,0.51,False
2025-07-31 12:00:00,BingX,KuCoin,-0.0023,-0.0657,0.0634,3.17,1.6(0.032%),1.57,0.157,0.47,False
2025-07-31 12:00:00,Bybit,KuCoin,-0.0027,-0.0657,0.063,3.15,1.6(0.032%),1.55,0.155,0.46,False
2025-07-31 12:00:00,Bitget,CoinEx,-0.0105,-0.0687,0.0582,2.91,1.6(0.032%),1.31,0.131,0.39,False
2025-07-31 04:00:00,HTX,KuCoin,-0.0103,-0.1142,0.1039,5.2,1.6(0.032%),3.6,0.3595,1.08,False
2025-07-31 04:00:00,BingX,KuCoin,-0.0129,-0.1142,0.1013,5.07,1.6(0.032%),3.47,0.3465,1.04,False
2025-07-31 04:00:00,Bybit,KuCoin,-0.0185,-0.1142,0.0957,4.79,1.6(0.032%),3.19,0.3185,0.96,False
2025-07-31 04:00:00,Bitget,KuCoin,-0.0212,-0.1142,0.093,4.65,1.6(0.032%),3.05,0.305,0.91,False
2025-07-31 04:00:00,OKX,KuCoin,-0.0249,-0.1142,0.0893,4.46,1.6(0.032%),2.86,0.2865,0.86,False
2025-07-30 20:00:00,Bybit,KuCoin,0.005,-0.0904,0.0954,4.77,1.6(0.032%),3.17,0.317,0.95,False
2025-07-30 20:00:00,BingX,KuCoin,0.005,-0.0904,0.0954,4.77,1.6(0.032%),3.17,0.317,0.95,False
2025-07-30 20:00:00,Bybit,CoinEx,0.005,-0.0772,0.0822,4.11,1.6(0.032%),2.51,0.251,0.75,False
2025-07-30 20:00:00,BingX,CoinEx,0.005,-0.0772,0.0822,4.11,1.6(0.032%),2.51,0.251,0.75,False
2025-07-30 20:00:00,Bitunix,KuCoin,-0.0096,-0.0904,0.0808,4.04,1.6(0.032%),2.44,0.244,0.73,False
2025-07-30 12:00:00,HTX,CoinEx,-0.0054,-0.0807,0.0753,3.76,1.6(0.032%),2.16,0.2165,0.65,False
2025-07-30 12:00:00,BingX,CoinEx,-0.0162,-0.0807,0.0645,3.23,1.6(0.032%),1.63,0.1625,0.49,False
2025-07-30 12:00:00,Bybit,CoinEx,-0.0223,-0.0807,0.0584,2.92,1.6(0.032%),1.32,0.132,0.4,False
2025-07-30 12:00:00,MEXC,CoinEx,-0.0237,-0.0807,0.057,2.85,1.6(0.032%),1.25,0.125,0.38,False
2025-07-30 12:00:00,Bitunix,CoinEx,-0.0237,-0.0807,0.057,2.85,1.6(0.032%),1.25,0.125,0.38,False
2025-07-30 04:00:00,Bybit,CoinEx,0.005,-0.0903,0.0953,4.77,1.6(0.032%),3.17,0.3165,0.95,False
2025-07-30 04:00:00,BingX,CoinEx,0.005,-0.0903,0.0953,4.77,1.6(0.032%),3.17,0.3165,0.95,False
2025-07-30 04:00:00,HTX,CoinEx,0.005,-0.0903,0.0953,4.77,1.6(0.032%),3.17,0.3165,0.95,False
2025-07-30 04:00:00,OKX,CoinEx,-0.0061,-0.0903,0.0842,4.21,1.6(0.032%),2.61,0.261,0.78,False
2025-07-30 04:00:00,Gate,CoinEx,-0.0162,-0.0903,0.0741,3.71,1.6(0.032%),2.1,0.2105,0.63,False
2025-07-29 20:00:00,Bybit,CoinEx,0.005,-0.0582,0.0632,3.16,1.6(0.032%),1.56,0.156,0.47,False
2025-07-29 20:00:00,OKX,CoinEx,0.005,-0.0582,0.0632,3.16,1.6(0.032%),1.56,0.156,0.47,False
2025-07-29 20:00:00,HTX,CoinEx,0.005,-0.0582,0.0632,3.16,1.6(0.032%),1.56,0.156,0.47,False
2025-07-29 20:00:00,Gate,CoinEx,0.005,-0.0582,0.0632,3.16,1.6(0.032%),1.56,0.156,0.47,False
2025-07-29 20:00:00,BingX,CoinEx,0.005,-0.0582,0.0632,3.16,1.6(0.032%),1.56,0.156,0.47,False
2025-07-29 12:00:00,Bybit,CoinEx,0.005,-0.0827,0.0877,4.38,1.6(0.032%),2.78,0.2785,0.84,False
2025-07-29 12:00:00,BingX,CoinEx,0.005,-0.0827,0.0877,4.38,1.6(0.032%),2.78,0.2785,0.84,False
2025-07-29 12:00:00,HTX,CoinEx,0.005,-0.0827,0.0877,4.38,1.6(0.032%),2.78,0.2785,0.84,False
2025-07-29 12:00:00,OKX,CoinEx,0.0031,-0.0827,0.0858,4.29,1.6(0.032%),2.69,0.269,0.81,False
2025-07-29 12:00:00,Gate,CoinEx,-0.0146,-0.0827,0.0681,3.4,1.6(0.032%),1.8,0.1805,0.54,False
2025-07-29 04:00:00,BingX,CoinEx,-0.0011,-0.0625,0.0614,3.07,1.6(0.032%),1.47,0.147,0.44,False
2025-07-29 04:00:00,MEXC,CoinEx,-0.0014,-0.0625,0.0611,3.06,1.6(0.032%),1.46,0.1455,0.44,False
2025-07-29 04:00:00,Bitunix,CoinEx,-0.0015,-0.0625,0.061,3.05,1.6(0.032%),1.45,0.145,0.43,False
2025-07-29 04:00:00,Binance,CoinEx,-0.0017,-0.0625,0.0608,3.04,1.6(0.032%),1.44,0.144,0.43,False
2025-07-29 04:00:00,HTX,CoinEx,-0.0049,-0.0625,0.0576,2.88,1.6(0.032%),1.28,0.128,0.38,False
2025-07-28 20:00:00,BingX,CoinEx,-0.0069,-0.0612,0.0543,2.71,1.6(0.032%),1.11,0.1115,0.33,False
2025-07-28 20:00:00,OKX,CoinEx,-0.0096,-0.0612,0.0516,2.58,1.6(0.032%),0.98,0.098,0.29,False
2025-07-28 20:00:00,HTX,CoinEx,-0.0106,-0.0612,0.0506,2.53,1.6(0.032%),0.93,0.093,0.28,False
2025-07-28 20:00:00,KuCoin,CoinEx,-0.0109,-0.0612,0.0503,2.51,1.6(0.032%),0.91,0.0915,0.27,False
2025-07-28 20:00:00,MEXC,CoinEx,-0.0185,-0.0612,0.0427,2.14,1.6(0.032%),0.54,0.0535,0.16,False
2025-07-28 12:00:00,Binance,CoinEx,0.005,-0.0679,0.0729,3.65,1.6(0.032%),2.04,0.2045,0.61,False
2025-07-28 12:00:00,OKX,CoinEx,0.005,-0.0679,0.0729,3.65,1.6(0.032%),2.04,0.2045,0.61,False
2025-07-28 12:00:00,Bybit,CoinEx,0.005,-0.0679,0.0729,3.65,1.6(0.032%),2.04,0.2045,0.61,False
2025-07-28 12:00:00,BingX,CoinEx,0.005,-0.0679,0.0729,3.65,1.6(0.032%),2.04,0.2045,0.61,False
2025-07-28 12:00:00,Bitunix,CoinEx,0.005,-0.0679,0.0729,3.65,1.6(0.032%),2.04,0.2045,0.61,False
2025-07-28 04:00:00,KuCoin,CoinEx,0.0199,-0.0145,0.0344,1.72,1.6(0.032%),0.12,0.012,0.04,False
2025-07-27 20:00:00,Bybit,CoinEx,0.005,-0.0526,0.0576,2.88,1.6(0.032%),1.28,0.128,0.38,False
2025-07-27 20:00:00,Gate,CoinEx,0.005,-0.0526,0.0576,2.88,1.6(0.032%),1.28,0.128,0.38,False
2025-07-27 20:00:00,HTX,CoinEx,0.005,-0.0526,0.0576,2.88,1.6(0.032%),1.28,0.128,0.38,False
2025-07-27 20:00:00,Bitget,CoinEx,0.005,-0.0526,0.0576,2.88,1.6(0.032%),1.28,0.128,0.38,False
2025-07-27 20:00:00,BingX,CoinEx,0.005,-0.0526,0.0576,2.88,1.6(0.032%),1.28,0.128,0.38,False
2025-07-27 12:00:00,KuCoin,CoinEx,0.0116,-0.0155,0.0271,1.35,1.6(0.032%),-0.25,-0.0245,-0.07,False
2025-07-27 12:00:00,OKX,CoinEx,0.005,-0.0155,0.0205,1.02,1.6(0.032%),-0.58,-0.0575,-0.17,False
2025-07-27 12:00:00,Binance,CoinEx,0.005,-0.0155,0.0205,1.02,1.6(0.032%),-0.58,-0.0575,-0.17,False
2025-07-27 12:00:00,Gate,CoinEx,0.005,-0.0155,0.0205,1.02,1.6(0.032%),-0.58,-0.0575,-0.17,False
2025-07-27 12:00:00,Bitget,CoinEx,0.005,-0.0155,0.0205,1.02,1.6(0.032%),-0.58,-0.0575,-0.17,False
2025-07-27 04:00:00,Bybit,CoinEx,0.005,-0.0534,0.0584,2.92,1.6(0.032%),1.32,0.132,0.4,False
2025-07-27 04:00:00,OKX,CoinEx,0.005,-0.0534,0.0584,2.92,1.6(0.032%),1.32,0.132,0.4,False
2025-07-27 04:00:00,HTX,CoinEx,0.005,-0.0534,0.0584,2.92,1.6(0.032%),1.32,0.132,0.4,False
2025-07-27 04:00:00,Gate,CoinEx,0.005,-0.0534,0.0584,2.92,1.6(0.032%),1.32,0.132,0.4,False
2025-07-27 04:00:00,Binance,CoinEx,0.0003,-0.0534,0.0537,2.69,1.6(0.032%),1.08,0.1085,0.33,False
2025-07-26 20:00:00,Bybit,CoinEx,0.005,-0.0789,0.0839,4.2,1.6(0.032%),2.6,0.2595,0.78,False
2025-07-26 20:00:00,OKX,CoinEx,0.005,-0.0789,0.0839,4.2,1.6(0.032%),2.6,0.2595,0.78,False
2025-07-26 20:00:00,Bitget,CoinEx,0.0041,-0.0789,0.083,4.15,1.6(0.032%),2.55,0.255,0.77,False
2025-07-26 20:00:00,HTX,CoinEx,0.0037,-0.0789,0.0826,4.13,1.6(0.032%),2.53,0.253,0.76,False
2025-07-26 20:00:00,Gate,CoinEx,0.0009,-0.0789,0.0798,3.99,1.6(0.032%),2.39,0.239,0.72,False
2025-07-26 12:00:00,Gate,CoinEx,0.005,-0.0746,0.0796,3.98,1.6(0.032%),2.38,0.238,0.71,False
2025-07-26 12:00:00,HTX,CoinEx,-0.0014,-0.0746,0.0732,3.66,1.6(0.032%),2.06,0.206,0.62,False
2025-07-26 12:00:00,Gate,KuCoin,0.005,-0.0645,0.0695,3.48,1.6(0.032%),1.88,0.1875,0.56,False
2025-07-26 12:00:00,HTX,KuCoin,-0.0014,-0.0645,0.0631,3.16,1.6(0.032%),1.56,0.1555,0.47,False
2025-07-26 12:00:00,Binance,CoinEx,-0.0127,-0.0746,0.0619,3.09,1.6(0.032%),1.49,0.1495,0.45,False
2025-07-26 04:00:00,HTX,KuCoin,0.005,-0.1432,0.1482,7.41,1.6(0.032%),5.81,0.581,1.74,False
2025-07-26 04:00:00,OKX,KuCoin,0.004,-0.1432,0.1472,7.36,1.6(0.032%),5.76,0.576,1.73,False
2025-07-26 04:00:00,BingX,KuCoin,0.0036,-0.1432,0.1468,7.34,1.6(0.032%),5.74,0.574,1.72,False
2025-07-26 04:00:00,Bitunix,KuCoin,0.0018,-0.1432,0.145,7.25,1.6(0.032%),5.65,0.565,1.69,False
2025-07-26 04:00:00,Binance,KuCoin,0.0018,-0.1432,0.145,7.25,1.6(0.032%),5.65,0.565,1.69,False
2025-07-25 20:00:00,HTX,CoinEx,-0.0792,-0.2213,0.1421,7.1,1.6(0.032%),5.5,0.5505,1.65,False
2025-07-25 20:00:00,Gate,CoinEx,-0.0841,-0.2213,0.1372,6.86,1.6(0.032%),5.26,0.526,1.58,False
2025-07-25 20:00:00,OKX,CoinEx,-0.0922,-0.2213,0.1291,6.45,1.6(0.032%),4.85,0.4855,1.46,False
2025-07-25 20:00:00,Bitget,CoinEx,-0.1008,-0.2213,0.1205,6.02,1.6(0.032%),4.42,0.4425,1.33,False
2025-07-25 20:00:00,Bitunix,CoinEx,-0.1012,-0.2213,0.1201,6.0,1.6(0.032%),4.4,0.4405,1.32,False
2025-07-25 12:00:00,OKX,CoinEx,0.005,-0.0951,0.1001,5.01,1.6(0.032%),3.41,0.3405,1.02,False
2025-07-25 12:00:00,BingX,CoinEx,0.005,-0.0951,0.1001,5.01,1.6(0.032%),3.41,0.3405,1.02,False
2025-07-25 12:00:00,HTX,CoinEx,0.005,-0.0951,0.1001,5.01,1.6(0.032%),3.41,0.3405,1.02,False
2025-07-25 12:00:00,Binance,CoinEx,-0.0069,-0.0951,0.0882,4.41,1.6(0.032%),2.81,0.281,0.84,False
2025-07-25 12:00:00,Bitunix,CoinEx,-0.007,-0.0951,0.0881,4.4,1.6(0.032%),2.8,0.2805,0.84,False
2025-07-25 04:00:00,Bybit,CoinEx,0.005,-0.1303,0.1353,6.77,1.6(0.032%),5.17,0.5165,1.55,False
2025-07-25 04:00:00,Bitget,CoinEx,0.005,-0.1303,0.1353,6.77,1.6(0.032%),5.17,0.5165,1.55,False
2025-07-25 04:00:00,Bybit,KuCoin,0.005,-0.1262,0.1312,6.56,1.6(0.032%),4.96,0.496,1.49,False
2025-07-25 04:00:00,Bitget,KuCoin,0.005,-0.1262,0.1312,6.56,1.6(0.032%),4.96,0.496,1.49,False
2025-07-25 04:00:00,Binance,CoinEx,-0.0138,-0.1303,0.1165,5.83,1.6(0.032%),4.22,0.4225,1.27,False
2025-07-24 20:00:00,BingX,CoinEx,-0.0295,-0.4575,0.428,21.4,1.6(0.032%),19.8,1.98,5.94,False
2025-07-24 20:00:00,OKX,CoinEx,-0.0388,-0.4575,0.4187,20.93,1.6(0.032%),19.33,1.9335,5.8,False
2025-07-24 20:00:00,Bybit,CoinEx,-0.042,-0.4575,0.4155,20.78,1.6(0.032%),19.18,1.9175,5.75,False
2025-07-24 20:00:00,Binance,CoinEx,-0.0456,-0.4575,0.4119,20.6,1.6(0.032%),19.0,1.8995,5.7,False
2025-07-24 20:00:00,Bitunix,CoinEx,-0.0463,-0.4575,0.4112,20.56,1.6(0.032%),18.96,1.896,5.69,False
2025-07-24 12:00:00,MEXC,KuCoin,-0.143,-0.6311,0.4881,24.41,1.6(0.032%),22.8,2.2805,6.84,False
2025-07-24 12:00:00,MEXC,OKX,-0.143,-0.5639,0.4209,21.04,1.6(0.032%),19.44,1.9445,5.83,False
2025-07-24 12:00:00,MEXC,Binance,-0.143,-0.5615,0.4185,20.92,1.6(0.032%),19.32,1.9325,5.8,False
2025-07-24 12:00:00,MEXC,CoinEx,-0.143,-0.5517,0.4087,20.43,1.6(0.032%),18.83,1.8835,5.65,False
2025-07-24 12:00:00,MEXC,Bybit,-0.143,-0.53,0.387,19.35,1.6(0.032%),17.75,1.775,5.32,False
2025-07-24 04:00:00,CoinEx,KuCoin,0.0825,-0.0887,0.1712,8.56,1.6(0.032%),6.96,0.696,2.09,False
2025-07-24 04:00:00,CoinEx,Bitget,0.0825,-0.0351,0.1176,5.88,1.6(0.032%),4.28,0.428,1.28,False
2025-07-24 04:00:00,CoinEx,Bitunix,0.0825,-0.0279,0.1104,5.52,1.6(0.032%),3.92,0.392,1.18,False
2025-07-24 04:00:00,CoinEx,MEXC,0.0825,-0.027,0.1095,5.48,1.6(0.032%),3.88,0.3875,1.16,False
2025-07-24 04:00:00,CoinEx,Binance,0.0825,-0.0252,0.1077,5.39,1.6(0.032%),3.79,0.3785,1.14,False
2025-07-23 20:00:00,Binance,KuCoin,0.005,-0.0165,0.0215,1.08,1.6(0.032%),-0.52,-0.0525,-0.16,False
2025-07-23 20:00:00,Bybit,KuCoin,0.005,-0.0165,0.0215,1.08,1.6(0.032%),-0.52,-0.0525,-0.16,False
2025-07-23 20:00:00,Gate,KuCoin,0.005,-0.0165,0.0215,1.08,1.6(0.032%),-0.52,-0.0525,-0.16,False
2025-07-23 20:00:00,BingX,KuCoin,0.005,-0.0165,0.0215,1.08,1.6(0.032%),-0.52,-0.0525,-0.16,False
2025-07-23 20:00:00,Bitget,KuCoin,0.005,-0.0165,0.0215,1.08,1.6(0.032%),-0.52,-0.0525,-0.16,False
2025-07-23 12:00:00,Bitunix,CoinEx,0.0412,-0.0478,0.089,4.45,1.6(0.032%),2.85,0.285,0.86,False
2025-07-23 12:00:00,Bitunix,MEXC,0.0412,-0.0412,0.0824,4.12,1.6(0.032%),2.52,0.252,0.76,False
2025-07-23 12:00:00,Bitunix,Binance,0.0412,-0.0409,0.0821,4.11,1.6(0.032%),2.51,0.2505,0.75,False
2025-07-23 12:00:00,Bitunix,KuCoin,0.0412,-0.0371,0.0783,3.92,1.6(0.032%),2.32,0.2315,0.69,False
2025-07-23 12:00:00,Bitunix,Bitget,0.0412,-0.0271,0.0683,3.42,1.6(0.032%),1.81,0.1815,0.54,False
2025-07-23 04:00:00,Binance,KuCoin,0.005,-0.0802,0.0852,4.26,1.6(0.032%),2.66,0.266,0.8,False
2025-07-23 04:00:00,Bybit,KuCoin,0.005,-0.0802,0.0852,4.26,1.6(0.032%),2.66,0.266,0.8,False
2025-07-23 04:00:00,Bitunix,KuCoin,0.005,-0.0802,0.0852,4.26,1.6(0.032%),2.66,0.266,0.8,False
2025-07-23 04:00:00,Bitget,KuCoin,0.005,-0.0802,0.0852,4.26,1.6(0.032%),2.66,0.266,0.8,False
2025-07-23 04:00:00,BingX,KuCoin,0.005,-0.0802,0.0852,4.26,1.6(0.032%),2.66,0.266,0.8,False
2025-07-22 20:00:00,Binance,KuCoin,0.005,-0.0664,0.0714,3.57,1.6(0.032%),1.97,0.197,0.59,False
2025-07-22 20:00:00,Bybit,KuCoin,0.005,-0.0664,0.0714,3.57,1.6(0.032%),1.97,0.197,0.59,False
2025-07-22 20:00:00,Bitunix,KuCoin,0.005,-0.0664,0.0714,3.57,1.6(0.032%),1.97,0.197,0.59,False
2025-07-22 20:00:00,Bitget,KuCoin,0.005,-0.0664,0.0714,3.57,1.6(0.032%),1.97,0.197,0.59,False
2025-07-22 20:00:00,BingX,KuCoin,0.005,-0.0664,0.0714,3.57,1.6(0.032%),1.97,0.197,0.59,False
2025-07-22 12:00:00,Bitunix,KuCoin,0.0312,-0.1297,0.1609,8.05,1.6(0.032%),6.45,0.6445,1.93,False
2025-07-22 12:00:00,HTX,KuCoin,0.005,-0.1297,0.1347,6.74,1.6(0.032%),5.13,0.5135,1.54,False
2025-07-22 12:00:00,Bitget,KuCoin,0.005,-0.1297,0.1347,6.74,1.6(0.032%),5.13,0.5135,1.54,False
2025-07-22 12:00:00,BingX,KuCoin,0.005,-0.1297,0.1347,6.74,1.6(0.032%),5.13,0.5135,1.54,False
2025-07-22 12:00:00,Bybit,KuCoin,-0.0182,-0.1297,0.1115,5.58,1.6(0.032%),3.98,0.3975,1.19,False
2025-07-22 04:00:00,Bitunix,KuCoin,0.0178,-0.118,0.1358,6.79,1.6(0.032%),5.19,0.519,1.56,False
2025-07-22 04:00:00,HTX,KuCoin,0.005,-0.118,0.123,6.15,1.6(0.032%),4.55,0.455,1.36,False
2025-07-22 04:00:00,Bybit,KuCoin,0.005,-0.118,0.123,6.15,1.6(0.032%),4.55,0.455,1.36,False
2025-07-22 04:00:00,BingX,KuCoin,0.005,-0.118,0.123,6.15,1.6(0.032%),4.55,0.455,1.36,False
2025-07-22 04:00:00,Bitget,KuCoin,0.005,-0.118,0.123,6.15,1.6(0.032%),4.55,0.455,1.36,False
2025-07-21 20:00:00,Bitunix,KuCoin,0.0416,-0.1287,0.1703,8.52,1.6(0.032%),6.92,0.6915,2.07,False
2025-07-21 20:00:00,BingX,KuCoin,0.005,-0.1287,0.1337,6.69,1.6(0.032%),5.09,0.5085,1.53,False
2025-07-21 20:00:00,Bybit,KuCoin,0.005,-0.1287,0.1337,6.69,1.6(0.032%),5.09,0.5085,1.53,False
2025-07-21 20:00:00,Bitget,KuCoin,-0.0022,-0.1287,0.1265,6.33,1.6(0.032%),4.72,0.4725,1.42,False
2025-07-21 20:00:00,HTX,KuCoin,-0.0166,-0.1287,0.1121,5.61,1.6(0.032%),4.01,0.4005,1.2,False
2025-07-21 12:00:00,Bitunix,KuCoin,0.0053,-0.0788,0.0841,4.21,1.6(0.032%),2.6,0.2605,0.78,False
2025-07-21 12:00:00,MEXC,KuCoin,0.005,-0.0788,0.0838,4.19,1.6(0.032%),2.59,0.259,0.78,False
2025-07-21 12:00:00,Bybit,KuCoin,0.005,-0.0788,0.0838,4.19,1.6(0.032%),2.59,0.259,0.78,False
2025-07-21 12:00:00,BingX,KuCoin,0.005,-0.0788,0.0838,4.19,1.6(0.032%),2.59,0.259,0.78,False
2025-07-21 12:00:00,Gate,KuCoin,0.005,-0.0788,0.0838,4.19,1.6(0.032%),2.59,0.259,0.78,False
2025-07-21 04:00:00,Binance,KuCoin,0.005,-0.0872,0.0922,4.61,1.6(0.032%),3.01,0.301,0.9,False
2025-07-21 04:00:00,Bybit,KuCoin,0.005,-0.0872,0.0922,4.61,1.6(0.032%),3.01,0.301,0.9,False
2025-07-21 04:00:00,Bitunix,KuCoin,0.005,-0.0872,0.0922,4.61,1.6(0.032%),3.01,0.301,0.9,False
2025-07-21 04:00:00,Bitget,KuCoin,0.005,-0.0872,0.0922,4.61,1.6(0.032%),3.01,0.301,0.9,False
2025-07-21 04:00:00,BingX,KuCoin,0.005,-0.0872,0.0922,4.61,1.6(0.032%),3.01,0.301,0.9,False
2025-07-20 20:00:00,Bitunix,KuCoin,0.0224,-0.118,0.1404,7.02,1.6(0.032%),5.42,0.542,1.63,False
2025-07-20 20:00:00,HTX,KuCoin,0.005,-0.118,0.123,6.15,1.6(0.032%),4.55,0.455,1.36,False
2025-07-20 20:00:00,BingX,KuCoin,-0.0035,-0.118,0.1145,5.72,1.6(0.032%),4.12,0.4125,1.24,False
2025-07-20 20:00:00,OKX,KuCoin,-0.0063,-0.118,0.1117,5.58,1.6(0.032%),3.98,0.3985,1.2,False
2025-07-20 20:00:00,Bybit,KuCoin,-0.0107,-0.118,0.1073,5.36,1.6(0.032%),3.76,0.3765,1.13,False
2025-07-20 12:00:00,Bybit,KuCoin,0.005,-0.0832,0.0882,4.41,1.6(0.032%),2.81,0.281,0.84,False
2025-07-20 12:00:00,BingX,KuCoin,0.005,-0.0832,0.0882,4.41,1.6(0.032%),2.81,0.281,0.84,False
2025-07-20 12:00:00,Bitunix,KuCoin,0.005,-0.0832,0.0882,4.41,1.6(0.032%),2.81,0.281,0.84,False
2025-07-20 12:00:00,OKX,KuCoin,0.002,-0.0832,0.0852,4.26,1.6(0.032%),2.66,0.266,0.8,False
2025-07-20 12:00:00,Bitget,KuCoin,-0.001,-0.0832,0.0822,4.11,1.6(0.032%),2.51,0.251,0.75,False
2025-07-20 04:00:00,Binance,KuCoin,0.005,-0.0942,0.0992,4.96,1.6(0.032%),3.36,0.336,1.01,False
2025-07-20 04:00:00,Bybit,KuCoin,0.005,-0.0942,0.0992,4.96,1.6(0.032%),3.36,0.336,1.01,False
2025-07-20 04:00:00,Bitunix,KuCoin,0.005,-0.0942,0.0992,4.96,1.6(0.032%),3.36,0.336,1.01,False
2025-07-20 04:00:00,Bitget,KuCoin,0.005,-0.0942,0.0992,4.96,1.6(0.032%),3.36,0.336,1.01,False
2025-07-20 04:00:00,BingX,KuCoin,0.005,-0.0942,0.0992,4.96,1.6(0.032%),3.36,0.336,1.01,False
2025-07-19 20:00:00,Binance,KuCoin,0.005,-0.064,0.069,3.45,1.6(0.032%),1.85,0.185,0.55,False
2025-07-19 20:00:00,Bybit,KuCoin,0.005,-0.064,0.069,3.45,1.6(0.032%),1.85,0.185,0.55,False
2025-07-19 20:00:00,Bitunix,KuCoin,0.005,-0.064,0.069,3.45,1.6(0.032%),1.85,0.185,0.55,False
2025-07-19 20:00:00,Bitget,KuCoin,0.005,-0.064,0.069,3.45,1.6(0.032%),1.85,0.185,0.55,False
2025-07-19 20:00:00,BingX,KuCoin,0.005,-0.064,0.069,3.45,1.6(0.032%),1.85,0.185,0.55,False
2025-07-19 12:00:00,Bybit,KuCoin,0.005,-0.0707,0.0757,3.79,1.6(0.032%),2.19,0.2185,0.66,False
2025-07-19 12:00:00,Gate,KuCoin,0.005,-0.0707,0.0757,3.79,1.6(0.032%),2.19,0.2185,0.66,False
2025-07-19 12:00:00,BingX,KuCoin,0.005,-0.0707,0.0757,3.79,1.6(0.032%),2.19,0.2185,0.66,False
2025-07-19 12:00:00,OKX,KuCoin,0.0038,-0.0707,0.0745,3.73,1.6(0.032%),2.12,0.2125,0.64,False
2025-07-19 12:00:00,Bitunix,KuCoin,0.0011,-0.0707,0.0718,3.59,1.6(0.032%),1.99,0.199,0.6,False
2025-07-19 04:00:00,Bitget,KuCoin,0.0024,-0.1129,0.1153,5.76,1.6(0.032%),4.16,0.4165,1.25,False
2025-07-19 04:00:00,BingX,KuCoin,0.0017,-0.1129,0.1146,5.73,1.6(0.032%),4.13,0.413,1.24,False
2025-07-19 04:00:00,OKX,KuCoin,-0.0069,-0.1129,0.106,5.3,1.6(0.032%),3.7,0.37,1.11,False
2025-07-19 04:00:00,Bitunix,KuCoin,-0.0072,-0.1129,0.1057,5.29,1.6(0.032%),3.69,0.3685,1.11,False
2025-07-19 04:00:00,Binance,KuCoin,-0.0072,-0.1129,0.1057,5.29,1.6(0.032%),3.69,0.3685,1.11,False
2025-07-18 20:00:00,BingX,KuCoin,-0.0054,-0.0825,0.0771,3.85,1.6(0.032%),2.25,0.2255,0.68,False
2025-07-18 20:00:00,Bitget,KuCoin,-0.0069,-0.0825,0.0756,3.78,1.6(0.032%),2.18,0.218,0.65,False
2025-07-18 20:00:00,HTX,KuCoin,-0.0133,-0.0825,0.0692,3.46,1.6(0.032%),1.86,0.186,0.56,False
2025-07-18 20:00:00,Binance,KuCoin,-0.0164,-0.0825,0.0661,3.31,1.6(0.032%),1.71,0.1705,0.51,False
2025-07-18 20:00:00,Bitunix,KuCoin,-0.0166,-0.0825,0.0659,3.29,1.6(0.032%),1.69,0.1695,0.51,False
2025-07-18 12:00:00,Bybit,KuCoin,0.005,-0.0356,0.0406,2.03,1.6(0.032%),0.43,0.043,0.13,False
2025-07-18 12:00:00,Bitget,KuCoin,0.005,-0.0356,0.0406,2.03,1.6(0.032%),0.43,0.043,0.13,False
2025-07-18 12:00:00,OKX,KuCoin,0.005,-0.0356,0.0406,2.03,1.6(0.032%),0.43,0.043,0.13,False
2025-07-18 12:00:00,BingX,KuCoin,0.005,-0.0356,0.0406,2.03,1.6(0.032%),0.43,0.043,0.13,False
2025-07-18 12:00:00,HTX,KuCoin,0.0033,-0.0356,0.0389,1.94,1.6(0.032%),0.34,0.0345,0.1,False
2025-07-18 04:00:00,Bybit,KuCoin,0.005,-0.0935,0.0985,4.92,1.6(0.032%),3.32,0.3325,1.0,False
2025-07-18 04:00:00,BingX,KuCoin,0.005,-0.0935,0.0985,4.92,1.6(0.032%),3.32,0.3325,1.0,False
2025-07-18 04:00:00,HTX,KuCoin,-0.004,-0.0935,0.0895,4.47,1.6(0.032%),2.87,0.2875,0.86,False
2025-07-18 04:00:00,CoinEx,KuCoin,-0.0089,-0.0935,0.0846,4.23,1.6(0.032%),2.63,0.263,0.79,False
2025-07-18 04:00:00,OKX,KuCoin,-0.0142,-0.0935,0.0793,3.96,1.6(0.032%),2.36,0.2365,0.71,False
2025-07-17 20:00:00,BingX,KuCoin,0.005,-0.0787,0.0837,4.19,1.6(0.032%),2.59,0.2585,0.78,False
2025-07-17 20:00:00,Bitget,KuCoin,0.005,-0.0787,0.0837,4.19,1.6(0.032%),2.59,0.2585,0.78,False
2025-07-17 20:00:00,Bitunix,KuCoin,-0.0061,-0.0787,0.0726,3.63,1.6(0.032%),2.03,0.203,0.61,False
2025-07-17 20:00:00,BingX,Gate,0.005,-0.0673,0.0723,3.62,1.6(0.032%),2.02,0.2015,0.6,False
2025-07-17 20:00:00,MEXC,KuCoin,-0.0064,-0.0787,0.0723,3.62,1.6(0.032%),2.02,0.2015,0.6,False
2025-07-17 12:00:00,Binance,KuCoin,0.005,-0.052,0.057,2.85,1.6(0.032%),1.25,0.125,0.38,False
2025-07-17 12:00:00,Bybit,KuCoin,0.005,-0.052,0.057,2.85,1.6(0.032%),1.25,0.125,0.38,False
2025-07-17 12:00:00,OKX,KuCoin,0.005,-0.052,0.057,2.85,1.6(0.032%),1.25,0.125,0.38,False
2025-07-17 12:00:00,Bitget,KuCoin,0.005,-0.052,0.057,2.85,1.6(0.032%),1.25,0.125,0.38,False
2025-07-17 12:00:00,MEXC,KuCoin,0.005,-0.052,0.057,2.85,1.6(0.032%),1.25,0.125,0.38,False
2025-07-17 04:00:00,Bybit,KuCoin,0.005,-0.0618,0.0668,3.34,1.6(0.032%),1.74,0.174,0.52,False
2025-07-17 04:00:00,BingX,KuCoin,0.005,-0.0618,0.0668,3.34,1.6(0.032%),1.74,0.174,0.52,False
2025-07-17 04:00:00,Bitget,KuCoin,0.005,-0.0618,0.0668,3.34,1.6(0.032%),1.74,0.174,0.52,False
2025-07-17 04:00:00,Gate,KuCoin,0.005,-0.0618,0.0668,3.34,1.6(0.032%),1.74,0.174,0.52,False
2025-07-17 04:00:00,CoinEx,KuCoin,0.0,-0.0618,0.0618,3.09,1.6(0.032%),1.49,0.149,0.45,False
2025-07-16 20:00:00,Bybit,KuCoin,0.005,-0.0421,0.0471,2.35,1.6(0.032%),0.75,0.0755,0.23,False
2025-07-16 20:00:00,Bitget,KuCoin,0.005,-0.0421,0.0471,2.35,1.6(0.032%),0.75,0.0755,0.23,False
2025-07-16 20:00:00,OKX,KuCoin,0.005,-0.0421,0.0471,2.35,1.6(0.032%),0.75,0.0755,0.23,False
2025-07-16 20:00:00,BingX,KuCoin,0.005,-0.0421,0.0471,2.35,1.6(0.032%),0.75,0.0755,0.23,False
2025-07-16 20:00:00,CoinEx,KuCoin,0.0,-0.0421,0.0421,2.1,1.6(0.032%),0.5,0.0505,0.15,False
