Time,Short@,Long@,Short(%),Long(%),AbsSpread(%),GrossPnL,BorrowCost(0.003%/h),NetPnL,ROI(%),ROI_day(%),BelowMin
2025-08-22 05:13:00,Bitunix,HTX,-0.0067,-0.1595,0.1528,7.64,1.2(0.024%),6.44,0.644,1.93,False
2025-08-22 05:13:00,Gate,HTX,-0.0342,-0.1595,0.1253,6.26,1.2(0.024%),5.06,0.5065,1.52,False
2025-08-22 05:13:00,BingX,HTX,-0.0528,-0.1595,0.1067,5.33,1.2(0.024%),4.13,0.4135,1.24,False
2025-08-22 05:13:00,KuCoin,HTX,-0.0572,-0.1595,0.1023,5.12,1.2(0.024%),3.92,0.3915,1.17,False
2025-08-22 05:13:00,Bitunix,Bybit,-0.0067,-0.1058,0.0991,4.96,1.2(0.024%),3.76,0.3755,1.13,False
2025-08-22 04:00:00,Gate,HTX,-0.0394,-0.1141,0.0747,3.73,1.2(0.024%),2.53,0.2535,0.76,False
2025-08-22 04:00:00,BingX,HTX,-0.0505,-0.1141,0.0636,3.18,1.2(0.024%),1.98,0.198,0.59,False
2025-08-22 04:00:00,Gate,Bybit,-0.0394,-0.0833,0.0439,2.19,1.2(0.024%),0.99,0.0995,0.3,False
2025-08-22 04:00:00,Gate,Binance,-0.0394,-0.0807,0.0413,2.06,1.2(0.024%),0.86,0.0865,0.26,False
2025-08-22 04:00:00,Gate,MEXC,-0.0394,-0.0806,0.0412,2.06,1.2(0.024%),0.86,0.086,0.26,False
2025-08-21 20:00:00,BingX,CoinEx,-0.0197,-0.0865,0.0668,3.34,1.2(0.024%),2.14,0.214,0.64,False
2025-08-21 20:00:00,HTX,CoinEx,-0.0216,-0.0865,0.0649,3.24,1.2(0.024%),2.04,0.2045,0.61,False
2025-08-21 20:00:00,Bybit,CoinEx,-0.0275,-0.0865,0.059,2.95,1.2(0.024%),1.75,0.175,0.52,False
2025-08-21 20:00:00,KuCoin,CoinEx,-0.0294,-0.0865,0.0571,2.85,1.2(0.024%),1.66,0.1655,0.5,False
2025-08-21 20:00:00,OKX,CoinEx,-0.0346,-0.0865,0.0519,2.59,1.2(0.024%),1.39,0.1395,0.42,False
2025-08-21 12:00:00,HTX,Gate,0.005,-0.1019,0.1069,5.35,1.2(0.024%),4.15,0.4145,1.24,False
2025-08-21 12:00:00,HTX,MEXC,0.005,-0.0883,0.0933,4.67,1.2(0.024%),3.47,0.3465,1.04,False
2025-08-21 12:00:00,HTX,Binance,0.005,-0.0883,0.0933,4.67,1.2(0.024%),3.47,0.3465,1.04,False
2025-08-21 12:00:00,HTX,Bitunix,0.005,-0.0882,0.0932,4.66,1.2(0.024%),3.46,0.346,1.04,False
2025-08-21 12:00:00,HTX,Bybit,0.005,-0.0861,0.0911,4.55,1.2(0.024%),3.35,0.3355,1.01,False
2025-08-21 04:00:00,HTX,CoinEx,-0.0108,-0.1273,0.1165,5.83,1.2(0.024%),4.62,0.4625,1.39,False
2025-08-21 04:00:00,HTX,KuCoin,-0.0108,-0.1152,0.1044,5.22,1.2(0.024%),4.02,0.402,1.21,False
2025-08-21 04:00:00,HTX,Bitunix,-0.0108,-0.1063,0.0955,4.78,1.2(0.024%),3.58,0.3575,1.07,False
2025-08-21 04:00:00,HTX,MEXC,-0.0108,-0.1063,0.0955,4.78,1.2(0.024%),3.58,0.3575,1.07,False
2025-08-21 04:00:00,HTX,Binance,-0.0108,-0.1044,0.0936,4.68,1.2(0.024%),3.48,0.348,1.04,False
2025-08-20 20:00:00,BingX,Gate,-0.0459,-0.1304,0.0845,4.22,1.2(0.024%),3.02,0.3025,0.91,False
2025-08-20 20:00:00,BingX,Bitunix,-0.0459,-0.1277,0.0818,4.09,1.2(0.024%),2.89,0.289,0.87,False
2025-08-20 20:00:00,BingX,MEXC,-0.0459,-0.1277,0.0818,4.09,1.2(0.024%),2.89,0.289,0.87,False
2025-08-20 20:00:00,BingX,CoinEx,-0.0459,-0.1272,0.0813,4.07,1.2(0.024%),2.87,0.2865,0.86,False
2025-08-20 20:00:00,BingX,Binance,-0.0459,-0.1272,0.0813,4.07,1.2(0.024%),2.87,0.2865,0.86,False
2025-08-20 12:00:00,HTX,Bitget,0.005,-0.065,0.07,3.5,1.2(0.024%),2.3,0.23,0.69,False
2025-08-20 12:00:00,HTX,Binance,0.005,-0.063,0.068,3.4,1.2(0.024%),2.2,0.22,0.66,False
2025-08-20 12:00:00,HTX,MEXC,0.005,-0.0626,0.0676,3.38,1.2(0.024%),2.18,0.218,0.65,False
2025-08-20 12:00:00,HTX,Bitunix,0.005,-0.0621,0.0671,3.36,1.2(0.024%),2.16,0.2155,0.65,False
2025-08-20 12:00:00,HTX,Bybit,0.005,-0.0602,0.0652,3.26,1.2(0.024%),2.06,0.206,0.62,False
2025-08-20 04:00:00,HTX,Binance,0.005,-0.0655,0.0705,3.53,1.2(0.024%),2.33,0.2325,0.7,False
2025-08-20 04:00:00,HTX,Bitunix,0.005,-0.0654,0.0704,3.52,1.2(0.024%),2.32,0.232,0.7,False
2025-08-20 04:00:00,HTX,MEXC,0.005,-0.0654,0.0704,3.52,1.2(0.024%),2.32,0.232,0.7,False
2025-08-20 04:00:00,BingX,Binance,-0.0108,-0.0655,0.0547,2.73,1.2(0.024%),1.53,0.1535,0.46,False
2025-08-20 04:00:00,BingX,MEXC,-0.0108,-0.0654,0.0546,2.73,1.2(0.024%),1.53,0.153,0.46,False
2025-08-19 20:00:00,HTX,Binance,0.005,-0.0335,0.0385,1.92,1.2(0.024%),0.72,0.0725,0.22,False
2025-08-19 20:00:00,HTX,Bitunix,0.005,-0.0335,0.0385,1.92,1.2(0.024%),0.72,0.0725,0.22,False
2025-08-19 20:00:00,HTX,MEXC,0.005,-0.0335,0.0385,1.92,1.2(0.024%),0.72,0.0725,0.22,False
2025-08-19 20:00:00,HTX,OKX,0.005,-0.025,0.03,1.5,1.2(0.024%),0.3,0.03,0.09,False
2025-08-19 20:00:00,HTX,Bitget,0.005,-0.0226,0.0276,1.38,1.2(0.024%),0.18,0.018,0.05,False
2025-08-19 12:00:00,HTX,MEXC,0.005,-0.0473,0.0523,2.62,1.2(0.024%),1.42,0.1415,0.42,False
2025-08-19 12:00:00,HTX,Bitunix,0.005,-0.0473,0.0523,2.62,1.2(0.024%),1.42,0.1415,0.42,False
2025-08-19 12:00:00,HTX,Binance,0.005,-0.0467,0.0517,2.58,1.2(0.024%),1.39,0.1385,0.42,False
2025-08-19 12:00:00,HTX,Gate,0.005,-0.035,0.04,2.0,1.2(0.024%),0.8,0.08,0.24,False
2025-08-19 12:00:00,HTX,KuCoin,0.005,-0.0261,0.0311,1.56,1.2(0.024%),0.36,0.0355,0.11,False
2025-08-19 04:00:00,BingX,Bitunix,0.005,-0.0359,0.0409,2.04,1.2(0.024%),0.84,0.0845,0.25,False
2025-08-19 04:00:00,Bitget,Bitunix,0.005,-0.0359,0.0409,2.04,1.2(0.024%),0.84,0.0845,0.25,False
2025-08-19 04:00:00,Bitget,MEXC,0.005,-0.0356,0.0406,2.03,1.2(0.024%),0.83,0.083,0.25,False
2025-08-19 04:00:00,BingX,MEXC,0.005,-0.0356,0.0406,2.03,1.2(0.024%),0.83,0.083,0.25,False
2025-08-19 04:00:00,Bitget,Binance,0.005,-0.0354,0.0404,2.02,1.2(0.024%),0.82,0.082,0.25,False
2025-08-18 20:00:00,Bitunix,KuCoin,0.0397,-0.0516,0.0913,4.56,1.2(0.024%),3.36,0.3365,1.01,False
2025-08-18 20:00:00,Bitunix,OKX,0.0397,-0.0414,0.0811,4.06,1.2(0.024%),2.86,0.2855,0.86,False
2025-08-18 20:00:00,Bitunix,MEXC,0.0397,-0.0397,0.0794,3.97,1.2(0.024%),2.77,0.277,0.83,False
2025-08-18 20:00:00,Bitunix,Binance,0.0397,-0.0384,0.0781,3.91,1.2(0.024%),2.71,0.2705,0.81,False
2025-08-18 20:00:00,Bitunix,HTX,0.0397,-0.0365,0.0762,3.81,1.2(0.024%),2.61,0.261,0.78,False
2025-08-18 12:00:00,Bitunix,OKX,0.0188,-0.0526,0.0714,3.57,1.2(0.024%),2.37,0.237,0.71,False
2025-08-18 12:00:00,Bitget,OKX,0.005,-0.0526,0.0576,2.88,1.2(0.024%),1.68,0.168,0.5,False
2025-08-18 12:00:00,HTX,OKX,-0.0011,-0.0526,0.0515,2.58,1.2(0.024%),1.38,0.1375,0.41,False
2025-08-18 12:00:00,Bitunix,Gate,0.0188,-0.0311,0.0499,2.5,1.2(0.024%),1.3,0.1295,0.39,False
2025-08-18 12:00:00,KuCoin,OKX,-0.0057,-0.0526,0.0469,2.34,1.2(0.024%),1.14,0.1145,0.34,False
2025-08-18 04:00:00,Gate,Binance,-0.0084,-0.0426,0.0342,1.71,1.2(0.024%),0.51,0.051,0.15,False
2025-08-18 04:00:00,Gate,Bitunix,-0.0084,-0.0425,0.0341,1.71,1.2(0.024%),0.51,0.0505,0.15,False
2025-08-18 04:00:00,Gate,MEXC,-0.0084,-0.0425,0.0341,1.71,1.2(0.024%),0.51,0.0505,0.15,False
2025-08-18 04:00:00,BingX,Binance,-0.0117,-0.0426,0.0309,1.54,1.2(0.024%),0.34,0.0345,0.1,False
2025-08-18 04:00:00,BingX,MEXC,-0.0117,-0.0425,0.0308,1.54,1.2(0.024%),0.34,0.034,0.1,False
2025-08-17 20:00:00,Bitunix,KuCoin,0.04,-0.0461,0.0861,4.31,1.2(0.024%),3.11,0.3105,0.93,False
2025-08-17 20:00:00,Bitunix,MEXC,0.04,-0.04,0.08,4.0,1.2(0.024%),2.8,0.28,0.84,False
2025-08-17 20:00:00,Bitunix,Binance,0.04,-0.0393,0.0793,3.97,1.2(0.024%),2.77,0.2765,0.83,False
2025-08-17 20:00:00,Bitunix,OKX,0.04,-0.0286,0.0686,3.43,1.2(0.024%),2.23,0.223,0.67,False
2025-08-17 20:00:00,Bitunix,CoinEx,0.04,-0.0215,0.0615,3.07,1.2(0.024%),1.87,0.1875,0.56,False
2025-08-17 12:00:00,Bitunix,OKX,0.0365,-0.0425,0.079,3.95,1.2(0.024%),2.75,0.275,0.82,False
2025-08-17 12:00:00,Bitunix,MEXC,0.0365,-0.0365,0.073,3.65,1.2(0.024%),2.45,0.245,0.74,False
2025-08-17 12:00:00,Bitunix,Binance,0.0365,-0.0364,0.0729,3.64,1.2(0.024%),2.44,0.2445,0.73,False
2025-08-17 12:00:00,Bitunix,HTX,0.0365,-0.0326,0.0691,3.46,1.2(0.024%),2.25,0.2255,0.68,False
2025-08-17 12:00:00,Bitunix,KuCoin,0.0365,-0.0142,0.0507,2.53,1.2(0.024%),1.33,0.1335,0.4,False
2025-08-17 04:00:00,Bitunix,OKX,0.023,-0.0389,0.0619,3.09,1.2(0.024%),1.89,0.1895,0.57,False
2025-08-17 04:00:00,Bitunix,KuCoin,0.023,-0.0266,0.0496,2.48,1.2(0.024%),1.28,0.128,0.38,False
2025-08-17 04:00:00,Bitunix,Bybit,0.023,-0.0231,0.0461,2.31,1.2(0.024%),1.11,0.1105,0.33,False
2025-08-17 04:00:00,Bitunix,Binance,0.023,-0.023,0.046,2.3,1.2(0.024%),1.1,0.11,0.33,False
2025-08-17 04:00:00,Bitunix,MEXC,0.023,-0.0229,0.0459,2.29,1.2(0.024%),1.09,0.1095,0.33,False
2025-08-16 20:00:00,Bitunix,OKX,0.0074,-0.0288,0.0362,1.81,1.2(0.024%),0.61,0.061,0.18,False
2025-08-16 20:00:00,HTX,OKX,0.005,-0.0288,0.0338,1.69,1.2(0.024%),0.49,0.049,0.15,False
2025-08-16 20:00:00,Bitunix,Gate,0.0074,-0.0225,0.0299,1.5,1.2(0.024%),0.3,0.0295,0.09,False
2025-08-16 20:00:00,CoinEx,OKX,0.0,-0.0288,0.0288,1.44,1.2(0.024%),0.24,0.024,0.07,False
2025-08-16 20:00:00,HTX,Gate,0.005,-0.0225,0.0275,1.38,1.2(0.024%),0.18,0.0175,0.05,False
2025-08-16 12:00:00,Bitunix,KuCoin,0.0203,-0.0258,0.0461,2.31,1.2(0.024%),1.11,0.1105,0.33,False
2025-08-16 12:00:00,Bitunix,Binance,0.0203,-0.0207,0.041,2.05,1.2(0.024%),0.85,0.085,0.25,False
2025-08-16 12:00:00,Bitunix,MEXC,0.0203,-0.0203,0.0406,2.03,1.2(0.024%),0.83,0.083,0.25,False
2025-08-16 12:00:00,Bitunix,Bybit,0.0203,-0.0169,0.0372,1.86,1.2(0.024%),0.66,0.066,0.2,False
2025-08-16 12:00:00,Bitunix,OKX,0.0203,-0.0144,0.0347,1.73,1.2(0.024%),0.53,0.0535,0.16,False
2025-08-16 04:00:00,Bitunix,Bybit,0.0102,-0.013,0.0232,1.16,1.2(0.024%),-0.04,-0.004,-0.01,False
2025-08-16 04:00:00,Bitunix,Binance,0.0102,-0.0102,0.0204,1.02,1.2(0.024%),-0.18,-0.018,-0.05,False
2025-08-16 04:00:00,Bitunix,MEXC,0.0102,-0.0102,0.0204,1.02,1.2(0.024%),-0.18,-0.018,-0.05,False
2025-08-15 20:00:00,Bitunix,OKX,0.0356,-0.0516,0.0872,4.36,1.2(0.024%),3.16,0.316,0.95,False
2025-08-15 20:00:00,Bitunix,Gate,0.0356,-0.0419,0.0775,3.88,1.2(0.024%),2.67,0.2675,0.8,False
2025-08-15 20:00:00,Bitunix,MEXC,0.0356,-0.0356,0.0712,3.56,1.2(0.024%),2.36,0.236,0.71,False
2025-08-15 20:00:00,Bitunix,Binance,0.0356,-0.0351,0.0707,3.53,1.2(0.024%),2.33,0.2335,0.7,False
2025-08-15 20:00:00,Bitunix,Bybit,0.0356,-0.0329,0.0685,3.43,1.2(0.024%),2.23,0.2225,0.67,False
2025-08-15 12:00:00,Bitunix,KuCoin,0.0306,-0.0393,0.0699,3.5,1.2(0.024%),2.3,0.2295,0.69,False
2025-08-15 12:00:00,Bitunix,Binance,0.0306,-0.0314,0.062,3.1,1.2(0.024%),1.9,0.19,0.57,False
2025-08-15 12:00:00,Bitunix,MEXC,0.0306,-0.0306,0.0612,3.06,1.2(0.024%),1.86,0.186,0.56,False
2025-08-15 12:00:00,Bitunix,CoinEx,0.0306,-0.0288,0.0594,2.97,1.2(0.024%),1.77,0.177,0.53,False
2025-08-15 12:00:00,Bitunix,OKX,0.0306,-0.0282,0.0588,2.94,1.2(0.024%),1.74,0.174,0.52,False
2025-08-15 04:00:00,Bitunix,CoinEx,0.0283,-0.1422,0.1705,8.53,1.2(0.024%),7.33,0.7325,2.2,False
2025-08-15 04:00:00,HTX,CoinEx,0.005,-0.1422,0.1472,7.36,1.2(0.024%),6.16,0.616,1.85,False
2025-08-15 04:00:00,Bitget,CoinEx,0.005,-0.1422,0.1472,7.36,1.2(0.024%),6.16,0.616,1.85,False
2025-08-15 04:00:00,BingX,CoinEx,0.005,-0.1422,0.1472,7.36,1.2(0.024%),6.16,0.616,1.85,False
2025-08-15 04:00:00,Bybit,CoinEx,-0.0122,-0.1422,0.13,6.5,1.2(0.024%),5.3,0.53,1.59,False
2025-08-14 20:00:00,Bitunix,Bybit,0.075,-0.1091,0.1841,9.2,1.2(0.024%),8.0,0.8005,2.4,False
2025-08-14 20:00:00,Bitunix,OKX,0.075,-0.104,0.179,8.95,1.2(0.024%),7.75,0.775,2.32,False
2025-08-14 20:00:00,Bitunix,KuCoin,0.075,-0.0966,0.1716,8.58,1.2(0.024%),7.38,0.738,2.21,False
2025-08-14 20:00:00,Bitunix,Binance,0.075,-0.0801,0.1551,7.76,1.2(0.024%),6.56,0.6555,1.97,False
2025-08-14 20:00:00,Bitunix,MEXC,0.075,-0.0801,0.1551,7.76,1.2(0.024%),6.56,0.6555,1.97,False
2025-08-14 12:00:00,Binance,CoinEx,0.005,-0.0878,0.0928,4.64,1.2(0.024%),3.44,0.344,1.03,False
2025-08-14 12:00:00,OKX,CoinEx,0.005,-0.0878,0.0928,4.64,1.2(0.024%),3.44,0.344,1.03,False
2025-08-14 12:00:00,Bybit,CoinEx,0.005,-0.0878,0.0928,4.64,1.2(0.024%),3.44,0.344,1.03,False
2025-08-14 12:00:00,Bitget,CoinEx,0.005,-0.0878,0.0928,4.64,1.2(0.024%),3.44,0.344,1.03,False
2025-08-14 12:00:00,Bitunix,CoinEx,0.005,-0.0878,0.0928,4.64,1.2(0.024%),3.44,0.344,1.03,False
2025-08-14 04:00:00,KuCoin,CoinEx,0.0392,-0.0762,0.1154,5.77,1.2(0.024%),4.57,0.457,1.37,False
2025-08-14 04:00:00,OKX,CoinEx,0.005,-0.0762,0.0812,4.06,1.2(0.024%),2.86,0.286,0.86,False
2025-08-14 04:00:00,Binance,CoinEx,0.005,-0.0762,0.0812,4.06,1.2(0.024%),2.86,0.286,0.86,False
2025-08-14 04:00:00,Gate,CoinEx,0.005,-0.0762,0.0812,4.06,1.2(0.024%),2.86,0.286,0.86,False
2025-08-14 04:00:00,Bitget,CoinEx,0.005,-0.0762,0.0812,4.06,1.2(0.024%),2.86,0.286,0.86,False
2025-08-13 20:00:00,KuCoin,CoinEx,0.0215,0.0,0.0215,1.07,1.2(0.024%),-0.12,-0.0125,-0.04,False
2025-08-13 04:00:00,Bitunix,CoinEx,0.0218,-0.0305,0.0523,2.62,1.2(0.024%),1.42,0.1415,0.42,False
2025-08-13 04:00:00,Bitunix,HTX,0.0218,-0.0258,0.0476,2.38,1.2(0.024%),1.18,0.118,0.35,False
2025-08-13 04:00:00,Bitunix,KuCoin,0.0218,-0.0251,0.0469,2.34,1.2(0.024%),1.14,0.1145,0.34,False
2025-08-13 04:00:00,Bitunix,Bybit,0.0218,-0.0234,0.0452,2.26,1.2(0.024%),1.06,0.106,0.32,False
2025-08-13 04:00:00,Bitunix,MEXC,0.0218,-0.0218,0.0436,2.18,1.2(0.024%),0.98,0.098,0.29,False
2025-08-12 20:00:00,Bitunix,MEXC,0.0212,-0.0212,0.0424,2.12,1.2(0.024%),0.92,0.092,0.28,False
2025-08-12 20:00:00,Bitunix,Binance,0.0212,-0.0203,0.0415,2.07,1.2(0.024%),0.87,0.0875,0.26,False
2025-08-12 20:00:00,Bitunix,Bybit,0.0212,-0.0076,0.0288,1.44,1.2(0.024%),0.24,0.024,0.07,False
2025-08-12 20:00:00,HTX,MEXC,0.005,-0.0212,0.0262,1.31,1.2(0.024%),0.11,0.011,0.03,False
2025-08-12 20:00:00,Gate,MEXC,0.005,-0.0212,0.0262,1.31,1.2(0.024%),0.11,0.011,0.03,False
2025-08-12 04:00:00,KuCoin,CoinEx,0.0241,0.0,0.0241,1.21,1.2(0.024%),0.01,0.0005,0.0,False
2025-08-11 20:00:00,KuCoin,OKX,0.0243,-0.01,0.0343,1.71,1.2(0.024%),0.51,0.0515,0.15,False
2025-08-11 20:00:00,KuCoin,CoinEx,0.0243,0.0,0.0243,1.22,1.2(0.024%),0.02,0.0015,0.0,False
2025-08-11 12:00:00,KuCoin,CoinEx,0.0291,0.0,0.0291,1.46,1.2(0.024%),0.26,0.0255,0.08,False
2025-08-11 12:00:00,KuCoin,Bybit,0.0291,0.005,0.0241,1.21,1.2(0.024%),0.01,0.0005,0.0,False
2025-08-11 12:00:00,KuCoin,Binance,0.0291,0.005,0.0241,1.21,1.2(0.024%),0.01,0.0005,0.0,False
2025-08-11 12:00:00,KuCoin,HTX,0.0291,0.005,0.0241,1.21,1.2(0.024%),0.01,0.0005,0.0,False
2025-08-11 12:00:00,KuCoin,Bitunix,0.0291,0.005,0.0241,1.21,1.2(0.024%),0.01,0.0005,0.0,False
2025-08-11 04:00:00,KuCoin,CoinEx,0.0297,0.0,0.0297,1.49,1.2(0.024%),0.29,0.0285,0.09,False
2025-08-11 04:00:00,KuCoin,Bybit,0.0297,0.005,0.0247,1.23,1.2(0.024%),0.03,0.0035,0.01,False
2025-08-11 04:00:00,KuCoin,Binance,0.0297,0.005,0.0247,1.23,1.2(0.024%),0.03,0.0035,0.01,False
2025-08-11 04:00:00,KuCoin,HTX,0.0297,0.005,0.0247,1.23,1.2(0.024%),0.03,0.0035,0.01,False
2025-08-11 04:00:00,KuCoin,Bitunix,0.0297,0.005,0.0247,1.23,1.2(0.024%),0.03,0.0035,0.01,False
2025-08-10 20:00:00,KuCoin,CoinEx,0.0222,0.0,0.0222,1.11,1.2(0.024%),-0.09,-0.009,-0.03,False
2025-08-10 12:00:00,KuCoin,CoinEx,0.0137,-0.0086,0.0223,1.11,1.2(0.024%),-0.08,-0.0085,-0.03,False
2025-08-10 04:00:00,KuCoin,CoinEx,0.0272,0.0,0.0272,1.36,1.2(0.024%),0.16,0.016,0.05,False
2025-08-10 04:00:00,KuCoin,Bybit,0.0272,0.005,0.0222,1.11,1.2(0.024%),-0.09,-0.009,-0.03,False
2025-08-10 04:00:00,KuCoin,Binance,0.0272,0.005,0.0222,1.11,1.2(0.024%),-0.09,-0.009,-0.03,False
2025-08-10 04:00:00,KuCoin,HTX,0.0272,0.005,0.0222,1.11,1.2(0.024%),-0.09,-0.009,-0.03,False
2025-08-10 04:00:00,KuCoin,Bitunix,0.0272,0.005,0.0222,1.11,1.2(0.024%),-0.09,-0.009,-0.03,False
2025-08-09 20:00:00,KuCoin,CoinEx,0.0404,0.0,0.0404,2.02,1.2(0.024%),0.82,0.082,0.25,False
2025-08-09 20:00:00,KuCoin,Bybit,0.0404,0.005,0.0354,1.77,1.2(0.024%),0.57,0.057,0.17,False
2025-08-09 20:00:00,KuCoin,Binance,0.0404,0.005,0.0354,1.77,1.2(0.024%),0.57,0.057,0.17,False
2025-08-09 20:00:00,KuCoin,HTX,0.0404,0.005,0.0354,1.77,1.2(0.024%),0.57,0.057,0.17,False
2025-08-09 20:00:00,KuCoin,Bitunix,0.0404,0.005,0.0354,1.77,1.2(0.024%),0.57,0.057,0.17,False
2025-08-09 12:00:00,KuCoin,CoinEx,0.0342,0.0017,0.0325,1.62,1.2(0.024%),0.43,0.0425,0.13,False
2025-08-09 12:00:00,KuCoin,Bybit,0.0342,0.005,0.0292,1.46,1.2(0.024%),0.26,0.026,0.08,False
2025-08-09 12:00:00,KuCoin,Binance,0.0342,0.005,0.0292,1.46,1.2(0.024%),0.26,0.026,0.08,False
2025-08-09 12:00:00,KuCoin,HTX,0.0342,0.005,0.0292,1.46,1.2(0.024%),0.26,0.026,0.08,False
2025-08-09 12:00:00,KuCoin,Bitunix,0.0342,0.005,0.0292,1.46,1.2(0.024%),0.26,0.026,0.08,False
2025-08-09 04:00:00,KuCoin,Bybit,0.0238,-0.0067,0.0305,1.53,1.2(0.024%),0.33,0.0325,0.1,False
2025-08-09 04:00:00,KuCoin,CoinEx,0.0238,0.0,0.0238,1.19,1.2(0.024%),-0.01,-0.001,-0.0,False
2025-08-08 20:00:00,KuCoin,CoinEx,0.0405,0.0001,0.0404,2.02,1.2(0.024%),0.82,0.082,0.25,False
2025-08-08 20:00:00,KuCoin,Bybit,0.0405,0.005,0.0355,1.78,1.2(0.024%),0.58,0.0575,0.17,False
2025-08-08 20:00:00,KuCoin,Binance,0.0405,0.005,0.0355,1.78,1.2(0.024%),0.58,0.0575,0.17,False
2025-08-08 20:00:00,KuCoin,HTX,0.0405,0.005,0.0355,1.78,1.2(0.024%),0.58,0.0575,0.17,False
2025-08-08 20:00:00,KuCoin,Bitunix,0.0405,0.005,0.0355,1.78,1.2(0.024%),0.58,0.0575,0.17,False
2025-08-08 12:00:00,KuCoin,CoinEx,0.0233,0.0,0.0233,1.17,1.2(0.024%),-0.03,-0.0035,-0.01,False
2025-08-08 04:00:00,KuCoin,CoinEx,0.0222,0.0,0.0222,1.11,1.2(0.024%),-0.09,-0.009,-0.03,False
2025-08-07 20:00:00,KuCoin,CoinEx,0.0273,0.0,0.0273,1.37,1.2(0.024%),0.17,0.0165,0.05,False
2025-08-07 20:00:00,KuCoin,Bybit,0.0273,0.005,0.0223,1.11,1.2(0.024%),-0.08,-0.0085,-0.03,False
2025-08-07 20:00:00,KuCoin,Binance,0.0273,0.005,0.0223,1.11,1.2(0.024%),-0.08,-0.0085,-0.03,False
2025-08-07 20:00:00,KuCoin,HTX,0.0273,0.005,0.0223,1.11,1.2(0.024%),-0.08,-0.0085,-0.03,False
2025-08-07 20:00:00,KuCoin,Bitunix,0.0273,0.005,0.0223,1.11,1.2(0.024%),-0.08,-0.0085,-0.03,False
2025-08-07 12:00:00,KuCoin,CoinEx,0.0332,0.0,0.0332,1.66,1.2(0.024%),0.46,0.046,0.14,False
2025-08-07 12:00:00,KuCoin,Bybit,0.0332,0.005,0.0282,1.41,1.2(0.024%),0.21,0.021,0.06,False
2025-08-07 12:00:00,KuCoin,Binance,0.0332,0.005,0.0282,1.41,1.2(0.024%),0.21,0.021,0.06,False
2025-08-07 12:00:00,KuCoin,HTX,0.0332,0.005,0.0282,1.41,1.2(0.024%),0.21,0.021,0.06,False
2025-08-07 12:00:00,KuCoin,Bitunix,0.0332,0.005,0.0282,1.41,1.2(0.024%),0.21,0.021,0.06,False
2025-08-07 04:00:00,KuCoin,CoinEx,0.0261,0.0,0.0261,1.3,1.2(0.024%),0.1,0.0105,0.03,False
2025-08-07 04:00:00,KuCoin,Bybit,0.0261,0.005,0.0211,1.05,1.2(0.024%),-0.15,-0.0145,-0.04,False
2025-08-07 04:00:00,KuCoin,Binance,0.0261,0.005,0.0211,1.05,1.2(0.024%),-0.15,-0.0145,-0.04,False
2025-08-07 04:00:00,KuCoin,HTX,0.0261,0.005,0.0211,1.05,1.2(0.024%),-0.15,-0.0145,-0.04,False
2025-08-07 04:00:00,KuCoin,Bitunix,0.0261,0.005,0.0211,1.05,1.2(0.024%),-0.15,-0.0145,-0.04,False
2025-08-06 20:00:00,Bitunix,CoinEx,0.0183,-0.0139,0.0322,1.61,1.2(0.024%),0.41,0.041,0.12,False
2025-08-06 20:00:00,Bitunix,OKX,0.0183,-0.0024,0.0207,1.03,1.2(0.024%),-0.17,-0.0165,-0.05,False
2025-08-06 20:00:00,Bitunix,HTX,0.0183,-0.0022,0.0205,1.02,1.2(0.024%),-0.18,-0.0175,-0.05,False
2025-08-06 12:00:00,Bitunix,CoinEx,0.021,-0.0443,0.0653,3.26,1.2(0.024%),2.06,0.2065,0.62,False
2025-08-06 12:00:00,HTX,CoinEx,0.005,-0.0443,0.0493,2.46,1.2(0.024%),1.26,0.1265,0.38,False
2025-08-06 12:00:00,Bitunix,Gate,0.021,-0.0239,0.0449,2.25,1.2(0.024%),1.05,0.1045,0.31,False
2025-08-06 12:00:00,Bitunix,KuCoin,0.021,-0.0227,0.0437,2.19,1.2(0.024%),0.99,0.0985,0.3,False
2025-08-06 12:00:00,Bitunix,MEXC,0.021,-0.021,0.042,2.1,1.2(0.024%),0.9,0.09,0.27,False
2025-08-06 04:00:00,BingX,CoinEx,0.005,-0.0366,0.0416,2.08,1.2(0.024%),0.88,0.088,0.26,False
2025-08-06 04:00:00,Bitget,CoinEx,0.005,-0.0366,0.0416,2.08,1.2(0.024%),0.88,0.088,0.26,False
2025-08-06 04:00:00,Bybit,CoinEx,0.0008,-0.0366,0.0374,1.87,1.2(0.024%),0.67,0.067,0.2,False
2025-08-06 04:00:00,Bitget,OKX,0.005,-0.0268,0.0318,1.59,1.2(0.024%),0.39,0.039,0.12,False
2025-08-06 04:00:00,BingX,OKX,0.005,-0.0268,0.0318,1.59,1.2(0.024%),0.39,0.039,0.12,False
2025-08-05 20:00:00,Bitunix,CoinEx,0.0209,-0.0372,0.0581,2.91,1.2(0.024%),1.71,0.1705,0.51,False
2025-08-05 20:00:00,Bitunix,OKX,0.0209,-0.0222,0.0431,2.16,1.2(0.024%),0.96,0.0955,0.29,False
2025-08-05 20:00:00,BingX,CoinEx,0.0049,-0.0372,0.0421,2.1,1.2(0.024%),0.91,0.0905,0.27,False
2025-08-05 20:00:00,Bitunix,MEXC,0.0209,-0.0209,0.0418,2.09,1.2(0.024%),0.89,0.089,0.27,False
2025-08-05 20:00:00,Bitunix,Binance,0.0209,-0.0208,0.0417,2.08,1.2(0.024%),0.89,0.0885,0.27,False
2025-08-05 12:00:00,Bitunix,CoinEx,0.0159,-0.0321,0.048,2.4,1.2(0.024%),1.2,0.12,0.36,False
2025-08-05 12:00:00,KuCoin,CoinEx,0.0067,-0.0321,0.0388,1.94,1.2(0.024%),0.74,0.074,0.22,False
2025-08-05 12:00:00,Bybit,CoinEx,0.005,-0.0321,0.0371,1.85,1.2(0.024%),0.65,0.0655,0.2,False
2025-08-05 12:00:00,Gate,CoinEx,0.005,-0.0321,0.0371,1.85,1.2(0.024%),0.65,0.0655,0.2,False
2025-08-05 12:00:00,HTX,CoinEx,0.005,-0.0321,0.0371,1.85,1.2(0.024%),0.65,0.0655,0.2,False
2025-08-05 04:00:00,Bitunix,CoinEx,0.0126,-0.0344,0.047,2.35,1.2(0.024%),1.15,0.115,0.35,False
2025-08-05 04:00:00,KuCoin,CoinEx,0.0088,-0.0344,0.0432,2.16,1.2(0.024%),0.96,0.096,0.29,False
2025-08-05 04:00:00,Bybit,CoinEx,0.005,-0.0344,0.0394,1.97,1.2(0.024%),0.77,0.077,0.23,False
2025-08-05 04:00:00,BingX,CoinEx,0.005,-0.0344,0.0394,1.97,1.2(0.024%),0.77,0.077,0.23,False
2025-08-05 04:00:00,Bitget,CoinEx,0.005,-0.0344,0.0394,1.97,1.2(0.024%),0.77,0.077,0.23,False
2025-08-04 20:00:00,Bitunix,OKX,0.0388,-0.046,0.0848,4.24,1.2(0.024%),3.04,0.304,0.91,False
2025-08-04 20:00:00,Bitunix,MEXC,0.0388,-0.0384,0.0772,3.86,1.2(0.024%),2.66,0.266,0.8,False
2025-08-04 20:00:00,Bitunix,Binance,0.0388,-0.038,0.0768,3.84,1.2(0.024%),2.64,0.264,0.79,False
2025-08-04 20:00:00,Bitunix,CoinEx,0.0388,-0.0376,0.0764,3.82,1.2(0.024%),2.62,0.262,0.79,False
2025-08-04 20:00:00,Bitunix,HTX,0.0388,-0.0331,0.0719,3.59,1.2(0.024%),2.39,0.2395,0.72,False
2025-08-04 12:00:00,Bitunix,Bitget,0.0238,-0.038,0.0618,3.09,1.2(0.024%),1.89,0.189,0.57,False
2025-08-04 12:00:00,Bitunix,OKX,0.0238,-0.0351,0.0589,2.94,1.2(0.024%),1.74,0.1745,0.52,False
2025-08-04 12:00:00,Bitunix,Gate,0.0238,-0.0328,0.0566,2.83,1.2(0.024%),1.63,0.163,0.49,False
2025-08-04 12:00:00,Bitunix,CoinEx,0.0238,-0.0321,0.0559,2.8,1.2(0.024%),1.6,0.1595,0.48,False
2025-08-04 12:00:00,Bitunix,KuCoin,0.0238,-0.0275,0.0513,2.56,1.2(0.024%),1.36,0.1365,0.41,False
2025-08-04 04:00:00,Bitunix,CoinEx,0.0236,-0.0485,0.0721,3.6,1.2(0.024%),2.41,0.2405,0.72,False
2025-08-04 04:00:00,Bitunix,KuCoin,0.0236,-0.0385,0.0621,3.1,1.2(0.024%),1.91,0.1905,0.57,False
2025-08-04 04:00:00,Bitunix,Gate,0.0236,-0.0384,0.062,3.1,1.2(0.024%),1.9,0.19,0.57,False
2025-08-04 04:00:00,Bitunix,MEXC,0.0236,-0.0236,0.0472,2.36,1.2(0.024%),1.16,0.116,0.35,False
2025-08-04 04:00:00,Bitunix,Binance,0.0236,-0.0229,0.0465,2.32,1.2(0.024%),1.12,0.1125,0.34,False
2025-08-03 12:00:00,Binance,CoinEx,0.005,-0.0187,0.0237,1.19,1.2(0.024%),-0.01,-0.0015,-0.0,False
2025-08-03 12:00:00,OKX,CoinEx,0.005,-0.0187,0.0237,1.19,1.2(0.024%),-0.01,-0.0015,-0.0,False
2025-08-03 12:00:00,Bybit,CoinEx,0.005,-0.0187,0.0237,1.19,1.2(0.024%),-0.01,-0.0015,-0.0,False
2025-08-03 12:00:00,Bitget,CoinEx,0.005,-0.0187,0.0237,1.19,1.2(0.024%),-0.01,-0.0015,-0.0,False
2025-08-03 12:00:00,Bitunix,CoinEx,0.005,-0.0187,0.0237,1.19,1.2(0.024%),-0.01,-0.0015,-0.0,False
2025-08-03 04:00:00,OKX,CoinEx,0.005,-0.0367,0.0417,2.08,1.2(0.024%),0.89,0.0885,0.27,False
2025-08-03 04:00:00,BingX,CoinEx,0.005,-0.0367,0.0417,2.08,1.2(0.024%),0.89,0.0885,0.27,False
2025-08-03 04:00:00,Bybit,CoinEx,0.0024,-0.0367,0.0391,1.96,1.2(0.024%),0.76,0.0755,0.23,False
2025-08-03 04:00:00,Gate,CoinEx,-0.0038,-0.0367,0.0329,1.65,1.2(0.024%),0.45,0.0445,0.13,False
2025-08-03 04:00:00,KuCoin,CoinEx,-0.0049,-0.0367,0.0318,1.59,1.2(0.024%),0.39,0.039,0.12,False
2025-08-02 20:00:00,HTX,CoinEx,-0.0033,-0.0242,0.0209,1.04,1.2(0.024%),-0.16,-0.0155,-0.05,False
2025-08-02 12:00:00,HTX,CoinEx,0.0021,-0.0592,0.0613,3.07,1.2(0.024%),1.87,0.1865,0.56,False
2025-08-02 12:00:00,BingX,CoinEx,-0.003,-0.0592,0.0562,2.81,1.2(0.024%),1.61,0.161,0.48,False
2025-08-02 12:00:00,MEXC,CoinEx,-0.0038,-0.0592,0.0554,2.77,1.2(0.024%),1.57,0.157,0.47,False
2025-08-02 12:00:00,Bitunix,CoinEx,-0.0053,-0.0592,0.0539,2.69,1.2(0.024%),1.49,0.1495,0.45,False
2025-08-02 12:00:00,Binance,CoinEx,-0.0056,-0.0592,0.0536,2.68,1.2(0.024%),1.48,0.148,0.44,False
2025-08-02 04:00:00,HTX,CoinEx,-0.0034,-0.0485,0.0451,2.25,1.2(0.024%),1.05,0.1055,0.32,False
2025-08-02 04:00:00,BingX,CoinEx,-0.0053,-0.0485,0.0432,2.16,1.2(0.024%),0.96,0.096,0.29,False
2025-08-02 04:00:00,Bitget,CoinEx,-0.0069,-0.0485,0.0416,2.08,1.2(0.024%),0.88,0.088,0.26,False
2025-08-02 04:00:00,Binance,CoinEx,-0.0101,-0.0485,0.0384,1.92,1.2(0.024%),0.72,0.072,0.22,False
2025-08-02 04:00:00,Bitunix,CoinEx,-0.0105,-0.0485,0.038,1.9,1.2(0.024%),0.7,0.07,0.21,False
2025-08-01 20:00:00,Bybit,OKX,0.005,-0.0198,0.0248,1.24,1.2(0.024%),0.04,0.004,0.01,False
2025-08-01 20:00:00,Bitget,OKX,0.005,-0.0198,0.0248,1.24,1.2(0.024%),0.04,0.004,0.01,False
2025-08-01 20:00:00,BingX,OKX,0.005,-0.0198,0.0248,1.24,1.2(0.024%),0.04,0.004,0.01,False
2025-08-01 20:00:00,Bitget,KuCoin,0.005,-0.0185,0.0235,1.18,1.2(0.024%),-0.02,-0.0025,-0.01,False
2025-08-01 20:00:00,BingX,KuCoin,0.005,-0.0185,0.0235,1.18,1.2(0.024%),-0.02,-0.0025,-0.01,False
2025-08-01 04:00:00,HTX,CoinEx,-0.002,-0.038,0.036,1.8,1.2(0.024%),0.6,0.06,0.18,False
2025-08-01 04:00:00,HTX,KuCoin,-0.002,-0.0333,0.0313,1.57,1.2(0.024%),0.37,0.0365,0.11,False
2025-08-01 04:00:00,HTX,OKX,-0.002,-0.0321,0.0301,1.5,1.2(0.024%),0.3,0.0305,0.09,False
2025-08-01 04:00:00,BingX,CoinEx,-0.0105,-0.038,0.0275,1.37,1.2(0.024%),0.17,0.0175,0.05,False
2025-08-01 04:00:00,Gate,CoinEx,-0.0147,-0.038,0.0233,1.17,1.2(0.024%),-0.03,-0.0035,-0.01,False
2025-07-31 20:00:00,BingX,OKX,-0.0117,-0.0411,0.0294,1.47,1.2(0.024%),0.27,0.027,0.08,False
2025-07-31 20:00:00,BingX,CoinEx,-0.0117,-0.0382,0.0265,1.32,1.2(0.024%),0.12,0.0125,0.04,False
2025-07-31 20:00:00,Bitget,OKX,-0.0166,-0.0411,0.0245,1.22,1.2(0.024%),0.02,0.0025,0.01,False
2025-07-31 20:00:00,Bybit,OKX,-0.0182,-0.0411,0.0229,1.14,1.2(0.024%),-0.06,-0.0055,-0.02,False
2025-07-31 20:00:00,Gate,OKX,-0.0193,-0.0411,0.0218,1.09,1.2(0.024%),-0.11,-0.011,-0.03,False
2025-07-31 12:00:00,Bitunix,CoinEx,0.0194,-0.0455,0.0649,3.24,1.2(0.024%),2.04,0.2045,0.61,False
2025-07-31 12:00:00,BingX,CoinEx,0.005,-0.0455,0.0505,2.52,1.2(0.024%),1.32,0.1325,0.4,False
2025-07-31 12:00:00,Bybit,CoinEx,0.005,-0.0455,0.0505,2.52,1.2(0.024%),1.32,0.1325,0.4,False
2025-07-31 12:00:00,HTX,CoinEx,0.0023,-0.0455,0.0478,2.39,1.2(0.024%),1.19,0.119,0.36,False
2025-07-31 12:00:00,Bitunix,KuCoin,0.0194,-0.0255,0.0449,2.24,1.2(0.024%),1.04,0.1045,0.31,False
2025-07-30 20:00:00,Bitunix,CoinEx,0.017,-0.0355,0.0525,2.62,1.2(0.024%),1.43,0.1425,0.43,False
2025-07-30 20:00:00,KuCoin,CoinEx,0.0103,-0.0355,0.0458,2.29,1.2(0.024%),1.09,0.109,0.33,False
2025-07-30 20:00:00,Bitunix,HTX,0.017,-0.0237,0.0407,2.04,1.2(0.024%),0.84,0.0835,0.25,False
2025-07-30 20:00:00,BingX,CoinEx,0.005,-0.0355,0.0405,2.02,1.2(0.024%),0.82,0.0825,0.25,False
2025-07-30 20:00:00,Bybit,CoinEx,0.005,-0.0355,0.0405,2.02,1.2(0.024%),0.82,0.0825,0.25,False
2025-07-30 12:00:00,Bitunix,CoinEx,0.0142,-0.0369,0.0511,2.56,1.2(0.024%),1.36,0.1355,0.41,False
2025-07-30 12:00:00,BingX,CoinEx,0.005,-0.0369,0.0419,2.09,1.2(0.024%),0.89,0.0895,0.27,False
2025-07-30 12:00:00,Bybit,CoinEx,0.005,-0.0369,0.0419,2.09,1.2(0.024%),0.89,0.0895,0.27,False
2025-07-30 12:00:00,HTX,CoinEx,-0.0036,-0.0369,0.0333,1.67,1.2(0.024%),0.47,0.0465,0.14,False
2025-07-30 12:00:00,Bitunix,Gate,0.0142,-0.0146,0.0288,1.44,1.2(0.024%),0.24,0.024,0.07,False
2025-07-30 04:00:00,Bybit,HTX,0.005,-0.0239,0.0289,1.45,1.2(0.024%),0.25,0.0245,0.07,False
2025-07-30 04:00:00,BingX,HTX,0.005,-0.0239,0.0289,1.45,1.2(0.024%),0.25,0.0245,0.07,False
2025-07-30 04:00:00,Gate,HTX,0.0045,-0.0239,0.0284,1.42,1.2(0.024%),0.22,0.022,0.07,False
2025-07-30 04:00:00,OKX,HTX,0.003,-0.0239,0.0269,1.34,1.2(0.024%),0.15,0.0145,0.04,False
2025-07-30 04:00:00,Bitget,HTX,0.003,-0.0239,0.0269,1.34,1.2(0.024%),0.15,0.0145,0.04,False
2025-07-29 20:00:00,Bitunix,CoinEx,0.0125,-0.0271,0.0396,1.98,1.2(0.024%),0.78,0.078,0.23,False
2025-07-29 20:00:00,Bitunix,HTX,0.0125,-0.0237,0.0362,1.81,1.2(0.024%),0.61,0.061,0.18,False
2025-07-29 20:00:00,Bitunix,OKX,0.0125,-0.0203,0.0328,1.64,1.2(0.024%),0.44,0.044,0.13,False
2025-07-29 20:00:00,BingX,CoinEx,0.005,-0.0271,0.0321,1.6,1.2(0.024%),0.4,0.0405,0.12,False
2025-07-29 20:00:00,Bybit,CoinEx,0.005,-0.0271,0.0321,1.6,1.2(0.024%),0.4,0.0405,0.12,False
2025-07-29 12:00:00,Bitunix,CoinEx,0.0155,-0.0425,0.058,2.9,1.2(0.024%),1.7,0.17,0.51,False
2025-07-29 12:00:00,Gate,CoinEx,0.005,-0.0425,0.0475,2.38,1.2(0.024%),1.18,0.1175,0.35,False
2025-07-29 12:00:00,Bitunix,HTX,0.0155,-0.028,0.0435,2.17,1.2(0.024%),0.97,0.0975,0.29,False
2025-07-29 12:00:00,BingX,CoinEx,0.0007,-0.0425,0.0432,2.16,1.2(0.024%),0.96,0.096,0.29,False
2025-07-29 12:00:00,Bybit,CoinEx,0.0002,-0.0425,0.0427,2.14,1.2(0.024%),0.94,0.0935,0.28,False
2025-07-29 04:00:00,Bybit,CoinEx,0.005,-0.021,0.026,1.3,1.2(0.024%),0.1,0.01,0.03,False
2025-07-29 04:00:00,OKX,CoinEx,0.005,-0.021,0.026,1.3,1.2(0.024%),0.1,0.01,0.03,False
2025-07-29 04:00:00,BingX,CoinEx,0.005,-0.021,0.026,1.3,1.2(0.024%),0.1,0.01,0.03,False
2025-07-29 04:00:00,Bitget,CoinEx,0.005,-0.021,0.026,1.3,1.2(0.024%),0.1,0.01,0.03,False
2025-07-29 04:00:00,Binance,CoinEx,0.0048,-0.021,0.0258,1.29,1.2(0.024%),0.09,0.009,0.03,False
2025-07-28 20:00:00,Bybit,CoinEx,0.005,-0.0277,0.0327,1.63,1.2(0.024%),0.43,0.0435,0.13,False
2025-07-28 20:00:00,BingX,CoinEx,0.005,-0.0277,0.0327,1.63,1.2(0.024%),0.43,0.0435,0.13,False
2025-07-28 20:00:00,OKX,CoinEx,0.004,-0.0277,0.0317,1.58,1.2(0.024%),0.39,0.0385,0.12,False
2025-07-28 20:00:00,KuCoin,CoinEx,0.0024,-0.0277,0.0301,1.5,1.2(0.024%),0.3,0.0305,0.09,False
2025-07-28 20:00:00,Bitunix,CoinEx,0.0015,-0.0277,0.0292,1.46,1.2(0.024%),0.26,0.026,0.08,False
2025-07-27 20:00:00,Bybit,HTX,0.005,-0.0153,0.0203,1.01,1.2(0.024%),-0.19,-0.0185,-0.06,False
2025-07-27 20:00:00,Bitget,HTX,0.005,-0.0153,0.0203,1.01,1.2(0.024%),-0.19,-0.0185,-0.06,False
2025-07-27 20:00:00,BingX,HTX,0.005,-0.0153,0.0203,1.01,1.2(0.024%),-0.19,-0.0185,-0.06,False
2025-07-27 20:00:00,Bitget,CoinEx,0.005,-0.0151,0.0201,1.01,1.2(0.024%),-0.19,-0.0195,-0.06,False
2025-07-27 20:00:00,BingX,CoinEx,0.005,-0.0151,0.0201,1.01,1.2(0.024%),-0.19,-0.0195,-0.06,False
2025-07-27 12:00:00,KuCoin,CoinEx,0.0181,-0.0107,0.0288,1.44,1.2(0.024%),0.24,0.024,0.07,False
2025-07-27 04:00:00,Bybit,KuCoin,0.005,-0.0497,0.0547,2.73,1.2(0.024%),1.53,0.1535,0.46,False
2025-07-27 04:00:00,HTX,KuCoin,0.005,-0.0497,0.0547,2.73,1.2(0.024%),1.53,0.1535,0.46,False
2025-07-27 04:00:00,OKX,KuCoin,0.005,-0.0497,0.0547,2.73,1.2(0.024%),1.53,0.1535,0.46,False
2025-07-27 04:00:00,Bitget,KuCoin,0.005,-0.0497,0.0547,2.73,1.2(0.024%),1.53,0.1535,0.46,False
2025-07-27 04:00:00,BingX,KuCoin,0.005,-0.0497,0.0547,2.73,1.2(0.024%),1.53,0.1535,0.46,False
2025-07-26 20:00:00,Bitunix,HTX,0.0264,-0.0708,0.0972,4.86,1.2(0.024%),3.66,0.366,1.1,False
2025-07-26 20:00:00,Bitunix,Bybit,0.0264,-0.0566,0.083,4.15,1.2(0.024%),2.95,0.295,0.88,False
2025-07-26 20:00:00,Bitunix,KuCoin,0.0264,-0.0494,0.0758,3.79,1.2(0.024%),2.59,0.259,0.78,False
2025-07-26 20:00:00,Bitunix,CoinEx,0.0264,-0.0477,0.0741,3.71,1.2(0.024%),2.5,0.2505,0.75,False
2025-07-26 20:00:00,Bitunix,Bitget,0.0264,-0.038,0.0644,3.22,1.2(0.024%),2.02,0.202,0.61,False
2025-07-26 12:00:00,Binance,HTX,0.005,-0.0448,0.0498,2.49,1.2(0.024%),1.29,0.129,0.39,False
2025-07-26 12:00:00,OKX,HTX,0.005,-0.0448,0.0498,2.49,1.2(0.024%),1.29,0.129,0.39,False
2025-07-26 12:00:00,Bybit,HTX,0.005,-0.0448,0.0498,2.49,1.2(0.024%),1.29,0.129,0.39,False
2025-07-26 12:00:00,Bitunix,HTX,0.005,-0.0448,0.0498,2.49,1.2(0.024%),1.29,0.129,0.39,False
2025-07-26 12:00:00,MEXC,HTX,0.005,-0.0448,0.0498,2.49,1.2(0.024%),1.29,0.129,0.39,False
2025-07-26 04:00:00,OKX,KuCoin,0.0025,-0.0954,0.0979,4.9,1.2(0.024%),3.7,0.3695,1.11,False
2025-07-26 04:00:00,BingX,KuCoin,0.0012,-0.0954,0.0966,4.83,1.2(0.024%),3.63,0.363,1.09,False
2025-07-26 04:00:00,Bitunix,KuCoin,-0.0042,-0.0954,0.0912,4.56,1.2(0.024%),3.36,0.336,1.01,False
2025-07-26 04:00:00,OKX,CoinEx,0.0025,-0.0868,0.0893,4.46,1.2(0.024%),3.26,0.3265,0.98,False
2025-07-26 04:00:00,BingX,CoinEx,0.0012,-0.0868,0.088,4.4,1.2(0.024%),3.2,0.32,0.96,False
2025-07-25 20:00:00,BingX,Bybit,-0.0235,-0.0912,0.0677,3.39,1.2(0.024%),2.19,0.2185,0.66,False
2025-07-25 20:00:00,BingX,HTX,-0.0235,-0.089,0.0655,3.27,1.2(0.024%),2.08,0.2075,0.62,False
2025-07-25 20:00:00,BingX,KuCoin,-0.0235,-0.0833,0.0598,2.99,1.2(0.024%),1.79,0.179,0.54,False
2025-07-25 20:00:00,Bitget,Bybit,-0.0338,-0.0912,0.0574,2.87,1.2(0.024%),1.67,0.167,0.5,False
2025-07-25 20:00:00,Bitget,HTX,-0.0338,-0.089,0.0552,2.76,1.2(0.024%),1.56,0.156,0.47,False
2025-07-25 12:00:00,Bitunix,KuCoin,0.0303,-0.0779,0.1082,5.41,1.2(0.024%),4.21,0.421,1.26,False
2025-07-25 12:00:00,Bitunix,CoinEx,0.0303,-0.0732,0.1035,5.18,1.2(0.024%),3.98,0.3975,1.19,False
2025-07-25 12:00:00,Bitget,KuCoin,0.005,-0.0779,0.0829,4.14,1.2(0.024%),2.94,0.2945,0.88,False
2025-07-25 12:00:00,BingX,KuCoin,0.0048,-0.0779,0.0827,4.13,1.2(0.024%),2.93,0.2935,0.88,False
2025-07-25 12:00:00,Bitget,CoinEx,0.005,-0.0732,0.0782,3.91,1.2(0.024%),2.71,0.271,0.81,False
2025-07-25 04:00:00,Bitunix,KuCoin,0.1882,-0.216,0.4042,20.21,1.2(0.024%),19.01,1.901,5.7,False
2025-07-25 04:00:00,Bitunix,MEXC,0.1882,-0.1882,0.3764,18.82,1.2(0.024%),17.62,1.762,5.29,False
2025-07-25 04:00:00,Bitunix,Binance,0.1882,-0.1847,0.3729,18.64,1.2(0.024%),17.45,1.7445,5.23,False
2025-07-25 04:00:00,Bitunix,Bybit,0.1882,-0.161,0.3492,17.46,1.2(0.024%),16.26,1.626,4.88,False
2025-07-25 04:00:00,Bitunix,OKX,0.1882,-0.1542,0.3424,17.12,1.2(0.024%),15.92,1.592,4.78,False
2025-07-24 20:00:00,HTX,KuCoin,0.005,-0.0754,0.0804,4.02,1.2(0.024%),2.82,0.282,0.85,False
2025-07-24 20:00:00,HTX,CoinEx,0.005,-0.058,0.063,3.15,1.2(0.024%),1.95,0.195,0.58,False
2025-07-24 20:00:00,HTX,Gate,0.005,-0.0512,0.0562,2.81,1.2(0.024%),1.61,0.161,0.48,False
2025-07-24 20:00:00,BingX,KuCoin,-0.02,-0.0754,0.0554,2.77,1.2(0.024%),1.57,0.157,0.47,False
2025-07-24 20:00:00,HTX,Bybit,0.005,-0.0415,0.0465,2.32,1.2(0.024%),1.12,0.1125,0.34,False
2025-07-24 12:00:00,Bitunix,KuCoin,0.0117,-0.0573,0.069,3.45,1.2(0.024%),2.25,0.225,0.67,False
2025-07-24 12:00:00,HTX,KuCoin,0.005,-0.0573,0.0623,3.11,1.2(0.024%),1.91,0.1915,0.57,False
2025-07-24 12:00:00,Bybit,KuCoin,0.005,-0.0573,0.0623,3.11,1.2(0.024%),1.91,0.1915,0.57,False
2025-07-24 12:00:00,BingX,KuCoin,0.005,-0.0573,0.0623,3.11,1.2(0.024%),1.91,0.1915,0.57,False
2025-07-24 12:00:00,Bitget,KuCoin,0.005,-0.0573,0.0623,3.11,1.2(0.024%),1.91,0.1915,0.57,False
2025-07-24 04:00:00,Bitunix,OKX,0.0293,-0.0685,0.0978,4.89,1.2(0.024%),3.69,0.369,1.11,False
2025-07-24 04:00:00,Bitunix,KuCoin,0.0293,-0.045,0.0743,3.72,1.2(0.024%),2.52,0.2515,0.75,False
2025-07-24 04:00:00,HTX,OKX,0.005,-0.0685,0.0735,3.68,1.2(0.024%),2.48,0.2475,0.74,False
2025-07-24 04:00:00,Bitunix,Bybit,0.0293,-0.0419,0.0712,3.56,1.2(0.024%),2.36,0.236,0.71,False
2025-07-24 04:00:00,CoinEx,OKX,0.0,-0.0685,0.0685,3.43,1.2(0.024%),2.23,0.2225,0.67,False
2025-07-23 20:00:00,BingX,KuCoin,0.005,-0.0668,0.0718,3.59,1.2(0.024%),2.39,0.239,0.72,False
2025-07-23 20:00:00,Bitget,KuCoin,0.005,-0.0668,0.0718,3.59,1.2(0.024%),2.39,0.239,0.72,False
2025-07-23 20:00:00,HTX,KuCoin,0.005,-0.0668,0.0718,3.59,1.2(0.024%),2.39,0.239,0.72,False
2025-07-23 20:00:00,Bybit,KuCoin,0.0021,-0.0668,0.0689,3.45,1.2(0.024%),2.25,0.2245,0.67,False
2025-07-23 20:00:00,HTX,CoinEx,0.005,-0.0495,0.0545,2.73,1.2(0.024%),1.53,0.1525,0.46,False
2025-07-23 12:00:00,HTX,Binance,0.005,-0.0887,0.0937,4.68,1.2(0.024%),3.48,0.3485,1.05,False
2025-07-23 12:00:00,HTX,Bitunix,0.005,-0.0854,0.0904,4.52,1.2(0.024%),3.32,0.332,1.0,False
2025-07-23 12:00:00,HTX,MEXC,0.005,-0.0854,0.0904,4.52,1.2(0.024%),3.32,0.332,1.0,False
2025-07-23 12:00:00,HTX,KuCoin,0.005,-0.0752,0.0802,4.01,1.2(0.024%),2.81,0.281,0.84,False
2025-07-23 12:00:00,BingX,Binance,-0.015,-0.0887,0.0737,3.69,1.2(0.024%),2.49,0.2485,0.75,False
2025-07-23 04:00:00,Bybit,KuCoin,0.005,-0.0373,0.0423,2.11,1.2(0.024%),0.91,0.0915,0.27,False
2025-07-23 04:00:00,HTX,KuCoin,0.005,-0.0373,0.0423,2.11,1.2(0.024%),0.91,0.0915,0.27,False
2025-07-23 04:00:00,BingX,KuCoin,0.005,-0.0373,0.0423,2.11,1.2(0.024%),0.91,0.0915,0.27,False
2025-07-23 04:00:00,Gate,KuCoin,0.005,-0.0373,0.0423,2.11,1.2(0.024%),0.91,0.0915,0.27,False
2025-07-23 04:00:00,Bitget,KuCoin,0.005,-0.0373,0.0423,2.11,1.2(0.024%),0.91,0.0915,0.27,False
2025-07-22 20:00:00,Binance,KuCoin,0.005,-0.0193,0.0243,1.22,1.2(0.024%),0.02,0.0015,0.0,False
2025-07-22 20:00:00,Bybit,KuCoin,0.005,-0.0193,0.0243,1.22,1.2(0.024%),0.02,0.0015,0.0,False
2025-07-22 20:00:00,Bitunix,KuCoin,0.005,-0.0193,0.0243,1.22,1.2(0.024%),0.02,0.0015,0.0,False
2025-07-22 20:00:00,BingX,KuCoin,0.005,-0.0193,0.0243,1.22,1.2(0.024%),0.02,0.0015,0.0,False
2025-07-22 20:00:00,Bitget,KuCoin,0.005,-0.0193,0.0243,1.22,1.2(0.024%),0.02,0.0015,0.0,False
2025-07-22 12:00:00,Bybit,KuCoin,0.005,-0.0248,0.0298,1.49,1.2(0.024%),0.29,0.029,0.09,False
2025-07-22 12:00:00,HTX,KuCoin,0.005,-0.0248,0.0298,1.49,1.2(0.024%),0.29,0.029,0.09,False
2025-07-22 12:00:00,BingX,KuCoin,0.005,-0.0248,0.0298,1.49,1.2(0.024%),0.29,0.029,0.09,False
2025-07-22 12:00:00,Gate,KuCoin,0.005,-0.0248,0.0298,1.49,1.2(0.024%),0.29,0.029,0.09,False
2025-07-22 12:00:00,Bitget,KuCoin,0.005,-0.0248,0.0298,1.49,1.2(0.024%),0.29,0.029,0.09,False
2025-07-22 04:00:00,Binance,KuCoin,0.005,-0.0224,0.0274,1.37,1.2(0.024%),0.17,0.017,0.05,False
2025-07-22 04:00:00,Bybit,KuCoin,0.005,-0.0224,0.0274,1.37,1.2(0.024%),0.17,0.017,0.05,False
2025-07-22 04:00:00,Bitunix,KuCoin,0.005,-0.0224,0.0274,1.37,1.2(0.024%),0.17,0.017,0.05,False
2025-07-22 04:00:00,BingX,KuCoin,0.005,-0.0224,0.0274,1.37,1.2(0.024%),0.17,0.017,0.05,False
2025-07-22 04:00:00,Bitget,KuCoin,0.005,-0.0224,0.0274,1.37,1.2(0.024%),0.17,0.017,0.05,False
2025-07-21 20:00:00,Binance,KuCoin,0.005,-0.0202,0.0252,1.26,1.2(0.024%),0.06,0.006,0.02,False
2025-07-21 20:00:00,Bybit,KuCoin,0.005,-0.0202,0.0252,1.26,1.2(0.024%),0.06,0.006,0.02,False
2025-07-21 20:00:00,Bitunix,KuCoin,0.005,-0.0202,0.0252,1.26,1.2(0.024%),0.06,0.006,0.02,False
2025-07-21 20:00:00,BingX,KuCoin,0.005,-0.0202,0.0252,1.26,1.2(0.024%),0.06,0.006,0.02,False
2025-07-21 20:00:00,Bitget,KuCoin,0.005,-0.0202,0.0252,1.26,1.2(0.024%),0.06,0.006,0.02,False
2025-07-21 04:00:00,Binance,KuCoin,0.005,-0.0442,0.0492,2.46,1.2(0.024%),1.26,0.126,0.38,False
2025-07-21 04:00:00,Bybit,KuCoin,0.005,-0.0442,0.0492,2.46,1.2(0.024%),1.26,0.126,0.38,False
2025-07-21 04:00:00,Bitunix,KuCoin,0.005,-0.0442,0.0492,2.46,1.2(0.024%),1.26,0.126,0.38,False
2025-07-21 04:00:00,BingX,KuCoin,0.005,-0.0442,0.0492,2.46,1.2(0.024%),1.26,0.126,0.38,False
2025-07-21 04:00:00,Bitget,KuCoin,0.005,-0.0442,0.0492,2.46,1.2(0.024%),1.26,0.126,0.38,False
2025-07-20 20:00:00,CoinEx,KuCoin,0.0313,0.0027,0.0286,1.43,1.2(0.024%),0.23,0.023,0.07,False
2025-07-20 20:00:00,CoinEx,OKX,0.0313,0.005,0.0263,1.31,1.2(0.024%),0.11,0.0115,0.03,False
2025-07-20 20:00:00,CoinEx,Binance,0.0313,0.005,0.0263,1.31,1.2(0.024%),0.11,0.0115,0.03,False
2025-07-20 20:00:00,CoinEx,Gate,0.0313,0.005,0.0263,1.31,1.2(0.024%),0.11,0.0115,0.03,False
2025-07-20 20:00:00,CoinEx,Bitget,0.0313,0.005,0.0263,1.31,1.2(0.024%),0.11,0.0115,0.03,False
2025-07-20 12:00:00,Binance,KuCoin,0.005,-0.0234,0.0284,1.42,1.2(0.024%),0.22,0.022,0.07,False
2025-07-20 12:00:00,Bybit,KuCoin,0.005,-0.0234,0.0284,1.42,1.2(0.024%),0.22,0.022,0.07,False
2025-07-20 12:00:00,Bitunix,KuCoin,0.005,-0.0234,0.0284,1.42,1.2(0.024%),0.22,0.022,0.07,False
2025-07-20 12:00:00,Bitget,KuCoin,0.005,-0.0234,0.0284,1.42,1.2(0.024%),0.22,0.022,0.07,False
2025-07-20 12:00:00,BingX,KuCoin,0.005,-0.0234,0.0284,1.42,1.2(0.024%),0.22,0.022,0.07,False
